[     104ms] [INFO] %cDownload the React DevTools for a better development experience: https://react.dev/link/react-devtools font-weight:bold @ http://localhost:3000/_next/static/chunks/node_modules_next_dist_1e8vcs8._.js:776
[     121ms] [LOG] [HMR] connected @ http://localhost:3000/_next/static/chunks/node_modules_next_dist_1e8vcs8._.js:776
[   35496ms] [LOG] [Fast Refresh] rebuilding @ http://localhost:3000/_next/static/chunks/node_modules_next_dist_1e8vcs8._.js:776
[   42129ms] [ERROR] Failed to load resource: the server responded with a status of 401 (Unauthorized) @ http://localhost:3000/api/applications:0
[   63147ms] [ERROR] Failed to load resource: the server responded with a status of 401 (Unauthorized) @ http://localhost:3000/api/assessment-invitations:0
[   73496ms] [ERROR] Failed to load resource: the server responded with a status of 400 (Bad Request) @ http://localhost:3000/api/assessment-attempts/not-a-uuid:0
[   76316ms] [ERROR] Failed to load resource: the server responded with a status of 400 (Bad Request) @ http://localhost:3000/api/assessment-reviews/not-a-uuid:0
[   76318ms] [LOG] [Fast Refresh] done in 40932ms @ http://localhost:3000/_next/static/chunks/node_modules_next_dist_1e8vcs8._.js:776
[   77270ms] [ERROR] Failed to load resource: the server responded with a status of 401 (Unauthorized) @ http://localhost:3000/api/notifications:0
[  125913ms] [LOG] [Fast Refresh] rebuilding @ http://localhost:3000/_next/static/chunks/node_modules_next_dist_1e8vcs8._.js:776
[  125913ms] [LOG] [Fast Refresh] done in 110ms @ http://localhost:3000/_next/static/chunks/node_modules_next_dist_1e8vcs8._.js:776
[  283893ms] [LOG] [Fast Refresh] rebuilding @ http://localhost:3000/_next/static/chunks/node_modules_next_dist_1e8vcs8._.js:776
[  284002ms] [LOG] [Fast Refresh] done in 218ms @ http://localhost:3000/_next/static/chunks/node_modules_next_dist_1e8vcs8._.js:776
[  425315ms] [LOG] [Fast Refresh] rebuilding @ http://localhost:3000/_next/static/chunks/node_modules_next_dist_1e8vcs8._.js:776
[  425369ms] [LOG] [Fast Refresh] done in 158ms @ http://localhost:3000/_next/static/chunks/node_modules_next_dist_1e8vcs8._.js:776
[  449224ms] [LOG] [Fast Refresh] rebuilding @ http://localhost:3000/_next/static/chunks/node_modules_next_dist_1e8vcs8._.js:776
[  449547ms] [LOG] [Fast Refresh] done in 437ms @ http://localhost:3000/_next/static/chunks/node_modules_next_dist_1e8vcs8._.js:776
[  451983ms] [LOG] [Fast Refresh] rebuilding @ http://localhost:3000/_next/static/chunks/node_modules_next_dist_1e8vcs8._.js:776
[  452627ms] [LOG] [Fast Refresh] done in 751ms @ http://localhost:3000/_next/static/chunks/node_modules_next_dist_1e8vcs8._.js:776
[  482183ms] [LOG] [Fast Refresh] rebuilding @ http://localhost:3000/_next/static/chunks/node_modules_next_dist_1e8vcs8._.js:776
[  482183ms] [LOG] [Fast Refresh] done in 100ms @ http://localhost:3000/_next/static/chunks/node_modules_next_dist_1e8vcs8._.js:776
[  482609ms] [LOG] [Fast Refresh] rebuilding @ http://localhost:3000/_next/static/chunks/node_modules_next_dist_1e8vcs8._.js:776
[  482627ms] [LOG] [Fast Refresh] done in 126ms @ http://localhost:3000/_next/static/chunks/node_modules_next_dist_1e8vcs8._.js:776
[  487918ms] [LOG] [Fast Refresh] rebuilding @ http://localhost:3000/_next/static/chunks/node_modules_next_dist_1e8vcs8._.js:776
[  488865ms] [LOG] [Fast Refresh] done in 1054ms @ http://localhost:3000/_next/static/chunks/node_modules_next_dist_1e8vcs8._.js:776
[  562026ms] [ERROR] WebSocket connection to 'ws://localhost:3000/_next/hmr?id=AlEJ-EvAKof7KlknR2DKh' failed: Error in connection establishment: net::ERR_CONNECTION_REFUSED @ http://localhost:3000/_next/static/chunks/node_modules_next_dist_client_0_90u2t._.js:16256
[  565388ms] [ERROR] WebSocket connection to 'ws://localhost:3000/_next/hmr?id=AlEJ-EvAKof7KlknR2DKh' failed: Error in connection establishment: net::ERR_CONNECTION_REFUSED @ http://localhost:3000/_next/static/chunks/node_modules_next_dist_client_0_90u2t._.js:16256
[  568759ms] [ERROR] WebSocket connection to 'ws://localhost:3000/_next/hmr?id=AlEJ-EvAKof7KlknR2DKh' failed: Error in connection establishment: net::ERR_CONNECTION_REFUSED @ http://localhost:3000/_next/static/chunks/node_modules_next_dist_client_0_90u2t._.js:16256
[  572128ms] [ERROR] WebSocket connection to 'ws://localhost:3000/_next/hmr?id=AlEJ-EvAKof7KlknR2DKh' failed: Error in connection establishment: net::ERR_CONNECTION_REFUSED @ http://localhost:3000/_next/static/chunks/node_modules_next_dist_client_0_90u2t._.js:16256
[  575500ms] [ERROR] WebSocket connection to 'ws://localhost:3000/_next/hmr?id=AlEJ-EvAKof7KlknR2DKh' failed: Error in connection establishment: net::ERR_CONNECTION_REFUSED @ http://localhost:3000/_next/static/chunks/node_modules_next_dist_client_0_90u2t._.js:16256
[  582869ms] [ERROR] WebSocket connection to 'ws://localhost:3000/_next/hmr?id=AlEJ-EvAKof7KlknR2DKh' failed: Error in connection establishment: net::ERR_CONNECTION_REFUSED @ http://localhost:3000/_next/static/chunks/node_modules_next_dist_client_0_90u2t._.js:16256
[  590248ms] [ERROR] WebSocket connection to 'ws://localhost:3000/_next/hmr?id=AlEJ-EvAKof7KlknR2DKh' failed: Error in connection establishment: net::ERR_CONNECTION_REFUSED @ http://localhost:3000/_next/static/chunks/node_modules_next_dist_client_0_90u2t._.js:16256
[  597627ms] [ERROR] WebSocket connection to 'ws://localhost:3000/_next/hmr?id=AlEJ-EvAKof7KlknR2DKh' failed: Error in connection establishment: net::ERR_CONNECTION_REFUSED @ http://localhost:3000/_next/static/chunks/node_modules_next_dist_client_0_90u2t._.js:16256
[  605013ms] [ERROR] WebSocket connection to 'ws://localhost:3000/_next/hmr?id=AlEJ-EvAKof7KlknR2DKh' failed: Error in connection establishment: net::ERR_CONNECTION_REFUSED @ http://localhost:3000/_next/static/chunks/node_modules_next_dist_client_0_90u2t._.js:16256
[  612397ms] [ERROR] WebSocket connection to 'ws://localhost:3000/_next/hmr?id=AlEJ-EvAKof7KlknR2DKh' failed: Error in connection establishment: net::ERR_CONNECTION_REFUSED @ http://localhost:3000/_next/static/chunks/node_modules_next_dist_client_0_90u2t._.js:16256
[  619842ms] [ERROR] WebSocket connection to 'ws://localhost:3000/_next/hmr?id=AlEJ-EvAKof7KlknR2DKh' failed: Error in connection establishment: net::ERR_CONNECTION_REFUSED @ http://localhost:3000/_next/static/chunks/node_modules_next_dist_client_0_90u2t._.js:16256
[  627286ms] [ERROR] WebSocket connection to 'ws://localhost:3000/_next/hmr?id=AlEJ-EvAKof7KlknR2DKh' failed: Error in connection establishment: net::ERR_CONNECTION_REFUSED @ http://localhost:3000/_next/static/chunks/node_modules_next_dist_client_0_90u2t._.js:16256
[  670788ms] [INFO] %cDownload the React DevTools for a better development experience: https://react.dev/link/react-devtools font-weight:bold @ http://localhost:3000/_next/static/chunks/node_modules_next_dist_1e8vcs8._.js:776
[  670835ms] [LOG] [HMR] connected @ http://localhost:3000/_next/static/chunks/node_modules_next_dist_1e8vcs8._.js:776
[  686254ms] [LOG] [HMR] connected @ http://localhost:3000/_next/static/chunks/node_modules_next_dist_1e8vcs8._.js:776
[  689811ms] [INFO] %cDownload the React DevTools for a better development experience: https://react.dev/link/react-devtools font-weight:bold @ http://localhost:3000/_next/static/chunks/node_modules_next_dist_1e8vcs8._.js:776
[  689831ms] [LOG] [HMR] connected @ http://localhost:3000/_next/static/chunks/node_modules_next_dist_1e8vcs8._.js:776
[  704886ms] [LOG] [Fast Refresh] rebuilding @ http://localhost:3000/_next/static/chunks/node_modules_next_dist_1e8vcs8._.js:776
[  708004ms] [LOG] [Fast Refresh] done in 3149ms @ http://localhost:3000/_next/static/chunks/node_modules_next_dist_1e8vcs8._.js:776
[  708065ms] [LOG] [Fast Refresh] done in 3149ms @ http://localhost:3000/_next/static/chunks/node_modules_next_dist_1e8vcs8._.js:776
[  708150ms] [LOG] [Fast Refresh] done in 3149ms @ http://localhost:3000/_next/static/chunks/node_modules_next_dist_1e8vcs8._.js:776
[  708210ms] [LOG] [Fast Refresh] done in 3149ms @ http://localhost:3000/_next/static/chunks/node_modules_next_dist_1e8vcs8._.js:776
[  708272ms] [LOG] [Fast Refresh] done in 3149ms @ http://localhost:3000/_next/static/chunks/node_modules_next_dist_1e8vcs8._.js:776
[  708335ms] [LOG] [Fast Refresh] done in 3149ms @ http://localhost:3000/_next/static/chunks/node_modules_next_dist_1e8vcs8._.js:776
[  708397ms] [LOG] [Fast Refresh] done in 3149ms @ http://localhost:3000/_next/static/chunks/node_modules_next_dist_1e8vcs8._.js:776
[  708458ms] [LOG] [Fast Refresh] done in 3149ms @ http://localhost:3000/_next/static/chunks/node_modules_next_dist_1e8vcs8._.js:776
[  708522ms] [LOG] [Fast Refresh] done in 3149ms @ http://localhost:3000/_next/static/chunks/node_modules_next_dist_1e8vcs8._.js:776
[  708583ms] [LOG] [Fast Refresh] done in 3149ms @ http://localhost:3000/_next/static/chunks/node_modules_next_dist_1e8vcs8._.js:776
[  708644ms] [LOG] [Fast Refresh] done in 3149ms @ http://localhost:3000/_next/static/chunks/node_modules_next_dist_1e8vcs8._.js:776
[  708708ms] [LOG] [Fast Refresh] done in 3149ms @ http://localhost:3000/_next/static/chunks/node_modules_next_dist_1e8vcs8._.js:776
[  708771ms] [LOG] [Fast Refresh] done in 3149ms @ http://localhost:3000/_next/static/chunks/node_modules_next_dist_1e8vcs8._.js:776
[  708833ms] [LOG] [Fast Refresh] done in 3149ms @ http://localhost:3000/_next/static/chunks/node_modules_next_dist_1e8vcs8._.js:776
[  708895ms] [LOG] [Fast Refresh] done in 3149ms @ http://localhost:3000/_next/static/chunks/node_modules_next_dist_1e8vcs8._.js:776
[  708956ms] [LOG] [Fast Refresh] done in 3149ms @ http://localhost:3000/_next/static/chunks/node_modules_next_dist_1e8vcs8._.js:776
[  709021ms] [LOG] [Fast Refresh] done in 3149ms @ http://localhost:3000/_next/static/chunks/node_modules_next_dist_1e8vcs8._.js:776
[  709082ms] [LOG] [Fast Refresh] done in 3149ms @ http://localhost:3000/_next/static/chunks/node_modules_next_dist_1e8vcs8._.js:776
[  709143ms] [LOG] [Fast Refresh] done in 3149ms @ http://localhost:3000/_next/static/chunks/node_modules_next_dist_1e8vcs8._.js:776
[  709206ms] [LOG] [Fast Refresh] done in 3149ms @ http://localhost:3000/_next/static/chunks/node_modules_next_dist_1e8vcs8._.js:776
[  709267ms] [LOG] [Fast Refresh] done in 3149ms @ http://localhost:3000/_next/static/chunks/node_modules_next_dist_1e8vcs8._.js:776
[  709329ms] [LOG] [Fast Refresh] done in 3149ms @ http://localhost:3000/_next/static/chunks/node_modules_next_dist_1e8vcs8._.js:776
[  709391ms] [LOG] [Fast Refresh] done in 3149ms @ http://localhost:3000/_next/static/chunks/node_modules_next_dist_1e8vcs8._.js:776
[  709453ms] [LOG] [Fast Refresh] done in 3149ms @ http://localhost:3000/_next/static/chunks/node_modules_next_dist_1e8vcs8._.js:776
[  709515ms] [LOG] [Fast Refresh] done in 3149ms @ http://localhost:3000/_next/static/chunks/node_modules_next_dist_1e8vcs8._.js:776
[  709577ms] [LOG] [Fast Refresh] done in 3149ms @ http://localhost:3000/_next/static/chunks/node_modules_next_dist_1e8vcs8._.js:776
[  709640ms] [LOG] [Fast Refresh] done in 3149ms @ http://localhost:3000/_next/static/chunks/node_modules_next_dist_1e8vcs8._.js:776
[  709702ms] [LOG] [Fast Refresh] done in 3149ms @ http://localhost:3000/_next/static/chunks/node_modules_next_dist_1e8vcs8._.js:776
[  709764ms] [LOG] [Fast Refresh] done in 3149ms @ http://localhost:3000/_next/static/chunks/node_modules_next_dist_1e8vcs8._.js:776
[  709826ms] [LOG] [Fast Refresh] done in 3149ms @ http://localhost:3000/_next/static/chunks/node_modules_next_dist_1e8vcs8._.js:776
[  709888ms] [LOG] [Fast Refresh] done in 3149ms @ http://localhost:3000/_next/static/chunks/node_modules_next_dist_1e8vcs8._.js:776
[  709950ms] [LOG] [Fast Refresh] done in 3149ms @ http://localhost:3000/_next/static/chunks/node_modules_next_dist_1e8vcs8._.js:776
[  710011ms] [LOG] [Fast Refresh] done in 3149ms @ http://localhost:3000/_next/static/chunks/node_modules_next_dist_1e8vcs8._.js:776
[  710074ms] [LOG] [Fast Refresh] done in 3149ms @ http://localhost:3000/_next/static/chunks/node_modules_next_dist_1e8vcs8._.js:776
[  710135ms] [LOG] [Fast Refresh] done in 3149ms @ http://localhost:3000/_next/static/chunks/node_modules_next_dist_1e8vcs8._.js:776
[  710198ms] [LOG] [Fast Refresh] done in 3149ms @ http://localhost:3000/_next/static/chunks/node_modules_next_dist_1e8vcs8._.js:776
[  710261ms] [LOG] [Fast Refresh] done in 3149ms @ http://localhost:3000/_next/static/chunks/node_modules_next_dist_1e8vcs8._.js:776
[  710323ms] [LOG] [Fast Refresh] done in 3149ms @ http://localhost:3000/_next/static/chunks/node_modules_next_dist_1e8vcs8._.js:776
[  710384ms] [LOG] [Fast Refresh] done in 3149ms @ http://localhost:3000/_next/static/chunks/node_modules_next_dist_1e8vcs8._.js:776
[  710446ms] [LOG] [Fast Refresh] done in 3149ms @ http://localhost:3000/_next/static/chunks/node_modules_next_dist_1e8vcs8._.js:776
[  710509ms] [LOG] [Fast Refresh] done in 3149ms @ http://localhost:3000/_next/static/chunks/node_modules_next_dist_1e8vcs8._.js:776
[  710571ms] [LOG] [Fast Refresh] done in 3149ms @ http://localhost:3000/_next/static/chunks/node_modules_next_dist_1e8vcs8._.js:776
[  710634ms] [LOG] [Fast Refresh] done in 3149ms @ http://localhost:3000/_next/static/chunks/node_modules_next_dist_1e8vcs8._.js:776
[  710696ms] [LOG] [Fast Refresh] done in 3149ms @ http://localhost:3000/_next/static/chunks/node_modules_next_dist_1e8vcs8._.js:776
[  710758ms] [LOG] [Fast Refresh] done in 3149ms @ http://localhost:3000/_next/static/chunks/node_modules_next_dist_1e8vcs8._.js:776
[  710819ms] [LOG] [Fast Refresh] done in 3149ms @ http://localhost:3000/_next/static/chunks/node_modules_next_dist_1e8vcs8._.js:776
[  710880ms] [LOG] [Fast Refresh] done in 3149ms @ http://localhost:3000/_next/static/chunks/node_modules_next_dist_1e8vcs8._.js:776
[  710943ms] [LOG] [Fast Refresh] done in 3149ms @ http://localhost:3000/_next/static/chunks/node_modules_next_dist_1e8vcs8._.js:776
[  711006ms] [LOG] [Fast Refresh] done in 3149ms @ http://localhost:3000/_next/static/chunks/node_modules_next_dist_1e8vcs8._.js:776
[  711067ms] [LOG] [Fast Refresh] done in 3149ms @ http://localhost:3000/_next/static/chunks/node_modules_next_dist_1e8vcs8._.js:776
[  711129ms] [LOG] [Fast Refresh] done in 3149ms @ http://localhost:3000/_next/static/chunks/node_modules_next_dist_1e8vcs8._.js:776
[  711191ms] [LOG] [Fast Refresh] done in 3149ms @ http://localhost:3000/_next/static/chunks/node_modules_next_dist_1e8vcs8._.js:776
[  711253ms] [LOG] [Fast Refresh] done in 3149ms @ http://localhost:3000/_next/static/chunks/node_modules_next_dist_1e8vcs8._.js:776
[  711315ms] [LOG] [Fast Refresh] done in 3149ms @ http://localhost:3000/_next/static/chunks/node_modules_next_dist_1e8vcs8._.js:776
[  711376ms] [LOG] [Fast Refresh] done in 3149ms @ http://localhost:3000/_next/static/chunks/node_modules_next_dist_1e8vcs8._.js:776
[  711439ms] [LOG] [Fast Refresh] done in 3149ms @ http://localhost:3000/_next/static/chunks/node_modules_next_dist_1e8vcs8._.js:776
[  711502ms] [LOG] [Fast Refresh] done in 3149ms @ http://localhost:3000/_next/static/chunks/node_modules_next_dist_1e8vcs8._.js:776
[  711564ms] [LOG] [Fast Refresh] done in 3149ms @ http://localhost:3000/_next/static/chunks/node_modules_next_dist_1e8vcs8._.js:776
[  711626ms] [LOG] [Fast Refresh] done in 3149ms @ http://localhost:3000/_next/static/chunks/node_modules_next_dist_1e8vcs8._.js:776
[  711688ms] [LOG] [Fast Refresh] done in 3149ms @ http://localhost:3000/_next/static/chunks/node_modules_next_dist_1e8vcs8._.js:776
[  711751ms] [LOG] [Fast Refresh] done in 3149ms @ http://localhost:3000/_next/static/chunks/node_modules_next_dist_1e8vcs8._.js:776
[  711815ms] [LOG] [Fast Refresh] done in 3149ms @ http://localhost:3000/_next/static/chunks/node_modules_next_dist_1e8vcs8._.js:776
[  711877ms] [LOG] [Fast Refresh] done in 3149ms @ http://localhost:3000/_next/static/chunks/node_modules_next_dist_1e8vcs8._.js:776
[  711939ms] [LOG] [Fast Refresh] done in 3149ms @ http://localhost:3000/_next/static/chunks/node_modules_next_dist_1e8vcs8._.js:776
[  712002ms] [LOG] [Fast Refresh] done in 3149ms @ http://localhost:3000/_next/static/chunks/node_modules_next_dist_1e8vcs8._.js:776
[  712065ms] [LOG] [Fast Refresh] done in 3149ms @ http://localhost:3000/_next/static/chunks/node_modules_next_dist_1e8vcs8._.js:776
[  712127ms] [LOG] [Fast Refresh] done in 3149ms @ http://localhost:3000/_next/static/chunks/node_modules_next_dist_1e8vcs8._.js:776
[  712189ms] [LOG] [Fast Refresh] done in 3149ms @ http://localhost:3000/_next/static/chunks/node_modules_next_dist_1e8vcs8._.js:776
[  712251ms] [LOG] [Fast Refresh] done in 3149ms @ http://localhost:3000/_next/static/chunks/node_modules_next_dist_1e8vcs8._.js:776
[  712313ms] [LOG] [Fast Refresh] done in 3149ms @ http://localhost:3000/_next/static/chunks/node_modules_next_dist_1e8vcs8._.js:776
[  712375ms] [LOG] [Fast Refresh] done in 3149ms @ http://localhost:3000/_next/static/chunks/node_modules_next_dist_1e8vcs8._.js:776
[  712437ms] [LOG] [Fast Refresh] done in 3149ms @ http://localhost:3000/_next/static/chunks/node_modules_next_dist_1e8vcs8._.js:776
[  712500ms] [LOG] [Fast Refresh] done in 3149ms @ http://localhost:3000/_next/static/chunks/node_modules_next_dist_1e8vcs8._.js:776
[  712563ms] [LOG] [Fast Refresh] done in 3149ms @ http://localhost:3000/_next/static/chunks/node_modules_next_dist_1e8vcs8._.js:776
[  712625ms] [LOG] [Fast Refresh] done in 3149ms @ http://localhost:3000/_next/static/chunks/node_modules_next_dist_1e8vcs8._.js:776
[  712687ms] [LOG] [Fast Refresh] done in 3149ms @ http://localhost:3000/_next/static/chunks/node_modules_next_dist_1e8vcs8._.js:776
[  712750ms] [LOG] [Fast Refresh] done in 3149ms @ http://localhost:3000/_next/static/chunks/node_modules_next_dist_1e8vcs8._.js:776
[  712813ms] [LOG] [Fast Refresh] done in 3149ms @ http://localhost:3000/_next/static/chunks/node_modules_next_dist_1e8vcs8._.js:776
[  712876ms] [LOG] [Fast Refresh] done in 3149ms @ http://localhost:3000/_next/static/chunks/node_modules_next_dist_1e8vcs8._.js:776
[  712938ms] [LOG] [Fast Refresh] done in 3149ms @ http://localhost:3000/_next/static/chunks/node_modules_next_dist_1e8vcs8._.js:776
[  713001ms] [LOG] [Fast Refresh] done in 3149ms @ http://localhost:3000/_next/static/chunks/node_modules_next_dist_1e8vcs8._.js:776
[  713064ms] [LOG] [Fast Refresh] done in 3149ms @ http://localhost:3000/_next/static/chunks/node_modules_next_dist_1e8vcs8._.js:776
[  713126ms] [LOG] [Fast Refresh] done in 3149ms @ http://localhost:3000/_next/static/chunks/node_modules_next_dist_1e8vcs8._.js:776
[  713188ms] [LOG] [Fast Refresh] done in 3149ms @ http://localhost:3000/_next/static/chunks/node_modules_next_dist_1e8vcs8._.js:776
[  713250ms] [LOG] [Fast Refresh] done in 3149ms @ http://localhost:3000/_next/static/chunks/node_modules_next_dist_1e8vcs8._.js:776
[  713313ms] [LOG] [Fast Refresh] done in 3149ms @ http://localhost:3000/_next/static/chunks/node_modules_next_dist_1e8vcs8._.js:776
[  713374ms] [LOG] [Fast Refresh] done in 3149ms @ http://localhost:3000/_next/static/chunks/node_modules_next_dist_1e8vcs8._.js:776
[  713437ms] [LOG] [Fast Refresh] done in 3149ms @ http://localhost:3000/_next/static/chunks/node_modules_next_dist_1e8vcs8._.js:776
[  713499ms] [LOG] [Fast Refresh] done in 3149ms @ http://localhost:3000/_next/static/chunks/node_modules_next_dist_1e8vcs8._.js:776
[  713560ms] [LOG] [Fast Refresh] done in 3149ms @ http://localhost:3000/_next/static/chunks/node_modules_next_dist_1e8vcs8._.js:776
[  713623ms] [LOG] [Fast Refresh] done in 3149ms @ http://localhost:3000/_next/static/chunks/node_modules_next_dist_1e8vcs8._.js:776
[  713686ms] [LOG] [Fast Refresh] done in 3149ms @ http://localhost:3000/_next/static/chunks/node_modules_next_dist_1e8vcs8._.js:776
[  713748ms] [LOG] [Fast Refresh] done in 3149ms @ http://localhost:3000/_next/static/chunks/node_modules_next_dist_1e8vcs8._.js:776
[  713810ms] [LOG] [Fast Refresh] done in 3149ms @ http://localhost:3000/_next/static/chunks/node_modules_next_dist_1e8vcs8._.js:776
[  713871ms] [LOG] [Fast Refresh] done in 3149ms @ http://localhost:3000/_next/static/chunks/node_modules_next_dist_1e8vcs8._.js:776
[  713933ms] [LOG] [Fast Refresh] done in 3149ms @ http://localhost:3000/_next/static/chunks/node_modules_next_dist_1e8vcs8._.js:776
[  713996ms] [LOG] [Fast Refresh] done in 3149ms @ http://localhost:3000/_next/static/chunks/node_modules_next_dist_1e8vcs8._.js:776
[  714058ms] [LOG] [Fast Refresh] done in 3149ms @ http://localhost:3000/_next/static/chunks/node_modules_next_dist_1e8vcs8._.js:776
[  714120ms] [LOG] [Fast Refresh] done in 3149ms @ http://localhost:3000/_next/static/chunks/node_modules_next_dist_1e8vcs8._.js:776
[  714181ms] [LOG] [Fast Refresh] done in 3149ms @ http://localhost:3000/_next/static/chunks/node_modules_next_dist_1e8vcs8._.js:776
[  714243ms] [LOG] [Fast Refresh] done in 3149ms @ http://localhost:3000/_next/static/chunks/node_modules_next_dist_1e8vcs8._.js:776
[  714306ms] [LOG] [Fast Refresh] done in 3149ms @ http://localhost:3000/_next/static/chunks/node_modules_next_dist_1e8vcs8._.js:776
[  714367ms] [LOG] [Fast Refresh] done in 3149ms @ http://localhost:3000/_next/static/chunks/node_modules_next_dist_1e8vcs8._.js:776
[  714430ms] [LOG] [Fast Refresh] done in 3149ms @ http://localhost:3000/_next/static/chunks/node_modules_next_dist_1e8vcs8._.js:776
[  714493ms] [LOG] [Fast Refresh] done in 3149ms @ http://localhost:3000/_next/static/chunks/node_modules_next_dist_1e8vcs8._.js:776
[  714554ms] [LOG] [Fast Refresh] done in 3149ms @ http://localhost:3000/_next/static/chunks/node_modules_next_dist_1e8vcs8._.js:776
[  714617ms] [LOG] [Fast Refresh] done in 3149ms @ http://localhost:3000/_next/static/chunks/node_modules_next_dist_1e8vcs8._.js:776
[  714678ms] [LOG] [Fast Refresh] done in 3149ms @ http://localhost:3000/_next/static/chunks/node_modules_next_dist_1e8vcs8._.js:776
[  714740ms] [LOG] [Fast Refresh] done in 3149ms @ http://localhost:3000/_next/static/chunks/node_modules_next_dist_1e8vcs8._.js:776
[  714801ms] [LOG] [Fast Refresh] done in 3149ms @ http://localhost:3000/_next/static/chunks/node_modules_next_dist_1e8vcs8._.js:776
[  714864ms] [LOG] [Fast Refresh] done in 3149ms @ http://localhost:3000/_next/static/chunks/node_modules_next_dist_1e8vcs8._.js:776
[  714925ms] [LOG] [Fast Refresh] done in 3149ms @ http://localhost:3000/_next/static/chunks/node_modules_next_dist_1e8vcs8._.js:776
[  714987ms] [LOG] [Fast Refresh] done in 3149ms @ http://localhost:3000/_next/static/chunks/node_modules_next_dist_1e8vcs8._.js:776
[  715049ms] [LOG] [Fast Refresh] done in 3149ms @ http://localhost:3000/_next/static/chunks/node_modules_next_dist_1e8vcs8._.js:776
[  715112ms] [LOG] [Fast Refresh] done in 3149ms @ http://localhost:3000/_next/static/chunks/node_modules_next_dist_1e8vcs8._.js:776
[  715174ms] [LOG] [Fast Refresh] done in 3149ms @ http://localhost:3000/_next/static/chunks/node_modules_next_dist_1e8vcs8._.js:776
[  715236ms] [LOG] [Fast Refresh] done in 3149ms @ http://localhost:3000/_next/static/chunks/node_modules_next_dist_1e8vcs8._.js:776
[  715298ms] [LOG] [Fast Refresh] done in 3149ms @ http://localhost:3000/_next/static/chunks/node_modules_next_dist_1e8vcs8._.js:776
[  715360ms] [LOG] [Fast Refresh] done in 3149ms @ http://localhost:3000/_next/static/chunks/node_modules_next_dist_1e8vcs8._.js:776
[  715422ms] [LOG] [Fast Refresh] done in 3149ms @ http://localhost:3000/_next/static/chunks/node_modules_next_dist_1e8vcs8._.js:776
[  715484ms] [LOG] [Fast Refresh] done in 3149ms @ http://localhost:3000/_next/static/chunks/node_modules_next_dist_1e8vcs8._.js:776
[  715546ms] [LOG] [Fast Refresh] done in 3149ms @ http://localhost:3000/_next/static/chunks/node_modules_next_dist_1e8vcs8._.js:776
[  715608ms] [LOG] [Fast Refresh] done in 3149ms @ http://localhost:3000/_next/static/chunks/node_modules_next_dist_1e8vcs8._.js:776
[  715670ms] [LOG] [Fast Refresh] done in 3149ms @ http://localhost:3000/_next/static/chunks/node_modules_next_dist_1e8vcs8._.js:776
[  715732ms] [LOG] [Fast Refresh] done in 3149ms @ http://localhost:3000/_next/static/chunks/node_modules_next_dist_1e8vcs8._.js:776
[  715794ms] [LOG] [Fast Refresh] done in 3149ms @ http://localhost:3000/_next/static/chunks/node_modules_next_dist_1e8vcs8._.js:776
[  715856ms] [LOG] [Fast Refresh] done in 3149ms @ http://localhost:3000/_next/static/chunks/node_modules_next_dist_1e8vcs8._.js:776
[  715918ms] [LOG] [Fast Refresh] done in 3149ms @ http://localhost:3000/_next/static/chunks/node_modules_next_dist_1e8vcs8._.js:776
[  715979ms] [LOG] [Fast Refresh] done in 3149ms @ http://localhost:3000/_next/static/chunks/node_modules_next_dist_1e8vcs8._.js:776
[  716040ms] [LOG] [Fast Refresh] done in 3149ms @ http://localhost:3000/_next/static/chunks/node_modules_next_dist_1e8vcs8._.js:776
[  716102ms] [LOG] [Fast Refresh] done in 3149ms @ http://localhost:3000/_next/static/chunks/node_modules_next_dist_1e8vcs8._.js:776
[  716164ms] [LOG] [Fast Refresh] done in 3149ms @ http://localhost:3000/_next/static/chunks/node_modules_next_dist_1e8vcs8._.js:776
[  716226ms] [LOG] [Fast Refresh] done in 3149ms @ http://localhost:3000/_next/static/chunks/node_modules_next_dist_1e8vcs8._.js:776
[  716288ms] [LOG] [Fast Refresh] done in 3149ms @ http://localhost:3000/_next/static/chunks/node_modules_next_dist_1e8vcs8._.js:776
[  716350ms] [LOG] [Fast Refresh] done in 3149ms @ http://localhost:3000/_next/static/chunks/node_modules_next_dist_1e8vcs8._.js:776
[  716412ms] [LOG] [Fast Refresh] done in 3149ms @ http://localhost:3000/_next/static/chunks/node_modules_next_dist_1e8vcs8._.js:776
[  716474ms] [LOG] [Fast Refresh] done in 3149ms @ http://localhost:3000/_next/static/chunks/node_modules_next_dist_1e8vcs8._.js:776
[  716536ms] [LOG] [Fast Refresh] done in 3149ms @ http://localhost:3000/_next/static/chunks/node_modules_next_dist_1e8vcs8._.js:776
[  716597ms] [LOG] [Fast Refresh] done in 3149ms @ http://localhost:3000/_next/static/chunks/node_modules_next_dist_1e8vcs8._.js:776
[  716659ms] [LOG] [Fast Refresh] done in 3149ms @ http://localhost:3000/_next/static/chunks/node_modules_next_dist_1e8vcs8._.js:776
[  716721ms] [LOG] [Fast Refresh] done in 3149ms @ http://localhost:3000/_next/static/chunks/node_modules_next_dist_1e8vcs8._.js:776
[  716785ms] [LOG] [Fast Refresh] done in 3149ms @ http://localhost:3000/_next/static/chunks/node_modules_next_dist_1e8vcs8._.js:776
[  716847ms] [LOG] [Fast Refresh] done in 3149ms @ http://localhost:3000/_next/static/chunks/node_modules_next_dist_1e8vcs8._.js:776
[  716909ms] [LOG] [Fast Refresh] done in 3149ms @ http://localhost:3000/_next/static/chunks/node_modules_next_dist_1e8vcs8._.js:776
[  716971ms] [LOG] [Fast Refresh] done in 3149ms @ http://localhost:3000/_next/static/chunks/node_modules_next_dist_1e8vcs8._.js:776
[  717032ms] [LOG] [Fast Refresh] done in 3149ms @ http://localhost:3000/_next/static/chunks/node_modules_next_dist_1e8vcs8._.js:776
[  717094ms] [LOG] [Fast Refresh] done in 3149ms @ http://localhost:3000/_next/static/chunks/node_modules_next_dist_1e8vcs8._.js:776
[  717156ms] [LOG] [Fast Refresh] done in 3149ms @ http://localhost:3000/_next/static/chunks/node_modules_next_dist_1e8vcs8._.js:776
[  717281ms] [LOG] [Fast Refresh] done in 3149ms @ http://localhost:3000/_next/static/chunks/node_modules_next_dist_1e8vcs8._.js:776
[  717343ms] [LOG] [Fast Refresh] done in 3149ms @ http://localhost:3000/_next/static/chunks/node_modules_next_dist_1e8vcs8._.js:776
[  717405ms] [LOG] [Fast Refresh] done in 3149ms @ http://localhost:3000/_next/static/chunks/node_modules_next_dist_1e8vcs8._.js:776
[  717466ms] [LOG] [Fast Refresh] done in 3149ms @ http://localhost:3000/_next/static/chunks/node_modules_next_dist_1e8vcs8._.js:776
[  717528ms] [LOG] [Fast Refresh] done in 3149ms @ http://localhost:3000/_next/static/chunks/node_modules_next_dist_1e8vcs8._.js:776
[  717591ms] [LOG] [Fast Refresh] done in 3149ms @ http://localhost:3000/_next/static/chunks/node_modules_next_dist_1e8vcs8._.js:776
[  717653ms] [LOG] [Fast Refresh] done in 3149ms @ http://localhost:3000/_next/static/chunks/node_modules_next_dist_1e8vcs8._.js:776
[  717715ms] [LOG] [Fast Refresh] done in 3149ms @ http://localhost:3000/_next/static/chunks/node_modules_next_dist_1e8vcs8._.js:776
[  717777ms] [LOG] [Fast Refresh] done in 3149ms @ http://localhost:3000/_next/static/chunks/node_modules_next_dist_1e8vcs8._.js:776
[  717854ms] [LOG] [Fast Refresh] done in 3149ms @ http://localhost:3000/_next/static/chunks/node_modules_next_dist_1e8vcs8._.js:776
[  717916ms] [LOG] [Fast Refresh] done in 3149ms @ http://localhost:3000/_next/static/chunks/node_modules_next_dist_1e8vcs8._.js:776
[  717978ms] [LOG] [Fast Refresh] done in 3149ms @ http://localhost:3000/_next/static/chunks/node_modules_next_dist_1e8vcs8._.js:776
[  718040ms] [LOG] [Fast Refresh] done in 3149ms @ http://localhost:3000/_next/static/chunks/node_modules_next_dist_1e8vcs8._.js:776
[  718102ms] [LOG] [Fast Refresh] done in 3149ms @ http://localhost:3000/_next/static/chunks/node_modules_next_dist_1e8vcs8._.js:776
[  718163ms] [LOG] [Fast Refresh] done in 3149ms @ http://localhost:3000/_next/static/chunks/node_modules_next_dist_1e8vcs8._.js:776
[  718224ms] [LOG] [Fast Refresh] done in 3149ms @ http://localhost:3000/_next/static/chunks/node_modules_next_dist_1e8vcs8._.js:776
[  718287ms] [LOG] [Fast Refresh] done in 3149ms @ http://localhost:3000/_next/static/chunks/node_modules_next_dist_1e8vcs8._.js:776
[  718349ms] [LOG] [Fast Refresh] done in 3149ms @ http://localhost:3000/_next/static/chunks/node_modules_next_dist_1e8vcs8._.js:776
[  718412ms] [LOG] [Fast Refresh] done in 3149ms @ http://localhost:3000/_next/static/chunks/node_modules_next_dist_1e8vcs8._.js:776
[  718474ms] [LOG] [Fast Refresh] done in 3149ms @ http://localhost:3000/_next/static/chunks/node_modules_next_dist_1e8vcs8._.js:776
[  718630ms] [LOG] [Fast Refresh] done in 3149ms @ http://localhost:3000/_next/static/chunks/node_modules_next_dist_1e8vcs8._.js:776
[  718691ms] [LOG] [Fast Refresh] done in 3149ms @ http://localhost:3000/_next/static/chunks/node_modules_next_dist_1e8vcs8._.js:776
[  718754ms] [LOG] [Fast Refresh] done in 3149ms @ http://localhost:3000/_next/static/chunks/node_modules_next_dist_1e8vcs8._.js:776
[  718817ms] [LOG] [Fast Refresh] done in 3149ms @ http://localhost:3000/_next/static/chunks/node_modules_next_dist_1e8vcs8._.js:776
[  718879ms] [LOG] [Fast Refresh] done in 3149ms @ http://localhost:3000/_next/static/chunks/node_modules_next_dist_1e8vcs8._.js:776
[  718942ms] [LOG] [Fast Refresh] done in 3149ms @ http://localhost:3000/_next/static/chunks/node_modules_next_dist_1e8vcs8._.js:776
[  719004ms] [LOG] [Fast Refresh] done in 3149ms @ http://localhost:3000/_next/static/chunks/node_modules_next_dist_1e8vcs8._.js:776
[  719065ms] [LOG] [Fast Refresh] done in 3149ms @ http://localhost:3000/_next/static/chunks/node_modules_next_dist_1e8vcs8._.js:776
[  719127ms] [LOG] [Fast Refresh] done in 3149ms @ http://localhost:3000/_next/static/chunks/node_modules_next_dist_1e8vcs8._.js:776
[  719189ms] [LOG] [Fast Refresh] done in 3149ms @ http://localhost:3000/_next/static/chunks/node_modules_next_dist_1e8vcs8._.js:776
[  719251ms] [LOG] [Fast Refresh] done in 3149ms @ http://localhost:3000/_next/static/chunks/node_modules_next_dist_1e8vcs8._.js:776
[  719314ms] [LOG] [Fast Refresh] done in 3149ms @ http://localhost:3000/_next/static/chunks/node_modules_next_dist_1e8vcs8._.js:776
[  719376ms] [LOG] [Fast Refresh] done in 3149ms @ http://localhost:3000/_next/static/chunks/node_modules_next_dist_1e8vcs8._.js:776
[  719439ms] [LOG] [Fast Refresh] done in 3149ms @ http://localhost:3000/_next/static/chunks/node_modules_next_dist_1e8vcs8._.js:776
[  719501ms] [LOG] [Fast Refresh] done in 3149ms @ http://localhost:3000/_next/static/chunks/node_modules_next_dist_1e8vcs8._.js:776
[  719563ms] [LOG] [Fast Refresh] done in 3149ms @ http://localhost:3000/_next/static/chunks/node_modules_next_dist_1e8vcs8._.js:776
[  719625ms] [LOG] [Fast Refresh] done in 3149ms @ http://localhost:3000/_next/static/chunks/node_modules_next_dist_1e8vcs8._.js:776
[  719688ms] [LOG] [Fast Refresh] done in 3149ms @ http://localhost:3000/_next/static/chunks/node_modules_next_dist_1e8vcs8._.js:776
[  719751ms] [LOG] [Fast Refresh] done in 3149ms @ http://localhost:3000/_next/static/chunks/node_modules_next_dist_1e8vcs8._.js:776
[  719813ms] [LOG] [Fast Refresh] done in 3149ms @ http://localhost:3000/_next/static/chunks/node_modules_next_dist_1e8vcs8._.js:776
[  719874ms] [LOG] [Fast Refresh] done in 3149ms @ http://localhost:3000/_next/static/chunks/node_modules_next_dist_1e8vcs8._.js:776
[  720030ms] [LOG] [Fast Refresh] done in 3149ms @ http://localhost:3000/_next/static/chunks/node_modules_next_dist_1e8vcs8._.js:776
[  720091ms] [LOG] [Fast Refresh] done in 3149ms @ http://localhost:3000/_next/static/chunks/node_modules_next_dist_1e8vcs8._.js:776
[  720154ms] [LOG] [Fast Refresh] done in 3149ms @ http://localhost:3000/_next/static/chunks/node_modules_next_dist_1e8vcs8._.js:776
[  720217ms] [LOG] [Fast Refresh] done in 3149ms @ http://localhost:3000/_next/static/chunks/node_modules_next_dist_1e8vcs8._.js:776
[  720278ms] [LOG] [Fast Refresh] done in 3149ms @ http://localhost:3000/_next/static/chunks/node_modules_next_dist_1e8vcs8._.js:776
[  720339ms] [LOG] [Fast Refresh] done in 3149ms @ http://localhost:3000/_next/static/chunks/node_modules_next_dist_1e8vcs8._.js:776
[  720402ms] [LOG] [Fast Refresh] done in 3149ms @ http://localhost:3000/_next/static/chunks/node_modules_next_dist_1e8vcs8._.js:776
[  720465ms] [LOG] [Fast Refresh] done in 3149ms @ http://localhost:3000/_next/static/chunks/node_modules_next_dist_1e8vcs8._.js:776
[  720528ms] [LOG] [Fast Refresh] done in 3149ms @ http://localhost:3000/_next/static/chunks/node_modules_next_dist_1e8vcs8._.js:776
[  720589ms] [LOG] [Fast Refresh] done in 3149ms @ http://localhost:3000/_next/static/chunks/node_modules_next_dist_1e8vcs8._.js:776
[  720651ms] [LOG] [Fast Refresh] done in 3149ms @ http://localhost:3000/_next/static/chunks/node_modules_next_dist_1e8vcs8._.js:776
[  720714ms] [LOG] [Fast Refresh] done in 3149ms @ http://localhost:3000/_next/static/chunks/node_modules_next_dist_1e8vcs8._.js:776
[  720776ms] [LOG] [Fast Refresh] done in 3149ms @ http://localhost:3000/_next/static/chunks/node_modules_next_dist_1e8vcs8._.js:776
[  720838ms] [LOG] [Fast Refresh] done in 3149ms @ http://localhost:3000/_next/static/chunks/node_modules_next_dist_1e8vcs8._.js:776
[  720900ms] [LOG] [Fast Refresh] done in 3149ms @ http://localhost:3000/_next/static/chunks/node_modules_next_dist_1e8vcs8._.js:776
[  720962ms] [LOG] [Fast Refresh] done in 3149ms @ http://localhost:3000/_next/static/chunks/node_modules_next_dist_1e8vcs8._.js:776
[  721025ms] [LOG] [Fast Refresh] done in 3149ms @ http://localhost:3000/_next/static/chunks/node_modules_next_dist_1e8vcs8._.js:776
[  721086ms] [LOG] [Fast Refresh] done in 3149ms @ http://localhost:3000/_next/static/chunks/node_modules_next_dist_1e8vcs8._.js:776
[  721149ms] [LOG] [Fast Refresh] done in 3149ms @ http://localhost:3000/_next/static/chunks/node_modules_next_dist_1e8vcs8._.js:776
[  721210ms] [LOG] [Fast Refresh] done in 3149ms @ http://localhost:3000/_next/static/chunks/node_modules_next_dist_1e8vcs8._.js:776
[  721271ms] [LOG] [Fast Refresh] done in 3149ms @ http://localhost:3000/_next/static/chunks/node_modules_next_dist_1e8vcs8._.js:776
[  721410ms] [LOG] [Fast Refresh] done in 3149ms @ http://localhost:3000/_next/static/chunks/node_modules_next_dist_1e8vcs8._.js:776
[  721473ms] [LOG] [Fast Refresh] done in 3149ms @ http://localhost:3000/_next/static/chunks/node_modules_next_dist_1e8vcs8._.js:776
[  721535ms] [LOG] [Fast Refresh] done in 3149ms @ http://localhost:3000/_next/static/chunks/node_modules_next_dist_1e8vcs8._.js:776
[  721597ms] [LOG] [Fast Refresh] done in 3149ms @ http://localhost:3000/_next/static/chunks/node_modules_next_dist_1e8vcs8._.js:776
[  721660ms] [LOG] [Fast Refresh] done in 3149ms @ http://localhost:3000/_next/static/chunks/node_modules_next_dist_1e8vcs8._.js:776
[  721722ms] [LOG] [Fast Refresh] done in 3149ms @ http://localhost:3000/_next/static/chunks/node_modules_next_dist_1e8vcs8._.js:776
[  721784ms] [LOG] [Fast Refresh] done in 3149ms @ http://localhost:3000/_next/static/chunks/node_modules_next_dist_1e8vcs8._.js:776
[  721847ms] [LOG] [Fast Refresh] done in 3149ms @ http://localhost:3000/_next/static/chunks/node_modules_next_dist_1e8vcs8._.js:776
[  721911ms] [LOG] [Fast Refresh] done in 3149ms @ http://localhost:3000/_next/static/chunks/node_modules_next_dist_1e8vcs8._.js:776
[  721973ms] [LOG] [Fast Refresh] done in 3149ms @ http://localhost:3000/_next/static/chunks/node_modules_next_dist_1e8vcs8._.js:776
[  722035ms] [LOG] [Fast Refresh] done in 3149ms @ http://localhost:3000/_next/static/chunks/node_modules_next_dist_1e8vcs8._.js:776
[  722096ms] [LOG] [Fast Refresh] done in 3149ms @ http://localhost:3000/_next/static/chunks/node_modules_next_dist_1e8vcs8._.js:776
[  722158ms] [LOG] [Fast Refresh] done in 3149ms @ http://localhost:3000/_next/static/chunks/node_modules_next_dist_1e8vcs8._.js:776
[  722220ms] [LOG] [Fast Refresh] done in 3149ms @ http://localhost:3000/_next/static/chunks/node_modules_next_dist_1e8vcs8._.js:776
[  722282ms] [LOG] [Fast Refresh] done in 3149ms @ http://localhost:3000/_next/static/chunks/node_modules_next_dist_1e8vcs8._.js:776
[  722344ms] [LOG] [Fast Refresh] done in 3149ms @ http://localhost:3000/_next/static/chunks/node_modules_next_dist_1e8vcs8._.js:776
[  722406ms] [LOG] [Fast Refresh] done in 3149ms @ http://localhost:3000/_next/static/chunks/node_modules_next_dist_1e8vcs8._.js:776
[  722468ms] [LOG] [Fast Refresh] done in 3149ms @ http://localhost:3000/_next/static/chunks/node_modules_next_dist_1e8vcs8._.js:776
[  722531ms] [LOG] [Fast Refresh] done in 3149ms @ http://localhost:3000/_next/static/chunks/node_modules_next_dist_1e8vcs8._.js:776
[  722593ms] [LOG] [Fast Refresh] done in 3149ms @ http://localhost:3000/_next/static/chunks/node_modules_next_dist_1e8vcs8._.js:776
[  722654ms] [LOG] [Fast Refresh] done in 3149ms @ http://localhost:3000/_next/static/chunks/node_modules_next_dist_1e8vcs8._.js:776
[  722716ms] [LOG] [Fast Refresh] done in 3149ms @ http://localhost:3000/_next/static/chunks/node_modules_next_dist_1e8vcs8._.js:776
[  722778ms] [LOG] [Fast Refresh] done in 3149ms @ http://localhost:3000/_next/static/chunks/node_modules_next_dist_1e8vcs8._.js:776
[  722840ms] [LOG] [Fast Refresh] done in 3149ms @ http://localhost:3000/_next/static/chunks/node_modules_next_dist_1e8vcs8._.js:776
[  722902ms] [LOG] [Fast Refresh] done in 3149ms @ http://localhost:3000/_next/static/chunks/node_modules_next_dist_1e8vcs8._.js:776
[  722964ms] [LOG] [Fast Refresh] done in 3149ms @ http://localhost:3000/_next/static/chunks/node_modules_next_dist_1e8vcs8._.js:776
[  723026ms] [LOG] [Fast Refresh] done in 3149ms @ http://localhost:3000/_next/static/chunks/node_modules_next_dist_1e8vcs8._.js:776
[  723087ms] [LOG] [Fast Refresh] done in 3149ms @ http://localhost:3000/_next/static/chunks/node_modules_next_dist_1e8vcs8._.js:776
[  723149ms] [LOG] [Fast Refresh] done in 3149ms @ http://localhost:3000/_next/static/chunks/node_modules_next_dist_1e8vcs8._.js:776
[  723210ms] [LOG] [Fast Refresh] done in 3149ms @ http://localhost:3000/_next/static/chunks/node_modules_next_dist_1e8vcs8._.js:776
[  723272ms] [LOG] [Fast Refresh] done in 3149ms @ http://localhost:3000/_next/static/chunks/node_modules_next_dist_1e8vcs8._.js:776
[  723335ms] [LOG] [Fast Refresh] done in 3149ms @ http://localhost:3000/_next/static/chunks/node_modules_next_dist_1e8vcs8._.js:776
[  723397ms] [LOG] [Fast Refresh] done in 3149ms @ http://localhost:3000/_next/static/chunks/node_modules_next_dist_1e8vcs8._.js:776
[  723459ms] [LOG] [Fast Refresh] done in 3149ms @ http://localhost:3000/_next/static/chunks/node_modules_next_dist_1e8vcs8._.js:776
[  723522ms] [LOG] [Fast Refresh] done in 3149ms @ http://localhost:3000/_next/static/chunks/node_modules_next_dist_1e8vcs8._.js:776
[  723584ms] [LOG] [Fast Refresh] done in 3149ms @ http://localhost:3000/_next/static/chunks/node_modules_next_dist_1e8vcs8._.js:776
[  723645ms] [LOG] [Fast Refresh] done in 3149ms @ http://localhost:3000/_next/static/chunks/node_modules_next_dist_1e8vcs8._.js:776
[  723707ms] [LOG] [Fast Refresh] done in 3149ms @ http://localhost:3000/_next/static/chunks/node_modules_next_dist_1e8vcs8._.js:776
[  723769ms] [LOG] [Fast Refresh] done in 3149ms @ http://localhost:3000/_next/static/chunks/node_modules_next_dist_1e8vcs8._.js:776
[  723832ms] [LOG] [Fast Refresh] done in 3149ms @ http://localhost:3000/_next/static/chunks/node_modules_next_dist_1e8vcs8._.js:776
[  723893ms] [LOG] [Fast Refresh] done in 3149ms @ http://localhost:3000/_next/static/chunks/node_modules_next_dist_1e8vcs8._.js:776
[  723955ms] [LOG] [Fast Refresh] done in 3149ms @ http://localhost:3000/_next/static/chunks/node_modules_next_dist_1e8vcs8._.js:776
[  724157ms] [LOG] [Fast Refresh] done in 3149ms @ http://localhost:3000/_next/static/chunks/node_modules_next_dist_1e8vcs8._.js:776
[  724219ms] [LOG] [Fast Refresh] done in 3149ms @ http://localhost:3000/_next/static/chunks/node_modules_next_dist_1e8vcs8._.js:776
[  724281ms] [LOG] [Fast Refresh] done in 3149ms @ http://localhost:3000/_next/static/chunks/node_modules_next_dist_1e8vcs8._.js:776
[  724344ms] [LOG] [Fast Refresh] done in 3149ms @ http://localhost:3000/_next/static/chunks/node_modules_next_dist_1e8vcs8._.js:776
[  724406ms] [LOG] [Fast Refresh] done in 3149ms @ http://localhost:3000/_next/static/chunks/node_modules_next_dist_1e8vcs8._.js:776
[  724469ms] [LOG] [Fast Refresh] done in 3149ms @ http://localhost:3000/_next/static/chunks/node_modules_next_dist_1e8vcs8._.js:776
[  724531ms] [LOG] [Fast Refresh] done in 3149ms @ http://localhost:3000/_next/static/chunks/node_modules_next_dist_1e8vcs8._.js:776
[  724594ms] [LOG] [Fast Refresh] done in 3149ms @ http://localhost:3000/_next/static/chunks/node_modules_next_dist_1e8vcs8._.js:776
[  724657ms] [LOG] [Fast Refresh] done in 3149ms @ http://localhost:3000/_next/static/chunks/node_modules_next_dist_1e8vcs8._.js:776
[  724719ms] [LOG] [Fast Refresh] done in 3149ms @ http://localhost:3000/_next/static/chunks/node_modules_next_dist_1e8vcs8._.js:776
[  724782ms] [LOG] [Fast Refresh] done in 3149ms @ http://localhost:3000/_next/static/chunks/node_modules_next_dist_1e8vcs8._.js:776
[  724843ms] [LOG] [Fast Refresh] done in 3149ms @ http://localhost:3000/_next/static/chunks/node_modules_next_dist_1e8vcs8._.js:776
[  724905ms] [LOG] [Fast Refresh] done in 3149ms @ http://localhost:3000/_next/static/chunks/node_modules_next_dist_1e8vcs8._.js:776
[  724967ms] [LOG] [Fast Refresh] done in 3149ms @ http://localhost:3000/_next/static/chunks/node_modules_next_dist_1e8vcs8._.js:776
[  725045ms] [LOG] [Fast Refresh] done in 3149ms @ http://localhost:3000/_next/static/chunks/node_modules_next_dist_1e8vcs8._.js:776
[  725108ms] [LOG] [Fast Refresh] done in 3149ms @ http://localhost:3000/_next/static/chunks/node_modules_next_dist_1e8vcs8._.js:776
[  725170ms] [LOG] [Fast Refresh] done in 3149ms @ http://localhost:3000/_next/static/chunks/node_modules_next_dist_1e8vcs8._.js:776
[  725386ms] [LOG] [Fast Refresh] rebuilding @ http://localhost:3000/_next/static/chunks/node_modules_next_dist_1e8vcs8._.js:776
[  725488ms] [LOG] [Fast Refresh] done in 209ms @ http://localhost:3000/_next/static/chunks/node_modules_next_dist_1e8vcs8._.js:776
[  725987ms] [LOG] [Fast Refresh] rebuilding @ http://localhost:3000/_next/static/chunks/node_modules_next_dist_1e8vcs8._.js:776
[  726116ms] [LOG] [Fast Refresh] done in 232ms @ http://localhost:3000/_next/static/chunks/node_modules_next_dist_1e8vcs8._.js:776
[  727059ms] [LOG] [Fast Refresh] rebuilding @ http://localhost:3000/_next/static/chunks/node_modules_next_dist_1e8vcs8._.js:776
[  727091ms] [LOG] [Fast Refresh] done in 141ms @ http://localhost:3000/_next/static/chunks/node_modules_next_dist_1e8vcs8._.js:776
[  729698ms] [LOG] [Fast Refresh] rebuilding @ http://localhost:3000/_next/static/chunks/node_modules_next_dist_1e8vcs8._.js:776
[  729724ms] [LOG] [Fast Refresh] done in 137ms @ http://localhost:3000/_next/static/chunks/node_modules_next_dist_1e8vcs8._.js:776
[  978387ms] [LOG] [Fast Refresh] rebuilding @ http://localhost:3000/_next/static/chunks/node_modules_next_dist_1e8vcs8._.js:776
[  981550ms] [ERROR] ./src/components/layout/site-header.tsx:33:1
Error: 'import', and 'export' cannot be used outside of module code
  31 | "use client";
  32 |
> 33 | import Link from "next/link";
     | ^^^^^^
  34 | import { usePathname } from "next/navigation";
  35 | import { useEffect, useState } from "react";
  36 | import { Bell, GraduationCap, Menu, Search, ShieldCheck, UserRound, WalletCards, X, LogOut, UserPlus } from "lucide-react";

Parsing ecmascript source code failed

Import trace:
  Server Component:
    ./src/components/layout/site-header.tsx
    ./src/app/layout.tsx @ http://localhost:3000/_next/static/chunks/node_modules_next_dist_1e8vcs8._.js:1052
[  981611ms] [ERROR] ./src/components/layout/site-header.tsx:33:1
Error: 'import', and 'export' cannot be used outside of module code
  31 | "use client";
  32 |
> 33 | import Link from "next/link";
     | ^^^^^^
  34 | import { usePathname } from "next/navigation";
  35 | import { useEffect, useState } from "react";
  36 | import { Bell, GraduationCap, Menu, Search, ShieldCheck, UserRound, WalletCards, X, LogOut, UserPlus } from "lucide-react";

Parsing ecmascript source code failed

Import trace:
  Server Component:
    ./src/components/layout/site-header.tsx
    ./src/app/layout.tsx @ http://localhost:3000/_next/static/chunks/node_modules_next_dist_1e8vcs8._.js:1052
[  981663ms] [ERROR] ./src/components/layout/site-header.tsx:33:1
Error: 'import', and 'export' cannot be used outside of module code
  31 | "use client";
  32 |
> 33 | import Link from "next/link";
     | ^^^^^^
  34 | import { usePathname } from "next/navigation";
  35 | import { useEffect, useState } from "react";
  36 | import { Bell, GraduationCap, Menu, Search, ShieldCheck, UserRound, WalletCards, X, LogOut, UserPlus } from "lucide-react";

Parsing ecmascript source code failed

Import trace:
  Server Component:
    ./src/components/layout/site-header.tsx
    ./src/app/layout.tsx @ http://localhost:3000/_next/static/chunks/node_modules_next_dist_1e8vcs8._.js:1052
[  981727ms] [ERROR] ./src/components/layout/site-header.tsx:33:1
Error: 'import', and 'export' cannot be used outside of module code
  31 | "use client";
  32 |
> 33 | import Link from "next/link";
     | ^^^^^^
  34 | import { usePathname } from "next/navigation";
  35 | import { useEffect, useState } from "react";
  36 | import { Bell, GraduationCap, Menu, Search, ShieldCheck, UserRound, WalletCards, X, LogOut, UserPlus } from "lucide-react";

Parsing ecmascript source code failed

Import trace:
  Server Component:
    ./src/components/layout/site-header.tsx
    ./src/app/layout.tsx @ http://localhost:3000/_next/static/chunks/node_modules_next_dist_1e8vcs8._.js:1052
[  981788ms] [ERROR] ./src/components/layout/site-header.tsx:33:1
Error: 'import', and 'export' cannot be used outside of module code
  31 | "use client";
  32 |
> 33 | import Link from "next/link";
     | ^^^^^^
  34 | import { usePathname } from "next/navigation";
  35 | import { useEffect, useState } from "react";
  36 | import { Bell, GraduationCap, Menu, Search, ShieldCheck, UserRound, WalletCards, X, LogOut, UserPlus } from "lucide-react";

Parsing ecmascript source code failed

Import trace:
  Server Component:
    ./src/components/layout/site-header.tsx
    ./src/app/layout.tsx @ http://localhost:3000/_next/static/chunks/node_modules_next_dist_1e8vcs8._.js:1052
[  981850ms] [ERROR] ./src/components/layout/site-header.tsx:33:1
Error: 'import', and 'export' cannot be used outside of module code
  31 | "use client";
  32 |
> 33 | import Link from "next/link";
     | ^^^^^^
  34 | import { usePathname } from "next/navigation";
  35 | import { useEffect, useState } from "react";
  36 | import { Bell, GraduationCap, Menu, Search, ShieldCheck, UserRound, WalletCards, X, LogOut, UserPlus } from "lucide-react";

Parsing ecmascript source code failed

Import trace:
  Server Component:
    ./src/components/layout/site-header.tsx
    ./src/app/layout.tsx @ http://localhost:3000/_next/static/chunks/node_modules_next_dist_1e8vcs8._.js:1052
[  981913ms] [ERROR] ./src/components/layout/site-header.tsx:33:1
Error: 'import', and 'export' cannot be used outside of module code
  31 | "use client";
  32 |
> 33 | import Link from "next/link";
     | ^^^^^^
  34 | import { usePathname } from "next/navigation";
  35 | import { useEffect, useState } from "react";
  36 | import { Bell, GraduationCap, Menu, Search, ShieldCheck, UserRound, WalletCards, X, LogOut, UserPlus } from "lucide-react";

Parsing ecmascript source code failed

Import trace:
  Server Component:
    ./src/components/layout/site-header.tsx
    ./src/app/layout.tsx @ http://localhost:3000/_next/static/chunks/node_modules_next_dist_1e8vcs8._.js:1052
[  981974ms] [ERROR] ./src/components/layout/site-header.tsx:33:1
Error: 'import', and 'export' cannot be used outside of module code
  31 | "use client";
  32 |
> 33 | import Link from "next/link";
     | ^^^^^^
  34 | import { usePathname } from "next/navigation";
  35 | import { useEffect, useState } from "react";
  36 | import { Bell, GraduationCap, Menu, Search, ShieldCheck, UserRound, WalletCards, X, LogOut, UserPlus } from "lucide-react";

Parsing ecmascript source code failed

Import trace:
  Server Component:
    ./src/components/layout/site-header.tsx
    ./src/app/layout.tsx @ http://localhost:3000/_next/static/chunks/node_modules_next_dist_1e8vcs8._.js:1052
[  982037ms] [ERROR] ./src/components/layout/site-header.tsx:33:1
Error: 'import', and 'export' cannot be used outside of module code
  31 | "use client";
  32 |
> 33 | import Link from "next/link";
     | ^^^^^^
  34 | import { usePathname } from "next/navigation";
  35 | import { useEffect, useState } from "react";
  36 | import { Bell, GraduationCap, Menu, Search, ShieldCheck, UserRound, WalletCards, X, LogOut, UserPlus } from "lucide-react";

Parsing ecmascript source code failed

Import trace:
  Server Component:
    ./src/components/layout/site-header.tsx
    ./src/app/layout.tsx @ http://localhost:3000/_next/static/chunks/node_modules_next_dist_1e8vcs8._.js:1052
[  982099ms] [ERROR] ./src/components/layout/site-header.tsx:33:1
Error: 'import', and 'export' cannot be used outside of module code
  31 | "use client";
  32 |
> 33 | import Link from "next/link";
     | ^^^^^^
  34 | import { usePathname } from "next/navigation";
  35 | import { useEffect, useState } from "react";
  36 | import { Bell, GraduationCap, Menu, Search, ShieldCheck, UserRound, WalletCards, X, LogOut, UserPlus } from "lucide-react";

Parsing ecmascript source code failed

Import trace:
  Server Component:
    ./src/components/layout/site-header.tsx
    ./src/app/layout.tsx @ http://localhost:3000/_next/static/chunks/node_modules_next_dist_1e8vcs8._.js:1052
[  982161ms] [ERROR] ./src/components/layout/site-header.tsx:33:1
Error: 'import', and 'export' cannot be used outside of module code
  31 | "use client";
  32 |
> 33 | import Link from "next/link";
     | ^^^^^^
  34 | import { usePathname } from "next/navigation";
  35 | import { useEffect, useState } from "react";
  36 | import { Bell, GraduationCap, Menu, Search, ShieldCheck, UserRound, WalletCards, X, LogOut, UserPlus } from "lucide-react";

Parsing ecmascript source code failed

Import trace:
  Server Component:
    ./src/components/layout/site-header.tsx
    ./src/app/layout.tsx @ http://localhost:3000/_next/static/chunks/node_modules_next_dist_1e8vcs8._.js:1052
[  982223ms] [ERROR] ./src/components/layout/site-header.tsx:33:1
Error: 'import', and 'export' cannot be used outside of module code
  31 | "use client";
  32 |
> 33 | import Link from "next/link";
     | ^^^^^^
  34 | import { usePathname } from "next/navigation";
  35 | import { useEffect, useState } from "react";
  36 | import { Bell, GraduationCap, Menu, Search, ShieldCheck, UserRound, WalletCards, X, LogOut, UserPlus } from "lucide-react";

Parsing ecmascript source code failed

Import trace:
  Server Component:
    ./src/components/layout/site-header.tsx
    ./src/app/layout.tsx @ http://localhost:3000/_next/static/chunks/node_modules_next_dist_1e8vcs8._.js:1052
[  982286ms] [ERROR] ./src/components/layout/site-header.tsx:33:1
Error: 'import', and 'export' cannot be used outside of module code
  31 | "use client";
  32 |
> 33 | import Link from "next/link";
     | ^^^^^^
  34 | import { usePathname } from "next/navigation";
  35 | import { useEffect, useState } from "react";
  36 | import { Bell, GraduationCap, Menu, Search, ShieldCheck, UserRound, WalletCards, X, LogOut, UserPlus } from "lucide-react";

Parsing ecmascript source code failed

Import trace:
  Server Component:
    ./src/components/layout/site-header.tsx
    ./src/app/layout.tsx @ http://localhost:3000/_next/static/chunks/node_modules_next_dist_1e8vcs8._.js:1052
[  982347ms] [ERROR] ./src/components/layout/site-header.tsx:33:1
Error: 'import', and 'export' cannot be used outside of module code
  31 | "use client";
  32 |
> 33 | import Link from "next/link";
     | ^^^^^^
  34 | import { usePathname } from "next/navigation";
  35 | import { useEffect, useState } from "react";
  36 | import { Bell, GraduationCap, Menu, Search, ShieldCheck, UserRound, WalletCards, X, LogOut, UserPlus } from "lucide-react";

Parsing ecmascript source code failed

Import trace:
  Server Component:
    ./src/components/layout/site-header.tsx
    ./src/app/layout.tsx @ http://localhost:3000/_next/static/chunks/node_modules_next_dist_1e8vcs8._.js:1052
[  982410ms] [ERROR] ./src/components/layout/site-header.tsx:33:1
Error: 'import', and 'export' cannot be used outside of module code
  31 | "use client";
  32 |
> 33 | import Link from "next/link";
     | ^^^^^^
  34 | import { usePathname } from "next/navigation";
  35 | import { useEffect, useState } from "react";
  36 | import { Bell, GraduationCap, Menu, Search, ShieldCheck, UserRound, WalletCards, X, LogOut, UserPlus } from "lucide-react";

Parsing ecmascript source code failed

Import trace:
  Server Component:
    ./src/components/layout/site-header.tsx
    ./src/app/layout.tsx @ http://localhost:3000/_next/static/chunks/node_modules_next_dist_1e8vcs8._.js:1052
[  982471ms] [ERROR] ./src/components/layout/site-header.tsx:33:1
Error: 'import', and 'export' cannot be used outside of module code
  31 | "use client";
  32 |
> 33 | import Link from "next/link";
     | ^^^^^^
  34 | import { usePathname } from "next/navigation";
  35 | import { useEffect, useState } from "react";
  36 | import { Bell, GraduationCap, Menu, Search, ShieldCheck, UserRound, WalletCards, X, LogOut, UserPlus } from "lucide-react";

Parsing ecmascript source code failed

Import trace:
  Server Component:
    ./src/components/layout/site-header.tsx
    ./src/app/layout.tsx @ http://localhost:3000/_next/static/chunks/node_modules_next_dist_1e8vcs8._.js:1052
[  982533ms] [ERROR] ./src/components/layout/site-header.tsx:33:1
Error: 'import', and 'export' cannot be used outside of module code
  31 | "use client";
  32 |
> 33 | import Link from "next/link";
     | ^^^^^^
  34 | import { usePathname } from "next/navigation";
  35 | import { useEffect, useState } from "react";
  36 | import { Bell, GraduationCap, Menu, Search, ShieldCheck, UserRound, WalletCards, X, LogOut, UserPlus } from "lucide-react";

Parsing ecmascript source code failed

Import trace:
  Server Component:
    ./src/components/layout/site-header.tsx
    ./src/app/layout.tsx @ http://localhost:3000/_next/static/chunks/node_modules_next_dist_1e8vcs8._.js:1052
[  982596ms] [ERROR] ./src/components/layout/site-header.tsx:33:1
Error: 'import', and 'export' cannot be used outside of module code
  31 | "use client";
  32 |
> 33 | import Link from "next/link";
     | ^^^^^^
  34 | import { usePathname } from "next/navigation";
  35 | import { useEffect, useState } from "react";
  36 | import { Bell, GraduationCap, Menu, Search, ShieldCheck, UserRound, WalletCards, X, LogOut, UserPlus } from "lucide-react";

Parsing ecmascript source code failed

Import trace:
  Server Component:
    ./src/components/layout/site-header.tsx
    ./src/app/layout.tsx @ http://localhost:3000/_next/static/chunks/node_modules_next_dist_1e8vcs8._.js:1052
[  982659ms] [ERROR] ./src/components/layout/site-header.tsx:33:1
Error: 'import', and 'export' cannot be used outside of module code
  31 | "use client";
  32 |
> 33 | import Link from "next/link";
     | ^^^^^^
  34 | import { usePathname } from "next/navigation";
  35 | import { useEffect, useState } from "react";
  36 | import { Bell, GraduationCap, Menu, Search, ShieldCheck, UserRound, WalletCards, X, LogOut, UserPlus } from "lucide-react";

Parsing ecmascript source code failed

Import trace:
  Server Component:
    ./src/components/layout/site-header.tsx
    ./src/app/layout.tsx @ http://localhost:3000/_next/static/chunks/node_modules_next_dist_1e8vcs8._.js:1052
[  982721ms] [ERROR] ./src/components/layout/site-header.tsx:33:1
Error: 'import', and 'export' cannot be used outside of module code
  31 | "use client";
  32 |
> 33 | import Link from "next/link";
     | ^^^^^^
  34 | import { usePathname } from "next/navigation";
  35 | import { useEffect, useState } from "react";
  36 | import { Bell, GraduationCap, Menu, Search, ShieldCheck, UserRound, WalletCards, X, LogOut, UserPlus } from "lucide-react";

Parsing ecmascript source code failed

Import trace:
  Server Component:
    ./src/components/layout/site-header.tsx
    ./src/app/layout.tsx @ http://localhost:3000/_next/static/chunks/node_modules_next_dist_1e8vcs8._.js:1052
[  982785ms] [ERROR] ./src/components/layout/site-header.tsx:33:1
Error: 'import', and 'export' cannot be used outside of module code
  31 | "use client";
  32 |
> 33 | import Link from "next/link";
     | ^^^^^^
  34 | import { usePathname } from "next/navigation";
  35 | import { useEffect, useState } from "react";
  36 | import { Bell, GraduationCap, Menu, Search, ShieldCheck, UserRound, WalletCards, X, LogOut, UserPlus } from "lucide-react";

Parsing ecmascript source code failed

Import trace:
  Server Component:
    ./src/components/layout/site-header.tsx
    ./src/app/layout.tsx @ http://localhost:3000/_next/static/chunks/node_modules_next_dist_1e8vcs8._.js:1052
[  982846ms] [ERROR] ./src/components/layout/site-header.tsx:33:1
Error: 'import', and 'export' cannot be used outside of module code
  31 | "use client";
  32 |
> 33 | import Link from "next/link";
     | ^^^^^^
  34 | import { usePathname } from "next/navigation";
  35 | import { useEffect, useState } from "react";
  36 | import { Bell, GraduationCap, Menu, Search, ShieldCheck, UserRound, WalletCards, X, LogOut, UserPlus } from "lucide-react";

Parsing ecmascript source code failed

Import trace:
  Server Component:
    ./src/components/layout/site-header.tsx
    ./src/app/layout.tsx @ http://localhost:3000/_next/static/chunks/node_modules_next_dist_1e8vcs8._.js:1052
[  982909ms] [ERROR] ./src/components/layout/site-header.tsx:33:1
Error: 'import', and 'export' cannot be used outside of module code
  31 | "use client";
  32 |
> 33 | import Link from "next/link";
     | ^^^^^^
  34 | import { usePathname } from "next/navigation";
  35 | import { useEffect, useState } from "react";
  36 | import { Bell, GraduationCap, Menu, Search, ShieldCheck, UserRound, WalletCards, X, LogOut, UserPlus } from "lucide-react";

Parsing ecmascript source code failed

Import trace:
  Server Component:
    ./src/components/layout/site-header.tsx
    ./src/app/layout.tsx @ http://localhost:3000/_next/static/chunks/node_modules_next_dist_1e8vcs8._.js:1052
[  982971ms] [ERROR] ./src/components/layout/site-header.tsx:33:1
Error: 'import', and 'export' cannot be used outside of module code
  31 | "use client";
  32 |
> 33 | import Link from "next/link";
     | ^^^^^^
  34 | import { usePathname } from "next/navigation";
  35 | import { useEffect, useState } from "react";
  36 | import { Bell, GraduationCap, Menu, Search, ShieldCheck, UserRound, WalletCards, X, LogOut, UserPlus } from "lucide-react";

Parsing ecmascript source code failed

Import trace:
  Server Component:
    ./src/components/layout/site-header.tsx
    ./src/app/layout.tsx @ http://localhost:3000/_next/static/chunks/node_modules_next_dist_1e8vcs8._.js:1052
[  983033ms] [ERROR] ./src/components/layout/site-header.tsx:33:1
Error: 'import', and 'export' cannot be used outside of module code
  31 | "use client";
  32 |
> 33 | import Link from "next/link";
     | ^^^^^^
  34 | import { usePathname } from "next/navigation";
  35 | import { useEffect, useState } from "react";
  36 | import { Bell, GraduationCap, Menu, Search, ShieldCheck, UserRound, WalletCards, X, LogOut, UserPlus } from "lucide-react";

Parsing ecmascript source code failed

Import trace:
  Server Component:
    ./src/components/layout/site-header.tsx
    ./src/app/layout.tsx @ http://localhost:3000/_next/static/chunks/node_modules_next_dist_1e8vcs8._.js:1052
[  983096ms] [ERROR] ./src/components/layout/site-header.tsx:33:1
Error: 'import', and 'export' cannot be used outside of module code
  31 | "use client";
  32 |
> 33 | import Link from "next/link";
     | ^^^^^^
  34 | import { usePathname } from "next/navigation";
  35 | import { useEffect, useState } from "react";
  36 | import { Bell, GraduationCap, Menu, Search, ShieldCheck, UserRound, WalletCards, X, LogOut, UserPlus } from "lucide-react";

Parsing ecmascript source code failed

Import trace:
  Server Component:
    ./src/components/layout/site-header.tsx
    ./src/app/layout.tsx @ http://localhost:3000/_next/static/chunks/node_modules_next_dist_1e8vcs8._.js:1052
[  983298ms] [ERROR] ./src/components/layout/site-header.tsx:33:1
Error: 'import', and 'export' cannot be used outside of module code
  31 | "use client";
  32 |
> 33 | import Link from "next/link";
     | ^^^^^^
  34 | import { usePathname } from "next/navigation";
  35 | import { useEffect, useState } from "react";
  36 | import { Bell, GraduationCap, Menu, Search, ShieldCheck, UserRound, WalletCards, X, LogOut, UserPlus } from "lucide-react";

Parsing ecmascript source code failed

Import trace:
  Server Component:
    ./src/components/layout/site-header.tsx
    ./src/app/layout.tsx @ http://localhost:3000/_next/static/chunks/node_modules_next_dist_1e8vcs8._.js:1052
[  983360ms] [ERROR] ./src/components/layout/site-header.tsx:33:1
Error: 'import', and 'export' cannot be used outside of module code
  31 | "use client";
  32 |
> 33 | import Link from "next/link";
     | ^^^^^^
  34 | import { usePathname } from "next/navigation";
  35 | import { useEffect, useState } from "react";
  36 | import { Bell, GraduationCap, Menu, Search, ShieldCheck, UserRound, WalletCards, X, LogOut, UserPlus } from "lucide-react";

Parsing ecmascript source code failed

Import trace:
  Server Component:
    ./src/components/layout/site-header.tsx
    ./src/app/layout.tsx @ http://localhost:3000/_next/static/chunks/node_modules_next_dist_1e8vcs8._.js:1052
[  983422ms] [ERROR] ./src/components/layout/site-header.tsx:33:1
Error: 'import', and 'export' cannot be used outside of module code
  31 | "use client";
  32 |
> 33 | import Link from "next/link";
     | ^^^^^^
  34 | import { usePathname } from "next/navigation";
  35 | import { useEffect, useState } from "react";
  36 | import { Bell, GraduationCap, Menu, Search, ShieldCheck, UserRound, WalletCards, X, LogOut, UserPlus } from "lucide-react";

Parsing ecmascript source code failed

Import trace:
  Server Component:
    ./src/components/layout/site-header.tsx
    ./src/app/layout.tsx @ http://localhost:3000/_next/static/chunks/node_modules_next_dist_1e8vcs8._.js:1052
[  983483ms] [ERROR] ./src/components/layout/site-header.tsx:33:1
Error: 'import', and 'export' cannot be used outside of module code
  31 | "use client";
  32 |
> 33 | import Link from "next/link";
     | ^^^^^^
  34 | import { usePathname } from "next/navigation";
  35 | import { useEffect, useState } from "react";
  36 | import { Bell, GraduationCap, Menu, Search, ShieldCheck, UserRound, WalletCards, X, LogOut, UserPlus } from "lucide-react";

Parsing ecmascript source code failed

Import trace:
  Server Component:
    ./src/components/layout/site-header.tsx
    ./src/app/layout.tsx @ http://localhost:3000/_next/static/chunks/node_modules_next_dist_1e8vcs8._.js:1052
[  983546ms] [ERROR] ./src/components/layout/site-header.tsx:33:1
Error: 'import', and 'export' cannot be used outside of module code
  31 | "use client";
  32 |
> 33 | import Link from "next/link";
     | ^^^^^^
  34 | import { usePathname } from "next/navigation";
  35 | import { useEffect, useState } from "react";
  36 | import { Bell, GraduationCap, Menu, Search, ShieldCheck, UserRound, WalletCards, X, LogOut, UserPlus } from "lucide-react";

Parsing ecmascript source code failed

Import trace:
  Server Component:
    ./src/components/layout/site-header.tsx
    ./src/app/layout.tsx @ http://localhost:3000/_next/static/chunks/node_modules_next_dist_1e8vcs8._.js:1052
[  983608ms] [ERROR] ./src/components/layout/site-header.tsx:33:1
Error: 'import', and 'export' cannot be used outside of module code
  31 | "use client";
  32 |
> 33 | import Link from "next/link";
     | ^^^^^^
  34 | import { usePathname } from "next/navigation";
  35 | import { useEffect, useState } from "react";
  36 | import { Bell, GraduationCap, Menu, Search, ShieldCheck, UserRound, WalletCards, X, LogOut, UserPlus } from "lucide-react";

Parsing ecmascript source code failed

Import trace:
  Server Component:
    ./src/components/layout/site-header.tsx
    ./src/app/layout.tsx @ http://localhost:3000/_next/static/chunks/node_modules_next_dist_1e8vcs8._.js:1052
[  983670ms] [ERROR] ./src/components/layout/site-header.tsx:33:1
Error: 'import', and 'export' cannot be used outside of module code
  31 | "use client";
  32 |
> 33 | import Link from "next/link";
     | ^^^^^^
  34 | import { usePathname } from "next/navigation";
  35 | import { useEffect, useState } from "react";
  36 | import { Bell, GraduationCap, Menu, Search, ShieldCheck, UserRound, WalletCards, X, LogOut, UserPlus } from "lucide-react";

Parsing ecmascript source code failed

Import trace:
  Server Component:
    ./src/components/layout/site-header.tsx
    ./src/app/layout.tsx @ http://localhost:3000/_next/static/chunks/node_modules_next_dist_1e8vcs8._.js:1052
[  983732ms] [ERROR] ./src/components/layout/site-header.tsx:33:1
Error: 'import', and 'export' cannot be used outside of module code
  31 | "use client";
  32 |
> 33 | import Link from "next/link";
     | ^^^^^^
  34 | import { usePathname } from "next/navigation";
  35 | import { useEffect, useState } from "react";
  36 | import { Bell, GraduationCap, Menu, Search, ShieldCheck, UserRound, WalletCards, X, LogOut, UserPlus } from "lucide-react";

Parsing ecmascript source code failed

Import trace:
  Server Component:
    ./src/components/layout/site-header.tsx
    ./src/app/layout.tsx @ http://localhost:3000/_next/static/chunks/node_modules_next_dist_1e8vcs8._.js:1052
[  983794ms] [ERROR] ./src/components/layout/site-header.tsx:33:1
Error: 'import', and 'export' cannot be used outside of module code
  31 | "use client";
  32 |
> 33 | import Link from "next/link";
     | ^^^^^^
  34 | import { usePathname } from "next/navigation";
  35 | import { useEffect, useState } from "react";
  36 | import { Bell, GraduationCap, Menu, Search, ShieldCheck, UserRound, WalletCards, X, LogOut, UserPlus } from "lucide-react";

Parsing ecmascript source code failed

Import trace:
  Server Component:
    ./src/components/layout/site-header.tsx
    ./src/app/layout.tsx @ http://localhost:3000/_next/static/chunks/node_modules_next_dist_1e8vcs8._.js:1052
[  983857ms] [ERROR] ./src/components/layout/site-header.tsx:33:1
Error: 'import', and 'export' cannot be used outside of module code
  31 | "use client";
  32 |
> 33 | import Link from "next/link";
     | ^^^^^^
  34 | import { usePathname } from "next/navigation";
  35 | import { useEffect, useState } from "react";
  36 | import { Bell, GraduationCap, Menu, Search, ShieldCheck, UserRound, WalletCards, X, LogOut, UserPlus } from "lucide-react";

Parsing ecmascript source code failed

Import trace:
  Server Component:
    ./src/components/layout/site-header.tsx
    ./src/app/layout.tsx @ http://localhost:3000/_next/static/chunks/node_modules_next_dist_1e8vcs8._.js:1052
[  983919ms] [ERROR] ./src/components/layout/site-header.tsx:33:1
Error: 'import', and 'export' cannot be used outside of module code
  31 | "use client";
  32 |
> 33 | import Link from "next/link";
     | ^^^^^^
  34 | import { usePathname } from "next/navigation";
  35 | import { useEffect, useState } from "react";
  36 | import { Bell, GraduationCap, Menu, Search, ShieldCheck, UserRound, WalletCards, X, LogOut, UserPlus } from "lucide-react";

Parsing ecmascript source code failed

Import trace:
  Server Component:
    ./src/components/layout/site-header.tsx
    ./src/app/layout.tsx @ http://localhost:3000/_next/static/chunks/node_modules_next_dist_1e8vcs8._.js:1052
[  983981ms] [ERROR] ./src/components/layout/site-header.tsx:33:1
Error: 'import', and 'export' cannot be used outside of module code
  31 | "use client";
  32 |
> 33 | import Link from "next/link";
     | ^^^^^^
  34 | import { usePathname } from "next/navigation";
  35 | import { useEffect, useState } from "react";
  36 | import { Bell, GraduationCap, Menu, Search, ShieldCheck, UserRound, WalletCards, X, LogOut, UserPlus } from "lucide-react";

Parsing ecmascript source code failed

Import trace:
  Server Component:
    ./src/components/layout/site-header.tsx
    ./src/app/layout.tsx @ http://localhost:3000/_next/static/chunks/node_modules_next_dist_1e8vcs8._.js:1052
[  984043ms] [ERROR] ./src/components/layout/site-header.tsx:33:1
Error: 'import', and 'export' cannot be used outside of module code
  31 | "use client";
  32 |
> 33 | import Link from "next/link";
     | ^^^^^^
  34 | import { usePathname } from "next/navigation";
  35 | import { useEffect, useState } from "react";
  36 | import { Bell, GraduationCap, Menu, Search, ShieldCheck, UserRound, WalletCards, X, LogOut, UserPlus } from "lucide-react";

Parsing ecmascript source code failed

Import trace:
  Server Component:
    ./src/components/layout/site-header.tsx
    ./src/app/layout.tsx @ http://localhost:3000/_next/static/chunks/node_modules_next_dist_1e8vcs8._.js:1052
[  984105ms] [ERROR] ./src/components/layout/site-header.tsx:33:1
Error: 'import', and 'export' cannot be used outside of module code
  31 | "use client";
  32 |
> 33 | import Link from "next/link";
     | ^^^^^^
  34 | import { usePathname } from "next/navigation";
  35 | import { useEffect, useState } from "react";
  36 | import { Bell, GraduationCap, Menu, Search, ShieldCheck, UserRound, WalletCards, X, LogOut, UserPlus } from "lucide-react";

Parsing ecmascript source code failed

Import trace:
  Server Component:
    ./src/components/layout/site-header.tsx
    ./src/app/layout.tsx @ http://localhost:3000/_next/static/chunks/node_modules_next_dist_1e8vcs8._.js:1052
[  984167ms] [ERROR] ./src/components/layout/site-header.tsx:33:1
Error: 'import', and 'export' cannot be used outside of module code
  31 | "use client";
  32 |
> 33 | import Link from "next/link";
     | ^^^^^^
  34 | import { usePathname } from "next/navigation";
  35 | import { useEffect, useState } from "react";
  36 | import { Bell, GraduationCap, Menu, Search, ShieldCheck, UserRound, WalletCards, X, LogOut, UserPlus } from "lucide-react";

Parsing ecmascript source code failed

Import trace:
  Server Component:
    ./src/components/layout/site-header.tsx
    ./src/app/layout.tsx @ http://localhost:3000/_next/static/chunks/node_modules_next_dist_1e8vcs8._.js:1052
[  984230ms] [ERROR] ./src/components/layout/site-header.tsx:33:1
Error: 'import', and 'export' cannot be used outside of module code
  31 | "use client";
  32 |
> 33 | import Link from "next/link";
     | ^^^^^^
  34 | import { usePathname } from "next/navigation";
  35 | import { useEffect, useState } from "react";
  36 | import { Bell, GraduationCap, Menu, Search, ShieldCheck, UserRound, WalletCards, X, LogOut, UserPlus } from "lucide-react";

Parsing ecmascript source code failed

Import trace:
  Server Component:
    ./src/components/layout/site-header.tsx
    ./src/app/layout.tsx @ http://localhost:3000/_next/static/chunks/node_modules_next_dist_1e8vcs8._.js:1052
[  984291ms] [ERROR] ./src/components/layout/site-header.tsx:33:1
Error: 'import', and 'export' cannot be used outside of module code
  31 | "use client";
  32 |
> 33 | import Link from "next/link";
     | ^^^^^^
  34 | import { usePathname } from "next/navigation";
  35 | import { useEffect, useState } from "react";
  36 | import { Bell, GraduationCap, Menu, Search, ShieldCheck, UserRound, WalletCards, X, LogOut, UserPlus } from "lucide-react";

Parsing ecmascript source code failed

Import trace:
  Server Component:
    ./src/components/layout/site-header.tsx
    ./src/app/layout.tsx @ http://localhost:3000/_next/static/chunks/node_modules_next_dist_1e8vcs8._.js:1052
[  984353ms] [ERROR] ./src/components/layout/site-header.tsx:33:1
Error: 'import', and 'export' cannot be used outside of module code
  31 | "use client";
  32 |
> 33 | import Link from "next/link";
     | ^^^^^^
  34 | import { usePathname } from "next/navigation";
  35 | import { useEffect, useState } from "react";
  36 | import { Bell, GraduationCap, Menu, Search, ShieldCheck, UserRound, WalletCards, X, LogOut, UserPlus } from "lucide-react";

Parsing ecmascript source code failed

Import trace:
  Server Component:
    ./src/components/layout/site-header.tsx
    ./src/app/layout.tsx @ http://localhost:3000/_next/static/chunks/node_modules_next_dist_1e8vcs8._.js:1052
[  984414ms] [ERROR] ./src/components/layout/site-header.tsx:33:1
Error: 'import', and 'export' cannot be used outside of module code
  31 | "use client";
  32 |
> 33 | import Link from "next/link";
     | ^^^^^^
  34 | import { usePathname } from "next/navigation";
  35 | import { useEffect, useState } from "react";
  36 | import { Bell, GraduationCap, Menu, Search, ShieldCheck, UserRound, WalletCards, X, LogOut, UserPlus } from "lucide-react";

Parsing ecmascript source code failed

Import trace:
  Server Component:
    ./src/components/layout/site-header.tsx
    ./src/app/layout.tsx @ http://localhost:3000/_next/static/chunks/node_modules_next_dist_1e8vcs8._.js:1052
[  984475ms] [ERROR] ./src/components/layout/site-header.tsx:33:1
Error: 'import', and 'export' cannot be used outside of module code
  31 | "use client";
  32 |
> 33 | import Link from "next/link";
     | ^^^^^^
  34 | import { usePathname } from "next/navigation";
  35 | import { useEffect, useState } from "react";
  36 | import { Bell, GraduationCap, Menu, Search, ShieldCheck, UserRound, WalletCards, X, LogOut, UserPlus } from "lucide-react";

Parsing ecmascript source code failed

Import trace:
  Server Component:
    ./src/components/layout/site-header.tsx
    ./src/app/layout.tsx @ http://localhost:3000/_next/static/chunks/node_modules_next_dist_1e8vcs8._.js:1052
[  984615ms] [ERROR] ./src/components/layout/site-header.tsx:33:1
Error: 'import', and 'export' cannot be used outside of module code
  31 | "use client";
  32 |
> 33 | import Link from "next/link";
     | ^^^^^^
  34 | import { usePathname } from "next/navigation";
  35 | import { useEffect, useState } from "react";
  36 | import { Bell, GraduationCap, Menu, Search, ShieldCheck, UserRound, WalletCards, X, LogOut, UserPlus } from "lucide-react";

Parsing ecmascript source code failed

Import trace:
  Server Component:
    ./src/components/layout/site-header.tsx
    ./src/app/layout.tsx @ http://localhost:3000/_next/static/chunks/node_modules_next_dist_1e8vcs8._.js:1052
[  984677ms] [ERROR] ./src/components/layout/site-header.tsx:33:1
Error: 'import', and 'export' cannot be used outside of module code
  31 | "use client";
  32 |
> 33 | import Link from "next/link";
     | ^^^^^^
  34 | import { usePathname } from "next/navigation";
  35 | import { useEffect, useState } from "react";
  36 | import { Bell, GraduationCap, Menu, Search, ShieldCheck, UserRound, WalletCards, X, LogOut, UserPlus } from "lucide-react";

Parsing ecmascript source code failed

Import trace:
  Server Component:
    ./src/components/layout/site-header.tsx
    ./src/app/layout.tsx @ http://localhost:3000/_next/static/chunks/node_modules_next_dist_1e8vcs8._.js:1052
[  984738ms] [ERROR] ./src/components/layout/site-header.tsx:33:1
Error: 'import', and 'export' cannot be used outside of module code
  31 | "use client";
  32 |
> 33 | import Link from "next/link";
     | ^^^^^^
  34 | import { usePathname } from "next/navigation";
  35 | import { useEffect, useState } from "react";
  36 | import { Bell, GraduationCap, Menu, Search, ShieldCheck, UserRound, WalletCards, X, LogOut, UserPlus } from "lucide-react";

Parsing ecmascript source code failed

Import trace:
  Server Component:
    ./src/components/layout/site-header.tsx
    ./src/app/layout.tsx @ http://localhost:3000/_next/static/chunks/node_modules_next_dist_1e8vcs8._.js:1052
[  984799ms] [ERROR] ./src/components/layout/site-header.tsx:33:1
Error: 'import', and 'export' cannot be used outside of module code
  31 | "use client";
  32 |
> 33 | import Link from "next/link";
     | ^^^^^^
  34 | import { usePathname } from "next/navigation";
  35 | import { useEffect, useState } from "react";
  36 | import { Bell, GraduationCap, Menu, Search, ShieldCheck, UserRound, WalletCards, X, LogOut, UserPlus } from "lucide-react";

Parsing ecmascript source code failed

Import trace:
  Server Component:
    ./src/components/layout/site-header.tsx
    ./src/app/layout.tsx @ http://localhost:3000/_next/static/chunks/node_modules_next_dist_1e8vcs8._.js:1052
[  984862ms] [ERROR] ./src/components/layout/site-header.tsx:33:1
Error: 'import', and 'export' cannot be used outside of module code
  31 | "use client";
  32 |
> 33 | import Link from "next/link";
     | ^^^^^^
  34 | import { usePathname } from "next/navigation";
  35 | import { useEffect, useState } from "react";
  36 | import { Bell, GraduationCap, Menu, Search, ShieldCheck, UserRound, WalletCards, X, LogOut, UserPlus } from "lucide-react";

Parsing ecmascript source code failed

Import trace:
  Server Component:
    ./src/components/layout/site-header.tsx
    ./src/app/layout.tsx @ http://localhost:3000/_next/static/chunks/node_modules_next_dist_1e8vcs8._.js:1052
[  984924ms] [ERROR] ./src/components/layout/site-header.tsx:33:1
Error: 'import', and 'export' cannot be used outside of module code
  31 | "use client";
  32 |
> 33 | import Link from "next/link";
     | ^^^^^^
  34 | import { usePathname } from "next/navigation";
  35 | import { useEffect, useState } from "react";
  36 | import { Bell, GraduationCap, Menu, Search, ShieldCheck, UserRound, WalletCards, X, LogOut, UserPlus } from "lucide-react";

Parsing ecmascript source code failed

Import trace:
  Server Component:
    ./src/components/layout/site-header.tsx
    ./src/app/layout.tsx @ http://localhost:3000/_next/static/chunks/node_modules_next_dist_1e8vcs8._.js:1052
[  984986ms] [ERROR] ./src/components/layout/site-header.tsx:33:1
Error: 'import', and 'export' cannot be used outside of module code
  31 | "use client";
  32 |
> 33 | import Link from "next/link";
     | ^^^^^^
  34 | import { usePathname } from "next/navigation";
  35 | import { useEffect, useState } from "react";
  36 | import { Bell, GraduationCap, Menu, Search, ShieldCheck, UserRound, WalletCards, X, LogOut, UserPlus } from "lucide-react";

Parsing ecmascript source code failed

Import trace:
  Server Component:
    ./src/components/layout/site-header.tsx
    ./src/app/layout.tsx @ http://localhost:3000/_next/static/chunks/node_modules_next_dist_1e8vcs8._.js:1052
[  985049ms] [ERROR] ./src/components/layout/site-header.tsx:33:1
Error: 'import', and 'export' cannot be used outside of module code
  31 | "use client";
  32 |
> 33 | import Link from "next/link";
     | ^^^^^^
  34 | import { usePathname } from "next/navigation";
  35 | import { useEffect, useState } from "react";
  36 | import { Bell, GraduationCap, Menu, Search, ShieldCheck, UserRound, WalletCards, X, LogOut, UserPlus } from "lucide-react";

Parsing ecmascript source code failed

Import trace:
  Server Component:
    ./src/components/layout/site-header.tsx
    ./src/app/layout.tsx @ http://localhost:3000/_next/static/chunks/node_modules_next_dist_1e8vcs8._.js:1052
[  985109ms] [ERROR] ./src/components/layout/site-header.tsx:33:1
Error: 'import', and 'export' cannot be used outside of module code
  31 | "use client";
  32 |
> 33 | import Link from "next/link";
     | ^^^^^^
  34 | import { usePathname } from "next/navigation";
  35 | import { useEffect, useState } from "react";
  36 | import { Bell, GraduationCap, Menu, Search, ShieldCheck, UserRound, WalletCards, X, LogOut, UserPlus } from "lucide-react";

Parsing ecmascript source code failed

Import trace:
  Server Component:
    ./src/components/layout/site-header.tsx
    ./src/app/layout.tsx @ http://localhost:3000/_next/static/chunks/node_modules_next_dist_1e8vcs8._.js:1052
[  985172ms] [ERROR] ./src/components/layout/site-header.tsx:33:1
Error: 'import', and 'export' cannot be used outside of module code
  31 | "use client";
  32 |
> 33 | import Link from "next/link";
     | ^^^^^^
  34 | import { usePathname } from "next/navigation";
  35 | import { useEffect, useState } from "react";
  36 | import { Bell, GraduationCap, Menu, Search, ShieldCheck, UserRound, WalletCards, X, LogOut, UserPlus } from "lucide-react";

Parsing ecmascript source code failed

Import trace:
  Server Component:
    ./src/components/layout/site-header.tsx
    ./src/app/layout.tsx @ http://localhost:3000/_next/static/chunks/node_modules_next_dist_1e8vcs8._.js:1052
[  985234ms] [ERROR] ./src/components/layout/site-header.tsx:33:1
Error: 'import', and 'export' cannot be used outside of module code
  31 | "use client";
  32 |
> 33 | import Link from "next/link";
     | ^^^^^^
  34 | import { usePathname } from "next/navigation";
  35 | import { useEffect, useState } from "react";
  36 | import { Bell, GraduationCap, Menu, Search, ShieldCheck, UserRound, WalletCards, X, LogOut, UserPlus } from "lucide-react";

Parsing ecmascript source code failed

Import trace:
  Server Component:
    ./src/components/layout/site-header.tsx
    ./src/app/layout.tsx @ http://localhost:3000/_next/static/chunks/node_modules_next_dist_1e8vcs8._.js:1052
[  985296ms] [ERROR] ./src/components/layout/site-header.tsx:33:1
Error: 'import', and 'export' cannot be used outside of module code
  31 | "use client";
  32 |
> 33 | import Link from "next/link";
     | ^^^^^^
  34 | import { usePathname } from "next/navigation";
  35 | import { useEffect, useState } from "react";
  36 | import { Bell, GraduationCap, Menu, Search, ShieldCheck, UserRound, WalletCards, X, LogOut, UserPlus } from "lucide-react";

Parsing ecmascript source code failed

Import trace:
  Server Component:
    ./src/components/layout/site-header.tsx
    ./src/app/layout.tsx @ http://localhost:3000/_next/static/chunks/node_modules_next_dist_1e8vcs8._.js:1052
[  985359ms] [ERROR] ./src/components/layout/site-header.tsx:33:1
Error: 'import', and 'export' cannot be used outside of module code
  31 | "use client";
  32 |
> 33 | import Link from "next/link";
     | ^^^^^^
  34 | import { usePathname } from "next/navigation";
  35 | import { useEffect, useState } from "react";
  36 | import { Bell, GraduationCap, Menu, Search, ShieldCheck, UserRound, WalletCards, X, LogOut, UserPlus } from "lucide-react";

Parsing ecmascript source code failed

Import trace:
  Server Component:
    ./src/components/layout/site-header.tsx
    ./src/app/layout.tsx @ http://localhost:3000/_next/static/chunks/node_modules_next_dist_1e8vcs8._.js:1052
[  985421ms] [ERROR] ./src/components/layout/site-header.tsx:33:1
Error: 'import', and 'export' cannot be used outside of module code
  31 | "use client";
  32 |
> 33 | import Link from "next/link";
     | ^^^^^^
  34 | import { usePathname } from "next/navigation";
  35 | import { useEffect, useState } from "react";
  36 | import { Bell, GraduationCap, Menu, Search, ShieldCheck, UserRound, WalletCards, X, LogOut, UserPlus } from "lucide-react";

Parsing ecmascript source code failed

Import trace:
  Server Component:
    ./src/components/layout/site-header.tsx
    ./src/app/layout.tsx @ http://localhost:3000/_next/static/chunks/node_modules_next_dist_1e8vcs8._.js:1052
[  985482ms] [ERROR] ./src/components/layout/site-header.tsx:33:1
Error: 'import', and 'export' cannot be used outside of module code
  31 | "use client";
  32 |
> 33 | import Link from "next/link";
     | ^^^^^^
  34 | import { usePathname } from "next/navigation";
  35 | import { useEffect, useState } from "react";
  36 | import { Bell, GraduationCap, Menu, Search, ShieldCheck, UserRound, WalletCards, X, LogOut, UserPlus } from "lucide-react";

Parsing ecmascript source code failed

Import trace:
  Server Component:
    ./src/components/layout/site-header.tsx
    ./src/app/layout.tsx @ http://localhost:3000/_next/static/chunks/node_modules_next_dist_1e8vcs8._.js:1052
[  985544ms] [ERROR] ./src/components/layout/site-header.tsx:33:1
Error: 'import', and 'export' cannot be used outside of module code
  31 | "use client";
  32 |
> 33 | import Link from "next/link";
     | ^^^^^^
  34 | import { usePathname } from "next/navigation";
  35 | import { useEffect, useState } from "react";
  36 | import { Bell, GraduationCap, Menu, Search, ShieldCheck, UserRound, WalletCards, X, LogOut, UserPlus } from "lucide-react";

Parsing ecmascript source code failed

Import trace:
  Server Component:
    ./src/components/layout/site-header.tsx
    ./src/app/layout.tsx @ http://localhost:3000/_next/static/chunks/node_modules_next_dist_1e8vcs8._.js:1052
[  985605ms] [ERROR] ./src/components/layout/site-header.tsx:33:1
Error: 'import', and 'export' cannot be used outside of module code
  31 | "use client";
  32 |
> 33 | import Link from "next/link";
     | ^^^^^^
  34 | import { usePathname } from "next/navigation";
  35 | import { useEffect, useState } from "react";
  36 | import { Bell, GraduationCap, Menu, Search, ShieldCheck, UserRound, WalletCards, X, LogOut, UserPlus } from "lucide-react";

Parsing ecmascript source code failed

Import trace:
  Server Component:
    ./src/components/layout/site-header.tsx
    ./src/app/layout.tsx @ http://localhost:3000/_next/static/chunks/node_modules_next_dist_1e8vcs8._.js:1052
[  985667ms] [ERROR] ./src/components/layout/site-header.tsx:33:1
Error: 'import', and 'export' cannot be used outside of module code
  31 | "use client";
  32 |
> 33 | import Link from "next/link";
     | ^^^^^^
  34 | import { usePathname } from "next/navigation";
  35 | import { useEffect, useState } from "react";
  36 | import { Bell, GraduationCap, Menu, Search, ShieldCheck, UserRound, WalletCards, X, LogOut, UserPlus } from "lucide-react";

Parsing ecmascript source code failed

Import trace:
  Server Component:
    ./src/components/layout/site-header.tsx
    ./src/app/layout.tsx @ http://localhost:3000/_next/static/chunks/node_modules_next_dist_1e8vcs8._.js:1052
[  985729ms] [ERROR] ./src/components/layout/site-header.tsx:33:1
Error: 'import', and 'export' cannot be used outside of module code
  31 | "use client";
  32 |
> 33 | import Link from "next/link";
     | ^^^^^^
  34 | import { usePathname } from "next/navigation";
  35 | import { useEffect, useState } from "react";
  36 | import { Bell, GraduationCap, Menu, Search, ShieldCheck, UserRound, WalletCards, X, LogOut, UserPlus } from "lucide-react";

Parsing ecmascript source code failed

Import trace:
  Server Component:
    ./src/components/layout/site-header.tsx
    ./src/app/layout.tsx @ http://localhost:3000/_next/static/chunks/node_modules_next_dist_1e8vcs8._.js:1052
[  985791ms] [ERROR] ./src/components/layout/site-header.tsx:33:1
Error: 'import', and 'export' cannot be used outside of module code
  31 | "use client";
  32 |
> 33 | import Link from "next/link";
     | ^^^^^^
  34 | import { usePathname } from "next/navigation";
  35 | import { useEffect, useState } from "react";
  36 | import { Bell, GraduationCap, Menu, Search, ShieldCheck, UserRound, WalletCards, X, LogOut, UserPlus } from "lucide-react";

Parsing ecmascript source code failed

Import trace:
  Server Component:
    ./src/components/layout/site-header.tsx
    ./src/app/layout.tsx @ http://localhost:3000/_next/static/chunks/node_modules_next_dist_1e8vcs8._.js:1052
[  985852ms] [ERROR] ./src/components/layout/site-header.tsx:33:1
Error: 'import', and 'export' cannot be used outside of module code
  31 | "use client";
  32 |
> 33 | import Link from "next/link";
     | ^^^^^^
  34 | import { usePathname } from "next/navigation";
  35 | import { useEffect, useState } from "react";
  36 | import { Bell, GraduationCap, Menu, Search, ShieldCheck, UserRound, WalletCards, X, LogOut, UserPlus } from "lucide-react";

Parsing ecmascript source code failed

Import trace:
  Server Component:
    ./src/components/layout/site-header.tsx
    ./src/app/layout.tsx @ http://localhost:3000/_next/static/chunks/node_modules_next_dist_1e8vcs8._.js:1052
[  986025ms] [ERROR] ./src/components/layout/site-header.tsx:33:1
Error: 'import', and 'export' cannot be used outside of module code
  31 | "use client";
  32 |
> 33 | import Link from "next/link";
     | ^^^^^^
  34 | import { usePathname } from "next/navigation";
  35 | import { useEffect, useState } from "react";
  36 | import { Bell, GraduationCap, Menu, Search, ShieldCheck, UserRound, WalletCards, X, LogOut, UserPlus } from "lucide-react";

Parsing ecmascript source code failed

Import trace:
  Server Component:
    ./src/components/layout/site-header.tsx
    ./src/app/layout.tsx @ http://localhost:3000/_next/static/chunks/node_modules_next_dist_1e8vcs8._.js:1052
[  986088ms] [ERROR] ./src/components/layout/site-header.tsx:33:1
Error: 'import', and 'export' cannot be used outside of module code
  31 | "use client";
  32 |
> 33 | import Link from "next/link";
     | ^^^^^^
  34 | import { usePathname } from "next/navigation";
  35 | import { useEffect, useState } from "react";
  36 | import { Bell, GraduationCap, Menu, Search, ShieldCheck, UserRound, WalletCards, X, LogOut, UserPlus } from "lucide-react";

Parsing ecmascript source code failed

Import trace:
  Server Component:
    ./src/components/layout/site-header.tsx
    ./src/app/layout.tsx @ http://localhost:3000/_next/static/chunks/node_modules_next_dist_1e8vcs8._.js:1052
[  986150ms] [ERROR] ./src/components/layout/site-header.tsx:33:1
Error: 'import', and 'export' cannot be used outside of module code
  31 | "use client";
  32 |
> 33 | import Link from "next/link";
     | ^^^^^^
  34 | import { usePathname } from "next/navigation";
  35 | import { useEffect, useState } from "react";
  36 | import { Bell, GraduationCap, Menu, Search, ShieldCheck, UserRound, WalletCards, X, LogOut, UserPlus } from "lucide-react";

Parsing ecmascript source code failed

Import trace:
  Server Component:
    ./src/components/layout/site-header.tsx
    ./src/app/layout.tsx @ http://localhost:3000/_next/static/chunks/node_modules_next_dist_1e8vcs8._.js:1052
[  986211ms] [ERROR] ./src/components/layout/site-header.tsx:33:1
Error: 'import', and 'export' cannot be used outside of module code
  31 | "use client";
  32 |
> 33 | import Link from "next/link";
     | ^^^^^^
  34 | import { usePathname } from "next/navigation";
  35 | import { useEffect, useState } from "react";
  36 | import { Bell, GraduationCap, Menu, Search, ShieldCheck, UserRound, WalletCards, X, LogOut, UserPlus } from "lucide-react";

Parsing ecmascript source code failed

Import trace:
  Server Component:
    ./src/components/layout/site-header.tsx
    ./src/app/layout.tsx @ http://localhost:3000/_next/static/chunks/node_modules_next_dist_1e8vcs8._.js:1052
[  986273ms] [ERROR] ./src/components/layout/site-header.tsx:33:1
Error: 'import', and 'export' cannot be used outside of module code
  31 | "use client";
  32 |
> 33 | import Link from "next/link";
     | ^^^^^^
  34 | import { usePathname } from "next/navigation";
  35 | import { useEffect, useState } from "react";
  36 | import { Bell, GraduationCap, Menu, Search, ShieldCheck, UserRound, WalletCards, X, LogOut, UserPlus } from "lucide-react";

Parsing ecmascript source code failed

Import trace:
  Server Component:
    ./src/components/layout/site-header.tsx
    ./src/app/layout.tsx @ http://localhost:3000/_next/static/chunks/node_modules_next_dist_1e8vcs8._.js:1052
[  986335ms] [ERROR] ./src/components/layout/site-header.tsx:33:1
Error: 'import', and 'export' cannot be used outside of module code
  31 | "use client";
  32 |
> 33 | import Link from "next/link";
     | ^^^^^^
  34 | import { usePathname } from "next/navigation";
  35 | import { useEffect, useState } from "react";
  36 | import { Bell, GraduationCap, Menu, Search, ShieldCheck, UserRound, WalletCards, X, LogOut, UserPlus } from "lucide-react";

Parsing ecmascript source code failed

Import trace:
  Server Component:
    ./src/components/layout/site-header.tsx
    ./src/app/layout.tsx @ http://localhost:3000/_next/static/chunks/node_modules_next_dist_1e8vcs8._.js:1052
[  986398ms] [ERROR] ./src/components/layout/site-header.tsx:33:1
Error: 'import', and 'export' cannot be used outside of module code
  31 | "use client";
  32 |
> 33 | import Link from "next/link";
     | ^^^^^^
  34 | import { usePathname } from "next/navigation";
  35 | import { useEffect, useState } from "react";
  36 | import { Bell, GraduationCap, Menu, Search, ShieldCheck, UserRound, WalletCards, X, LogOut, UserPlus } from "lucide-react";

Parsing ecmascript source code failed

Import trace:
  Server Component:
    ./src/components/layout/site-header.tsx
    ./src/app/layout.tsx @ http://localhost:3000/_next/static/chunks/node_modules_next_dist_1e8vcs8._.js:1052
[  986460ms] [ERROR] ./src/components/layout/site-header.tsx:33:1
Error: 'import', and 'export' cannot be used outside of module code
  31 | "use client";
  32 |
> 33 | import Link from "next/link";
     | ^^^^^^
  34 | import { usePathname } from "next/navigation";
  35 | import { useEffect, useState } from "react";
  36 | import { Bell, GraduationCap, Menu, Search, ShieldCheck, UserRound, WalletCards, X, LogOut, UserPlus } from "lucide-react";

Parsing ecmascript source code failed

Import trace:
  Server Component:
    ./src/components/layout/site-header.tsx
    ./src/app/layout.tsx @ http://localhost:3000/_next/static/chunks/node_modules_next_dist_1e8vcs8._.js:1052
[  986523ms] [ERROR] ./src/components/layout/site-header.tsx:33:1
Error: 'import', and 'export' cannot be used outside of module code
  31 | "use client";
  32 |
> 33 | import Link from "next/link";
     | ^^^^^^
  34 | import { usePathname } from "next/navigation";
  35 | import { useEffect, useState } from "react";
  36 | import { Bell, GraduationCap, Menu, Search, ShieldCheck, UserRound, WalletCards, X, LogOut, UserPlus } from "lucide-react";

Parsing ecmascript source code failed

Import trace:
  Server Component:
    ./src/components/layout/site-header.tsx
    ./src/app/layout.tsx @ http://localhost:3000/_next/static/chunks/node_modules_next_dist_1e8vcs8._.js:1052
[  986585ms] [ERROR] ./src/components/layout/site-header.tsx:33:1
Error: 'import', and 'export' cannot be used outside of module code
  31 | "use client";
  32 |
> 33 | import Link from "next/link";
     | ^^^^^^
  34 | import { usePathname } from "next/navigation";
  35 | import { useEffect, useState } from "react";
  36 | import { Bell, GraduationCap, Menu, Search, ShieldCheck, UserRound, WalletCards, X, LogOut, UserPlus } from "lucide-react";

Parsing ecmascript source code failed

Import trace:
  Server Component:
    ./src/components/layout/site-header.tsx
    ./src/app/layout.tsx @ http://localhost:3000/_next/static/chunks/node_modules_next_dist_1e8vcs8._.js:1052
[  986647ms] [ERROR] ./src/components/layout/site-header.tsx:33:1
Error: 'import', and 'export' cannot be used outside of module code
  31 | "use client";
  32 |
> 33 | import Link from "next/link";
     | ^^^^^^
  34 | import { usePathname } from "next/navigation";
  35 | import { useEffect, useState } from "react";
  36 | import { Bell, GraduationCap, Menu, Search, ShieldCheck, UserRound, WalletCards, X, LogOut, UserPlus } from "lucide-react";

Parsing ecmascript source code failed

Import trace:
  Server Component:
    ./src/components/layout/site-header.tsx
    ./src/app/layout.tsx @ http://localhost:3000/_next/static/chunks/node_modules_next_dist_1e8vcs8._.js:1052
[  986710ms] [ERROR] ./src/components/layout/site-header.tsx:33:1
Error: 'import', and 'export' cannot be used outside of module code
  31 | "use client";
  32 |
> 33 | import Link from "next/link";
     | ^^^^^^
  34 | import { usePathname } from "next/navigation";
  35 | import { useEffect, useState } from "react";
  36 | import { Bell, GraduationCap, Menu, Search, ShieldCheck, UserRound, WalletCards, X, LogOut, UserPlus } from "lucide-react";

Parsing ecmascript source code failed

Import trace:
  Server Component:
    ./src/components/layout/site-header.tsx
    ./src/app/layout.tsx @ http://localhost:3000/_next/static/chunks/node_modules_next_dist_1e8vcs8._.js:1052
[  986772ms] [ERROR] ./src/components/layout/site-header.tsx:33:1
Error: 'import', and 'export' cannot be used outside of module code
  31 | "use client";
  32 |
> 33 | import Link from "next/link";
     | ^^^^^^
  34 | import { usePathname } from "next/navigation";
  35 | import { useEffect, useState } from "react";
  36 | import { Bell, GraduationCap, Menu, Search, ShieldCheck, UserRound, WalletCards, X, LogOut, UserPlus } from "lucide-react";

Parsing ecmascript source code failed

Import trace:
  Server Component:
    ./src/components/layout/site-header.tsx
    ./src/app/layout.tsx @ http://localhost:3000/_next/static/chunks/node_modules_next_dist_1e8vcs8._.js:1052
[  986834ms] [ERROR] ./src/components/layout/site-header.tsx:33:1
Error: 'import', and 'export' cannot be used outside of module code
  31 | "use client";
  32 |
> 33 | import Link from "next/link";
     | ^^^^^^
  34 | import { usePathname } from "next/navigation";
  35 | import { useEffect, useState } from "react";
  36 | import { Bell, GraduationCap, Menu, Search, ShieldCheck, UserRound, WalletCards, X, LogOut, UserPlus } from "lucide-react";

Parsing ecmascript source code failed

Import trace:
  Server Component:
    ./src/components/layout/site-header.tsx
    ./src/app/layout.tsx @ http://localhost:3000/_next/static/chunks/node_modules_next_dist_1e8vcs8._.js:1052
[  986896ms] [ERROR] ./src/components/layout/site-header.tsx:33:1
Error: 'import', and 'export' cannot be used outside of module code
  31 | "use client";
  32 |
> 33 | import Link from "next/link";
     | ^^^^^^
  34 | import { usePathname } from "next/navigation";
  35 | import { useEffect, useState } from "react";
  36 | import { Bell, GraduationCap, Menu, Search, ShieldCheck, UserRound, WalletCards, X, LogOut, UserPlus } from "lucide-react";

Parsing ecmascript source code failed

Import trace:
  Server Component:
    ./src/components/layout/site-header.tsx
    ./src/app/layout.tsx @ http://localhost:3000/_next/static/chunks/node_modules_next_dist_1e8vcs8._.js:1052
[  986958ms] [ERROR] ./src/components/layout/site-header.tsx:33:1
Error: 'import', and 'export' cannot be used outside of module code
  31 | "use client";
  32 |
> 33 | import Link from "next/link";
     | ^^^^^^
  34 | import { usePathname } from "next/navigation";
  35 | import { useEffect, useState } from "react";
  36 | import { Bell, GraduationCap, Menu, Search, ShieldCheck, UserRound, WalletCards, X, LogOut, UserPlus } from "lucide-react";

Parsing ecmascript source code failed

Import trace:
  Server Component:
    ./src/components/layout/site-header.tsx
    ./src/app/layout.tsx @ http://localhost:3000/_next/static/chunks/node_modules_next_dist_1e8vcs8._.js:1052
[  987020ms] [ERROR] ./src/components/layout/site-header.tsx:33:1
Error: 'import', and 'export' cannot be used outside of module code
  31 | "use client";
  32 |
> 33 | import Link from "next/link";
     | ^^^^^^
  34 | import { usePathname } from "next/navigation";
  35 | import { useEffect, useState } from "react";
  36 | import { Bell, GraduationCap, Menu, Search, ShieldCheck, UserRound, WalletCards, X, LogOut, UserPlus } from "lucide-react";

Parsing ecmascript source code failed

Import trace:
  Server Component:
    ./src/components/layout/site-header.tsx
    ./src/app/layout.tsx @ http://localhost:3000/_next/static/chunks/node_modules_next_dist_1e8vcs8._.js:1052
[  987082ms] [ERROR] ./src/components/layout/site-header.tsx:33:1
Error: 'import', and 'export' cannot be used outside of module code
  31 | "use client";
  32 |
> 33 | import Link from "next/link";
     | ^^^^^^
  34 | import { usePathname } from "next/navigation";
  35 | import { useEffect, useState } from "react";
  36 | import { Bell, GraduationCap, Menu, Search, ShieldCheck, UserRound, WalletCards, X, LogOut, UserPlus } from "lucide-react";

Parsing ecmascript source code failed

Import trace:
  Server Component:
    ./src/components/layout/site-header.tsx
    ./src/app/layout.tsx @ http://localhost:3000/_next/static/chunks/node_modules_next_dist_1e8vcs8._.js:1052
[  987144ms] [ERROR] ./src/components/layout/site-header.tsx:33:1
Error: 'import', and 'export' cannot be used outside of module code
  31 | "use client";
  32 |
> 33 | import Link from "next/link";
     | ^^^^^^
  34 | import { usePathname } from "next/navigation";
  35 | import { useEffect, useState } from "react";
  36 | import { Bell, GraduationCap, Menu, Search, ShieldCheck, UserRound, WalletCards, X, LogOut, UserPlus } from "lucide-react";

Parsing ecmascript source code failed

Import trace:
  Server Component:
    ./src/components/layout/site-header.tsx
    ./src/app/layout.tsx @ http://localhost:3000/_next/static/chunks/node_modules_next_dist_1e8vcs8._.js:1052
[  987205ms] [ERROR] ./src/components/layout/site-header.tsx:33:1
Error: 'import', and 'export' cannot be used outside of module code
  31 | "use client";
  32 |
> 33 | import Link from "next/link";
     | ^^^^^^
  34 | import { usePathname } from "next/navigation";
  35 | import { useEffect, useState } from "react";
  36 | import { Bell, GraduationCap, Menu, Search, ShieldCheck, UserRound, WalletCards, X, LogOut, UserPlus } from "lucide-react";

Parsing ecmascript source code failed

Import trace:
  Server Component:
    ./src/components/layout/site-header.tsx
    ./src/app/layout.tsx @ http://localhost:3000/_next/static/chunks/node_modules_next_dist_1e8vcs8._.js:1052
[  987360ms] [ERROR] ./src/components/layout/site-header.tsx:33:1
Error: 'import', and 'export' cannot be used outside of module code
  31 | "use client";
  32 |
> 33 | import Link from "next/link";
     | ^^^^^^
  34 | import { usePathname } from "next/navigation";
  35 | import { useEffect, useState } from "react";
  36 | import { Bell, GraduationCap, Menu, Search, ShieldCheck, UserRound, WalletCards, X, LogOut, UserPlus } from "lucide-react";

Parsing ecmascript source code failed

Import trace:
  Server Component:
    ./src/components/layout/site-header.tsx
    ./src/app/layout.tsx @ http://localhost:3000/_next/static/chunks/node_modules_next_dist_1e8vcs8._.js:1052
[  987422ms] [ERROR] ./src/components/layout/site-header.tsx:33:1
Error: 'import', and 'export' cannot be used outside of module code
  31 | "use client";
  32 |
> 33 | import Link from "next/link";
     | ^^^^^^
  34 | import { usePathname } from "next/navigation";
  35 | import { useEffect, useState } from "react";
  36 | import { Bell, GraduationCap, Menu, Search, ShieldCheck, UserRound, WalletCards, X, LogOut, UserPlus } from "lucide-react";

Parsing ecmascript source code failed

Import trace:
  Server Component:
    ./src/components/layout/site-header.tsx
    ./src/app/layout.tsx @ http://localhost:3000/_next/static/chunks/node_modules_next_dist_1e8vcs8._.js:1052
[  987483ms] [ERROR] ./src/components/layout/site-header.tsx:33:1
Error: 'import', and 'export' cannot be used outside of module code
  31 | "use client";
  32 |
> 33 | import Link from "next/link";
     | ^^^^^^
  34 | import { usePathname } from "next/navigation";
  35 | import { useEffect, useState } from "react";
  36 | import { Bell, GraduationCap, Menu, Search, ShieldCheck, UserRound, WalletCards, X, LogOut, UserPlus } from "lucide-react";

Parsing ecmascript source code failed

Import trace:
  Server Component:
    ./src/components/layout/site-header.tsx
    ./src/app/layout.tsx @ http://localhost:3000/_next/static/chunks/node_modules_next_dist_1e8vcs8._.js:1052
[  987545ms] [ERROR] ./src/components/layout/site-header.tsx:33:1
Error: 'import', and 'export' cannot be used outside of module code
  31 | "use client";
  32 |
> 33 | import Link from "next/link";
     | ^^^^^^
  34 | import { usePathname } from "next/navigation";
  35 | import { useEffect, useState } from "react";
  36 | import { Bell, GraduationCap, Menu, Search, ShieldCheck, UserRound, WalletCards, X, LogOut, UserPlus } from "lucide-react";

Parsing ecmascript source code failed

Import trace:
  Server Component:
    ./src/components/layout/site-header.tsx
    ./src/app/layout.tsx @ http://localhost:3000/_next/static/chunks/node_modules_next_dist_1e8vcs8._.js:1052
[  987607ms] [ERROR] ./src/components/layout/site-header.tsx:33:1
Error: 'import', and 'export' cannot be used outside of module code
  31 | "use client";
  32 |
> 33 | import Link from "next/link";
     | ^^^^^^
  34 | import { usePathname } from "next/navigation";
  35 | import { useEffect, useState } from "react";
  36 | import { Bell, GraduationCap, Menu, Search, ShieldCheck, UserRound, WalletCards, X, LogOut, UserPlus } from "lucide-react";

Parsing ecmascript source code failed

Import trace:
  Server Component:
    ./src/components/layout/site-header.tsx
    ./src/app/layout.tsx @ http://localhost:3000/_next/static/chunks/node_modules_next_dist_1e8vcs8._.js:1052
[  987668ms] [ERROR] ./src/components/layout/site-header.tsx:33:1
Error: 'import', and 'export' cannot be used outside of module code
  31 | "use client";
  32 |
> 33 | import Link from "next/link";
     | ^^^^^^
  34 | import { usePathname } from "next/navigation";
  35 | import { useEffect, useState } from "react";
  36 | import { Bell, GraduationCap, Menu, Search, ShieldCheck, UserRound, WalletCards, X, LogOut, UserPlus } from "lucide-react";

Parsing ecmascript source code failed

Import trace:
  Server Component:
    ./src/components/layout/site-header.tsx
    ./src/app/layout.tsx @ http://localhost:3000/_next/static/chunks/node_modules_next_dist_1e8vcs8._.js:1052
[  987731ms] [ERROR] ./src/components/layout/site-header.tsx:33:1
Error: 'import', and 'export' cannot be used outside of module code
  31 | "use client";
  32 |
> 33 | import Link from "next/link";
     | ^^^^^^
  34 | import { usePathname } from "next/navigation";
  35 | import { useEffect, useState } from "react";
  36 | import { Bell, GraduationCap, Menu, Search, ShieldCheck, UserRound, WalletCards, X, LogOut, UserPlus } from "lucide-react";

Parsing ecmascript source code failed

Import trace:
  Server Component:
    ./src/components/layout/site-header.tsx
    ./src/app/layout.tsx @ http://localhost:3000/_next/static/chunks/node_modules_next_dist_1e8vcs8._.js:1052
[  987793ms] [ERROR] ./src/components/layout/site-header.tsx:33:1
Error: 'import', and 'export' cannot be used outside of module code
  31 | "use client";
  32 |
> 33 | import Link from "next/link";
     | ^^^^^^
  34 | import { usePathname } from "next/navigation";
  35 | import { useEffect, useState } from "react";
  36 | import { Bell, GraduationCap, Menu, Search, ShieldCheck, UserRound, WalletCards, X, LogOut, UserPlus } from "lucide-react";

Parsing ecmascript source code failed

Import trace:
  Server Component:
    ./src/components/layout/site-header.tsx
    ./src/app/layout.tsx @ http://localhost:3000/_next/static/chunks/node_modules_next_dist_1e8vcs8._.js:1052
[  987854ms] [ERROR] ./src/components/layout/site-header.tsx:33:1
Error: 'import', and 'export' cannot be used outside of module code
  31 | "use client";
  32 |
> 33 | import Link from "next/link";
     | ^^^^^^
  34 | import { usePathname } from "next/navigation";
  35 | import { useEffect, useState } from "react";
  36 | import { Bell, GraduationCap, Menu, Search, ShieldCheck, UserRound, WalletCards, X, LogOut, UserPlus } from "lucide-react";

Parsing ecmascript source code failed

Import trace:
  Server Component:
    ./src/components/layout/site-header.tsx
    ./src/app/layout.tsx @ http://localhost:3000/_next/static/chunks/node_modules_next_dist_1e8vcs8._.js:1052
[  987916ms] [ERROR] ./src/components/layout/site-header.tsx:33:1
Error: 'import', and 'export' cannot be used outside of module code
  31 | "use client";
  32 |
> 33 | import Link from "next/link";
     | ^^^^^^
  34 | import { usePathname } from "next/navigation";
  35 | import { useEffect, useState } from "react";
  36 | import { Bell, GraduationCap, Menu, Search, ShieldCheck, UserRound, WalletCards, X, LogOut, UserPlus } from "lucide-react";

Parsing ecmascript source code failed

Import trace:
  Server Component:
    ./src/components/layout/site-header.tsx
    ./src/app/layout.tsx @ http://localhost:3000/_next/static/chunks/node_modules_next_dist_1e8vcs8._.js:1052
[  987978ms] [ERROR] ./src/components/layout/site-header.tsx:33:1
Error: 'import', and 'export' cannot be used outside of module code
  31 | "use client";
  32 |
> 33 | import Link from "next/link";
     | ^^^^^^
  34 | import { usePathname } from "next/navigation";
  35 | import { useEffect, useState } from "react";
  36 | import { Bell, GraduationCap, Menu, Search, ShieldCheck, UserRound, WalletCards, X, LogOut, UserPlus } from "lucide-react";

Parsing ecmascript source code failed

Import trace:
  Server Component:
    ./src/components/layout/site-header.tsx
    ./src/app/layout.tsx @ http://localhost:3000/_next/static/chunks/node_modules_next_dist_1e8vcs8._.js:1052
[  988040ms] [ERROR] ./src/components/layout/site-header.tsx:33:1
Error: 'import', and 'export' cannot be used outside of module code
  31 | "use client";
  32 |
> 33 | import Link from "next/link";
     | ^^^^^^
  34 | import { usePathname } from "next/navigation";
  35 | import { useEffect, useState } from "react";
  36 | import { Bell, GraduationCap, Menu, Search, ShieldCheck, UserRound, WalletCards, X, LogOut, UserPlus } from "lucide-react";

Parsing ecmascript source code failed

Import trace:
  Server Component:
    ./src/components/layout/site-header.tsx
    ./src/app/layout.tsx @ http://localhost:3000/_next/static/chunks/node_modules_next_dist_1e8vcs8._.js:1052
[  988102ms] [ERROR] ./src/components/layout/site-header.tsx:33:1
Error: 'import', and 'export' cannot be used outside of module code
  31 | "use client";
  32 |
> 33 | import Link from "next/link";
     | ^^^^^^
  34 | import { usePathname } from "next/navigation";
  35 | import { useEffect, useState } from "react";
  36 | import { Bell, GraduationCap, Menu, Search, ShieldCheck, UserRound, WalletCards, X, LogOut, UserPlus } from "lucide-react";

Parsing ecmascript source code failed

Import trace:
  Server Component:
    ./src/components/layout/site-header.tsx
    ./src/app/layout.tsx @ http://localhost:3000/_next/static/chunks/node_modules_next_dist_1e8vcs8._.js:1052
[  988164ms] [ERROR] ./src/components/layout/site-header.tsx:33:1
Error: 'import', and 'export' cannot be used outside of module code
  31 | "use client";
  32 |
> 33 | import Link from "next/link";
     | ^^^^^^
  34 | import { usePathname } from "next/navigation";
  35 | import { useEffect, useState } from "react";
  36 | import { Bell, GraduationCap, Menu, Search, ShieldCheck, UserRound, WalletCards, X, LogOut, UserPlus } from "lucide-react";

Parsing ecmascript source code failed

Import trace:
  Server Component:
    ./src/components/layout/site-header.tsx
    ./src/app/layout.tsx @ http://localhost:3000/_next/static/chunks/node_modules_next_dist_1e8vcs8._.js:1052
[  988226ms] [ERROR] ./src/components/layout/site-header.tsx:33:1
Error: 'import', and 'export' cannot be used outside of module code
  31 | "use client";
  32 |
> 33 | import Link from "next/link";
     | ^^^^^^
  34 | import { usePathname } from "next/navigation";
  35 | import { useEffect, useState } from "react";
  36 | import { Bell, GraduationCap, Menu, Search, ShieldCheck, UserRound, WalletCards, X, LogOut, UserPlus } from "lucide-react";

Parsing ecmascript source code failed

Import trace:
  Server Component:
    ./src/components/layout/site-header.tsx
    ./src/app/layout.tsx @ http://localhost:3000/_next/static/chunks/node_modules_next_dist_1e8vcs8._.js:1052
[  988287ms] [ERROR] ./src/components/layout/site-header.tsx:33:1
Error: 'import', and 'export' cannot be used outside of module code
  31 | "use client";
  32 |
> 33 | import Link from "next/link";
     | ^^^^^^
  34 | import { usePathname } from "next/navigation";
  35 | import { useEffect, useState } from "react";
  36 | import { Bell, GraduationCap, Menu, Search, ShieldCheck, UserRound, WalletCards, X, LogOut, UserPlus } from "lucide-react";

Parsing ecmascript source code failed

Import trace:
  Server Component:
    ./src/components/layout/site-header.tsx
    ./src/app/layout.tsx @ http://localhost:3000/_next/static/chunks/node_modules_next_dist_1e8vcs8._.js:1052
[  988350ms] [ERROR] ./src/components/layout/site-header.tsx:33:1
Error: 'import', and 'export' cannot be used outside of module code
  31 | "use client";
  32 |
> 33 | import Link from "next/link";
     | ^^^^^^
  34 | import { usePathname } from "next/navigation";
  35 | import { useEffect, useState } from "react";
  36 | import { Bell, GraduationCap, Menu, Search, ShieldCheck, UserRound, WalletCards, X, LogOut, UserPlus } from "lucide-react";

Parsing ecmascript source code failed

Import trace:
  Server Component:
    ./src/components/layout/site-header.tsx
    ./src/app/layout.tsx @ http://localhost:3000/_next/static/chunks/node_modules_next_dist_1e8vcs8._.js:1052
[  988411ms] [ERROR] ./src/components/layout/site-header.tsx:33:1
Error: 'import', and 'export' cannot be used outside of module code
  31 | "use client";
  32 |
> 33 | import Link from "next/link";
     | ^^^^^^
  34 | import { usePathname } from "next/navigation";
  35 | import { useEffect, useState } from "react";
  36 | import { Bell, GraduationCap, Menu, Search, ShieldCheck, UserRound, WalletCards, X, LogOut, UserPlus } from "lucide-react";

Parsing ecmascript source code failed

Import trace:
  Server Component:
    ./src/components/layout/site-header.tsx
    ./src/app/layout.tsx @ http://localhost:3000/_next/static/chunks/node_modules_next_dist_1e8vcs8._.js:1052
[  988474ms] [ERROR] ./src/components/layout/site-header.tsx:33:1
Error: 'import', and 'export' cannot be used outside of module code
  31 | "use client";
  32 |
> 33 | import Link from "next/link";
     | ^^^^^^
  34 | import { usePathname } from "next/navigation";
  35 | import { useEffect, useState } from "react";
  36 | import { Bell, GraduationCap, Menu, Search, ShieldCheck, UserRound, WalletCards, X, LogOut, UserPlus } from "lucide-react";

Parsing ecmascript source code failed

Import trace:
  Server Component:
    ./src/components/layout/site-header.tsx
    ./src/app/layout.tsx @ http://localhost:3000/_next/static/chunks/node_modules_next_dist_1e8vcs8._.js:1052
[  988535ms] [ERROR] ./src/components/layout/site-header.tsx:33:1
Error: 'import', and 'export' cannot be used outside of module code
  31 | "use client";
  32 |
> 33 | import Link from "next/link";
     | ^^^^^^
  34 | import { usePathname } from "next/navigation";
  35 | import { useEffect, useState } from "react";
  36 | import { Bell, GraduationCap, Menu, Search, ShieldCheck, UserRound, WalletCards, X, LogOut, UserPlus } from "lucide-react";

Parsing ecmascript source code failed

Import trace:
  Server Component:
    ./src/components/layout/site-header.tsx
    ./src/app/layout.tsx @ http://localhost:3000/_next/static/chunks/node_modules_next_dist_1e8vcs8._.js:1052
[  988720ms] [ERROR] ./src/components/layout/site-header.tsx:33:1
Error: 'import', and 'export' cannot be used outside of module code
  31 | "use client";
  32 |
> 33 | import Link from "next/link";
     | ^^^^^^
  34 | import { usePathname } from "next/navigation";
  35 | import { useEffect, useState } from "react";
  36 | import { Bell, GraduationCap, Menu, Search, ShieldCheck, UserRound, WalletCards, X, LogOut, UserPlus } from "lucide-react";

Parsing ecmascript source code failed

Import trace:
  Server Component:
    ./src/components/layout/site-header.tsx
    ./src/app/layout.tsx @ http://localhost:3000/_next/static/chunks/node_modules_next_dist_1e8vcs8._.js:1052
[  988782ms] [ERROR] ./src/components/layout/site-header.tsx:33:1
Error: 'import', and 'export' cannot be used outside of module code
  31 | "use client";
  32 |
> 33 | import Link from "next/link";
     | ^^^^^^
  34 | import { usePathname } from "next/navigation";
  35 | import { useEffect, useState } from "react";
  36 | import { Bell, GraduationCap, Menu, Search, ShieldCheck, UserRound, WalletCards, X, LogOut, UserPlus } from "lucide-react";

Parsing ecmascript source code failed

Import trace:
  Server Component:
    ./src/components/layout/site-header.tsx
    ./src/app/layout.tsx @ http://localhost:3000/_next/static/chunks/node_modules_next_dist_1e8vcs8._.js:1052
[  988844ms] [ERROR] ./src/components/layout/site-header.tsx:33:1
Error: 'import', and 'export' cannot be used outside of module code
  31 | "use client";
  32 |
> 33 | import Link from "next/link";
     | ^^^^^^
  34 | import { usePathname } from "next/navigation";
  35 | import { useEffect, useState } from "react";
  36 | import { Bell, GraduationCap, Menu, Search, ShieldCheck, UserRound, WalletCards, X, LogOut, UserPlus } from "lucide-react";

Parsing ecmascript source code failed

Import trace:
  Server Component:
    ./src/components/layout/site-header.tsx
    ./src/app/layout.tsx @ http://localhost:3000/_next/static/chunks/node_modules_next_dist_1e8vcs8._.js:1052
[  988905ms] [ERROR] ./src/components/layout/site-header.tsx:33:1
Error: 'import', and 'export' cannot be used outside of module code
  31 | "use client";
  32 |
> 33 | import Link from "next/link";
     | ^^^^^^
  34 | import { usePathname } from "next/navigation";
  35 | import { useEffect, useState } from "react";
  36 | import { Bell, GraduationCap, Menu, Search, ShieldCheck, UserRound, WalletCards, X, LogOut, UserPlus } from "lucide-react";

Parsing ecmascript source code failed

Import trace:
  Server Component:
    ./src/components/layout/site-header.tsx
    ./src/app/layout.tsx @ http://localhost:3000/_next/static/chunks/node_modules_next_dist_1e8vcs8._.js:1052
[  988967ms] [ERROR] ./src/components/layout/site-header.tsx:33:1
Error: 'import', and 'export' cannot be used outside of module code
  31 | "use client";
  32 |
> 33 | import Link from "next/link";
     | ^^^^^^
  34 | import { usePathname } from "next/navigation";
  35 | import { useEffect, useState } from "react";
  36 | import { Bell, GraduationCap, Menu, Search, ShieldCheck, UserRound, WalletCards, X, LogOut, UserPlus } from "lucide-react";

Parsing ecmascript source code failed

Import trace:
  Server Component:
    ./src/components/layout/site-header.tsx
    ./src/app/layout.tsx @ http://localhost:3000/_next/static/chunks/node_modules_next_dist_1e8vcs8._.js:1052
[  989029ms] [ERROR] ./src/components/layout/site-header.tsx:33:1
Error: 'import', and 'export' cannot be used outside of module code
  31 | "use client";
  32 |
> 33 | import Link from "next/link";
     | ^^^^^^
  34 | import { usePathname } from "next/navigation";
  35 | import { useEffect, useState } from "react";
  36 | import { Bell, GraduationCap, Menu, Search, ShieldCheck, UserRound, WalletCards, X, LogOut, UserPlus } from "lucide-react";

Parsing ecmascript source code failed

Import trace:
  Server Component:
    ./src/components/layout/site-header.tsx
    ./src/app/layout.tsx @ http://localhost:3000/_next/static/chunks/node_modules_next_dist_1e8vcs8._.js:1052
[  989091ms] [ERROR] ./src/components/layout/site-header.tsx:33:1
Error: 'import', and 'export' cannot be used outside of module code
  31 | "use client";
  32 |
> 33 | import Link from "next/link";
     | ^^^^^^
  34 | import { usePathname } from "next/navigation";
  35 | import { useEffect, useState } from "react";
  36 | import { Bell, GraduationCap, Menu, Search, ShieldCheck, UserRound, WalletCards, X, LogOut, UserPlus } from "lucide-react";

Parsing ecmascript source code failed

Import trace:
  Server Component:
    ./src/components/layout/site-header.tsx
    ./src/app/layout.tsx @ http://localhost:3000/_next/static/chunks/node_modules_next_dist_1e8vcs8._.js:1052
[  989153ms] [ERROR] ./src/components/layout/site-header.tsx:33:1
Error: 'import', and 'export' cannot be used outside of module code
  31 | "use client";
  32 |
> 33 | import Link from "next/link";
     | ^^^^^^
  34 | import { usePathname } from "next/navigation";
  35 | import { useEffect, useState } from "react";
  36 | import { Bell, GraduationCap, Menu, Search, ShieldCheck, UserRound, WalletCards, X, LogOut, UserPlus } from "lucide-react";

Parsing ecmascript source code failed

Import trace:
  Server Component:
    ./src/components/layout/site-header.tsx
    ./src/app/layout.tsx @ http://localhost:3000/_next/static/chunks/node_modules_next_dist_1e8vcs8._.js:1052
[  989216ms] [ERROR] ./src/components/layout/site-header.tsx:33:1
Error: 'import', and 'export' cannot be used outside of module code
  31 | "use client";
  32 |
> 33 | import Link from "next/link";
     | ^^^^^^
  34 | import { usePathname } from "next/navigation";
  35 | import { useEffect, useState } from "react";
  36 | import { Bell, GraduationCap, Menu, Search, ShieldCheck, UserRound, WalletCards, X, LogOut, UserPlus } from "lucide-react";

Parsing ecmascript source code failed

Import trace:
  Server Component:
    ./src/components/layout/site-header.tsx
    ./src/app/layout.tsx @ http://localhost:3000/_next/static/chunks/node_modules_next_dist_1e8vcs8._.js:1052
[  989278ms] [ERROR] ./src/components/layout/site-header.tsx:33:1
Error: 'import', and 'export' cannot be used outside of module code
  31 | "use client";
  32 |
> 33 | import Link from "next/link";
     | ^^^^^^
  34 | import { usePathname } from "next/navigation";
  35 | import { useEffect, useState } from "react";
  36 | import { Bell, GraduationCap, Menu, Search, ShieldCheck, UserRound, WalletCards, X, LogOut, UserPlus } from "lucide-react";

Parsing ecmascript source code failed

Import trace:
  Server Component:
    ./src/components/layout/site-header.tsx
    ./src/app/layout.tsx @ http://localhost:3000/_next/static/chunks/node_modules_next_dist_1e8vcs8._.js:1052
[  989340ms] [ERROR] ./src/components/layout/site-header.tsx:33:1
Error: 'import', and 'export' cannot be used outside of module code
  31 | "use client";
  32 |
> 33 | import Link from "next/link";
     | ^^^^^^
  34 | import { usePathname } from "next/navigation";
  35 | import { useEffect, useState } from "react";
  36 | import { Bell, GraduationCap, Menu, Search, ShieldCheck, UserRound, WalletCards, X, LogOut, UserPlus } from "lucide-react";

Parsing ecmascript source code failed

Import trace:
  Server Component:
    ./src/components/layout/site-header.tsx
    ./src/app/layout.tsx @ http://localhost:3000/_next/static/chunks/node_modules_next_dist_1e8vcs8._.js:1052
[  989403ms] [ERROR] ./src/components/layout/site-header.tsx:33:1
Error: 'import', and 'export' cannot be used outside of module code
  31 | "use client";
  32 |
> 33 | import Link from "next/link";
     | ^^^^^^
  34 | import { usePathname } from "next/navigation";
  35 | import { useEffect, useState } from "react";
  36 | import { Bell, GraduationCap, Menu, Search, ShieldCheck, UserRound, WalletCards, X, LogOut, UserPlus } from "lucide-react";

Parsing ecmascript source code failed

Import trace:
  Server Component:
    ./src/components/layout/site-header.tsx
    ./src/app/layout.tsx @ http://localhost:3000/_next/static/chunks/node_modules_next_dist_1e8vcs8._.js:1052
[  989465ms] [ERROR] ./src/components/layout/site-header.tsx:33:1
Error: 'import', and 'export' cannot be used outside of module code
  31 | "use client";
  32 |
> 33 | import Link from "next/link";
     | ^^^^^^
  34 | import { usePathname } from "next/navigation";
  35 | import { useEffect, useState } from "react";
  36 | import { Bell, GraduationCap, Menu, Search, ShieldCheck, UserRound, WalletCards, X, LogOut, UserPlus } from "lucide-react";

Parsing ecmascript source code failed

Import trace:
  Server Component:
    ./src/components/layout/site-header.tsx
    ./src/app/layout.tsx @ http://localhost:3000/_next/static/chunks/node_modules_next_dist_1e8vcs8._.js:1052
[  989527ms] [ERROR] ./src/components/layout/site-header.tsx:33:1
Error: 'import', and 'export' cannot be used outside of module code
  31 | "use client";
  32 |
> 33 | import Link from "next/link";
     | ^^^^^^
  34 | import { usePathname } from "next/navigation";
  35 | import { useEffect, useState } from "react";
  36 | import { Bell, GraduationCap, Menu, Search, ShieldCheck, UserRound, WalletCards, X, LogOut, UserPlus } from "lucide-react";

Parsing ecmascript source code failed

Import trace:
  Server Component:
    ./src/components/layout/site-header.tsx
    ./src/app/layout.tsx @ http://localhost:3000/_next/static/chunks/node_modules_next_dist_1e8vcs8._.js:1052
[  989588ms] [ERROR] ./src/components/layout/site-header.tsx:33:1
Error: 'import', and 'export' cannot be used outside of module code
  31 | "use client";
  32 |
> 33 | import Link from "next/link";
     | ^^^^^^
  34 | import { usePathname } from "next/navigation";
  35 | import { useEffect, useState } from "react";
  36 | import { Bell, GraduationCap, Menu, Search, ShieldCheck, UserRound, WalletCards, X, LogOut, UserPlus } from "lucide-react";

Parsing ecmascript source code failed

Import trace:
  Server Component:
    ./src/components/layout/site-header.tsx
    ./src/app/layout.tsx @ http://localhost:3000/_next/static/chunks/node_modules_next_dist_1e8vcs8._.js:1052
[  989650ms] [ERROR] ./src/components/layout/site-header.tsx:33:1
Error: 'import', and 'export' cannot be used outside of module code
  31 | "use client";
  32 |
> 33 | import Link from "next/link";
     | ^^^^^^
  34 | import { usePathname } from "next/navigation";
  35 | import { useEffect, useState } from "react";
  36 | import { Bell, GraduationCap, Menu, Search, ShieldCheck, UserRound, WalletCards, X, LogOut, UserPlus } from "lucide-react";

Parsing ecmascript source code failed

Import trace:
  Server Component:
    ./src/components/layout/site-header.tsx
    ./src/app/layout.tsx @ http://localhost:3000/_next/static/chunks/node_modules_next_dist_1e8vcs8._.js:1052
[  989881ms] [LOG] [Fast Refresh] rebuilding @ http://localhost:3000/_next/static/chunks/node_modules_next_dist_1e8vcs8._.js:776
[  990190ms] [LOG] [Fast Refresh] done in 283ms @ http://localhost:3000/_next/static/chunks/node_modules_next_dist_1e8vcs8._.js:776
[  990254ms] [LOG] [Fast Refresh] done in 283ms @ http://localhost:3000/_next/static/chunks/node_modules_next_dist_1e8vcs8._.js:776
[  990317ms] [LOG] [Fast Refresh] done in 283ms @ http://localhost:3000/_next/static/chunks/node_modules_next_dist_1e8vcs8._.js:776
[  990378ms] [LOG] [Fast Refresh] done in 283ms @ http://localhost:3000/_next/static/chunks/node_modules_next_dist_1e8vcs8._.js:776
[  990442ms] [LOG] [Fast Refresh] done in 283ms @ http://localhost:3000/_next/static/chunks/node_modules_next_dist_1e8vcs8._.js:776
[  990519ms] [LOG] [Fast Refresh] done in 283ms @ http://localhost:3000/_next/static/chunks/node_modules_next_dist_1e8vcs8._.js:776
[  990582ms] [LOG] [Fast Refresh] done in 283ms @ http://localhost:3000/_next/static/chunks/node_modules_next_dist_1e8vcs8._.js:776
[  990643ms] [LOG] [Fast Refresh] done in 283ms @ http://localhost:3000/_next/static/chunks/node_modules_next_dist_1e8vcs8._.js:776
[  990704ms] [LOG] [Fast Refresh] done in 283ms @ http://localhost:3000/_next/static/chunks/node_modules_next_dist_1e8vcs8._.js:776
[  990766ms] [LOG] [Fast Refresh] done in 283ms @ http://localhost:3000/_next/static/chunks/node_modules_next_dist_1e8vcs8._.js:776
[  990827ms] [LOG] [Fast Refresh] done in 283ms @ http://localhost:3000/_next/static/chunks/node_modules_next_dist_1e8vcs8._.js:776
[  990889ms] [LOG] [Fast Refresh] done in 283ms @ http://localhost:3000/_next/static/chunks/node_modules_next_dist_1e8vcs8._.js:776
[  990951ms] [LOG] [Fast Refresh] done in 283ms @ http://localhost:3000/_next/static/chunks/node_modules_next_dist_1e8vcs8._.js:776
[  991012ms] [LOG] [Fast Refresh] done in 283ms @ http://localhost:3000/_next/static/chunks/node_modules_next_dist_1e8vcs8._.js:776
[  991076ms] [LOG] [Fast Refresh] done in 283ms @ http://localhost:3000/_next/static/chunks/node_modules_next_dist_1e8vcs8._.js:776
[  991137ms] [LOG] [Fast Refresh] done in 283ms @ http://localhost:3000/_next/static/chunks/node_modules_next_dist_1e8vcs8._.js:776
[  991199ms] [LOG] [Fast Refresh] done in 283ms @ http://localhost:3000/_next/static/chunks/node_modules_next_dist_1e8vcs8._.js:776
[  991261ms] [LOG] [Fast Refresh] done in 283ms @ http://localhost:3000/_next/static/chunks/node_modules_next_dist_1e8vcs8._.js:776
[  991323ms] [LOG] [Fast Refresh] done in 283ms @ http://localhost:3000/_next/static/chunks/node_modules_next_dist_1e8vcs8._.js:776
[  991387ms] [LOG] [Fast Refresh] done in 283ms @ http://localhost:3000/_next/static/chunks/node_modules_next_dist_1e8vcs8._.js:776
[  991450ms] [LOG] [Fast Refresh] done in 283ms @ http://localhost:3000/_next/static/chunks/node_modules_next_dist_1e8vcs8._.js:776
[  991512ms] [LOG] [Fast Refresh] done in 283ms @ http://localhost:3000/_next/static/chunks/node_modules_next_dist_1e8vcs8._.js:776
[  991575ms] [LOG] [Fast Refresh] done in 283ms @ http://localhost:3000/_next/static/chunks/node_modules_next_dist_1e8vcs8._.js:776
[  991637ms] [LOG] [Fast Refresh] done in 283ms @ http://localhost:3000/_next/static/chunks/node_modules_next_dist_1e8vcs8._.js:776
[  991699ms] [LOG] [Fast Refresh] done in 283ms @ http://localhost:3000/_next/static/chunks/node_modules_next_dist_1e8vcs8._.js:776
[  991761ms] [LOG] [Fast Refresh] done in 283ms @ http://localhost:3000/_next/static/chunks/node_modules_next_dist_1e8vcs8._.js:776
[  991839ms] [LOG] [Fast Refresh] done in 283ms @ http://localhost:3000/_next/static/chunks/node_modules_next_dist_1e8vcs8._.js:776
[  991901ms] [LOG] [Fast Refresh] done in 283ms @ http://localhost:3000/_next/static/chunks/node_modules_next_dist_1e8vcs8._.js:776
[  991964ms] [LOG] [Fast Refresh] done in 283ms @ http://localhost:3000/_next/static/chunks/node_modules_next_dist_1e8vcs8._.js:776
[  992025ms] [LOG] [Fast Refresh] done in 283ms @ http://localhost:3000/_next/static/chunks/node_modules_next_dist_1e8vcs8._.js:776
[  992087ms] [LOG] [Fast Refresh] done in 283ms @ http://localhost:3000/_next/static/chunks/node_modules_next_dist_1e8vcs8._.js:776
[  992149ms] [LOG] [Fast Refresh] done in 283ms @ http://localhost:3000/_next/static/chunks/node_modules_next_dist_1e8vcs8._.js:776
[  992211ms] [LOG] [Fast Refresh] done in 283ms @ http://localhost:3000/_next/static/chunks/node_modules_next_dist_1e8vcs8._.js:776
[  992273ms] [LOG] [Fast Refresh] done in 283ms @ http://localhost:3000/_next/static/chunks/node_modules_next_dist_1e8vcs8._.js:776
[  992335ms] [LOG] [Fast Refresh] done in 283ms @ http://localhost:3000/_next/static/chunks/node_modules_next_dist_1e8vcs8._.js:776
[  992397ms] [LOG] [Fast Refresh] done in 283ms @ http://localhost:3000/_next/static/chunks/node_modules_next_dist_1e8vcs8._.js:776
[  992460ms] [LOG] [Fast Refresh] done in 283ms @ http://localhost:3000/_next/static/chunks/node_modules_next_dist_1e8vcs8._.js:776
[  992522ms] [LOG] [Fast Refresh] done in 283ms @ http://localhost:3000/_next/static/chunks/node_modules_next_dist_1e8vcs8._.js:776
[  992584ms] [LOG] [Fast Refresh] done in 283ms @ http://localhost:3000/_next/static/chunks/node_modules_next_dist_1e8vcs8._.js:776
[  992646ms] [LOG] [Fast Refresh] done in 283ms @ http://localhost:3000/_next/static/chunks/node_modules_next_dist_1e8vcs8._.js:776
[  992708ms] [LOG] [Fast Refresh] done in 283ms @ http://localhost:3000/_next/static/chunks/node_modules_next_dist_1e8vcs8._.js:776
[  992769ms] [LOG] [Fast Refresh] done in 283ms @ http://localhost:3000/_next/static/chunks/node_modules_next_dist_1e8vcs8._.js:776
[  992831ms] [LOG] [Fast Refresh] done in 283ms @ http://localhost:3000/_next/static/chunks/node_modules_next_dist_1e8vcs8._.js:776
[  992893ms] [LOG] [Fast Refresh] done in 283ms @ http://localhost:3000/_next/static/chunks/node_modules_next_dist_1e8vcs8._.js:776
[  992955ms] [LOG] [Fast Refresh] done in 283ms @ http://localhost:3000/_next/static/chunks/node_modules_next_dist_1e8vcs8._.js:776
[  993018ms] [LOG] [Fast Refresh] done in 283ms @ http://localhost:3000/_next/static/chunks/node_modules_next_dist_1e8vcs8._.js:776
[  993081ms] [LOG] [Fast Refresh] done in 283ms @ http://localhost:3000/_next/static/chunks/node_modules_next_dist_1e8vcs8._.js:776
[  993142ms] [LOG] [Fast Refresh] done in 283ms @ http://localhost:3000/_next/static/chunks/node_modules_next_dist_1e8vcs8._.js:776
[  993204ms] [LOG] [Fast Refresh] done in 283ms @ http://localhost:3000/_next/static/chunks/node_modules_next_dist_1e8vcs8._.js:776
[  993266ms] [LOG] [Fast Refresh] done in 283ms @ http://localhost:3000/_next/static/chunks/node_modules_next_dist_1e8vcs8._.js:776
[  993328ms] [LOG] [Fast Refresh] done in 283ms @ http://localhost:3000/_next/static/chunks/node_modules_next_dist_1e8vcs8._.js:776
[  993391ms] [LOG] [Fast Refresh] done in 283ms @ http://localhost:3000/_next/static/chunks/node_modules_next_dist_1e8vcs8._.js:776
[  993454ms] [LOG] [Fast Refresh] done in 283ms @ http://localhost:3000/_next/static/chunks/node_modules_next_dist_1e8vcs8._.js:776
[  993515ms] [LOG] [Fast Refresh] done in 283ms @ http://localhost:3000/_next/static/chunks/node_modules_next_dist_1e8vcs8._.js:776
[  993577ms] [LOG] [Fast Refresh] done in 283ms @ http://localhost:3000/_next/static/chunks/node_modules_next_dist_1e8vcs8._.js:776
[  993639ms] [LOG] [Fast Refresh] done in 283ms @ http://localhost:3000/_next/static/chunks/node_modules_next_dist_1e8vcs8._.js:776
[  993700ms] [LOG] [Fast Refresh] done in 283ms @ http://localhost:3000/_next/static/chunks/node_modules_next_dist_1e8vcs8._.js:776
[  993762ms] [LOG] [Fast Refresh] done in 283ms @ http://localhost:3000/_next/static/chunks/node_modules_next_dist_1e8vcs8._.js:776
[  993824ms] [LOG] [Fast Refresh] done in 283ms @ http://localhost:3000/_next/static/chunks/node_modules_next_dist_1e8vcs8._.js:776
[  993886ms] [LOG] [Fast Refresh] done in 283ms @ http://localhost:3000/_next/static/chunks/node_modules_next_dist_1e8vcs8._.js:776
[  993948ms] [LOG] [Fast Refresh] done in 283ms @ http://localhost:3000/_next/static/chunks/node_modules_next_dist_1e8vcs8._.js:776
[  994009ms] [LOG] [Fast Refresh] done in 283ms @ http://localhost:3000/_next/static/chunks/node_modules_next_dist_1e8vcs8._.js:776
[  994072ms] [LOG] [Fast Refresh] done in 283ms @ http://localhost:3000/_next/static/chunks/node_modules_next_dist_1e8vcs8._.js:776
[  994134ms] [LOG] [Fast Refresh] done in 283ms @ http://localhost:3000/_next/static/chunks/node_modules_next_dist_1e8vcs8._.js:776
[  994196ms] [LOG] [Fast Refresh] done in 283ms @ http://localhost:3000/_next/static/chunks/node_modules_next_dist_1e8vcs8._.js:776
[  994259ms] [LOG] [Fast Refresh] done in 283ms @ http://localhost:3000/_next/static/chunks/node_modules_next_dist_1e8vcs8._.js:776
[  994321ms] [LOG] [Fast Refresh] done in 283ms @ http://localhost:3000/_next/static/chunks/node_modules_next_dist_1e8vcs8._.js:776
[  994384ms] [LOG] [Fast Refresh] done in 283ms @ http://localhost:3000/_next/static/chunks/node_modules_next_dist_1e8vcs8._.js:776
[  994447ms] [LOG] [Fast Refresh] done in 283ms @ http://localhost:3000/_next/static/chunks/node_modules_next_dist_1e8vcs8._.js:776
[  994509ms] [LOG] [Fast Refresh] done in 283ms @ http://localhost:3000/_next/static/chunks/node_modules_next_dist_1e8vcs8._.js:776
[  994571ms] [LOG] [Fast Refresh] done in 283ms @ http://localhost:3000/_next/static/chunks/node_modules_next_dist_1e8vcs8._.js:776
[  994633ms] [LOG] [Fast Refresh] done in 283ms @ http://localhost:3000/_next/static/chunks/node_modules_next_dist_1e8vcs8._.js:776
[  994694ms] [LOG] [Fast Refresh] done in 283ms @ http://localhost:3000/_next/static/chunks/node_modules_next_dist_1e8vcs8._.js:776
[  994756ms] [LOG] [Fast Refresh] done in 283ms @ http://localhost:3000/_next/static/chunks/node_modules_next_dist_1e8vcs8._.js:776
[  994817ms] [LOG] [Fast Refresh] done in 283ms @ http://localhost:3000/_next/static/chunks/node_modules_next_dist_1e8vcs8._.js:776
[  994880ms] [LOG] [Fast Refresh] done in 283ms @ http://localhost:3000/_next/static/chunks/node_modules_next_dist_1e8vcs8._.js:776
[  994942ms] [LOG] [Fast Refresh] done in 283ms @ http://localhost:3000/_next/static/chunks/node_modules_next_dist_1e8vcs8._.js:776
[  995004ms] [LOG] [Fast Refresh] done in 283ms @ http://localhost:3000/_next/static/chunks/node_modules_next_dist_1e8vcs8._.js:776
[  995066ms] [LOG] [Fast Refresh] done in 283ms @ http://localhost:3000/_next/static/chunks/node_modules_next_dist_1e8vcs8._.js:776
[  995128ms] [LOG] [Fast Refresh] done in 283ms @ http://localhost:3000/_next/static/chunks/node_modules_next_dist_1e8vcs8._.js:776
[  995190ms] [LOG] [Fast Refresh] done in 283ms @ http://localhost:3000/_next/static/chunks/node_modules_next_dist_1e8vcs8._.js:776
[  995252ms] [LOG] [Fast Refresh] done in 283ms @ http://localhost:3000/_next/static/chunks/node_modules_next_dist_1e8vcs8._.js:776
[  995313ms] [LOG] [Fast Refresh] done in 283ms @ http://localhost:3000/_next/static/chunks/node_modules_next_dist_1e8vcs8._.js:776
[  995375ms] [LOG] [Fast Refresh] done in 283ms @ http://localhost:3000/_next/static/chunks/node_modules_next_dist_1e8vcs8._.js:776
[  995437ms] [LOG] [Fast Refresh] done in 283ms @ http://localhost:3000/_next/static/chunks/node_modules_next_dist_1e8vcs8._.js:776
[  995498ms] [LOG] [Fast Refresh] done in 283ms @ http://localhost:3000/_next/static/chunks/node_modules_next_dist_1e8vcs8._.js:776
[  995559ms] [LOG] [Fast Refresh] done in 283ms @ http://localhost:3000/_next/static/chunks/node_modules_next_dist_1e8vcs8._.js:776
[  995622ms] [LOG] [Fast Refresh] done in 283ms @ http://localhost:3000/_next/static/chunks/node_modules_next_dist_1e8vcs8._.js:776
[  995684ms] [LOG] [Fast Refresh] done in 283ms @ http://localhost:3000/_next/static/chunks/node_modules_next_dist_1e8vcs8._.js:776
[  995746ms] [LOG] [Fast Refresh] done in 283ms @ http://localhost:3000/_next/static/chunks/node_modules_next_dist_1e8vcs8._.js:776
[  995808ms] [LOG] [Fast Refresh] done in 283ms @ http://localhost:3000/_next/static/chunks/node_modules_next_dist_1e8vcs8._.js:776
[  995870ms] [LOG] [Fast Refresh] done in 283ms @ http://localhost:3000/_next/static/chunks/node_modules_next_dist_1e8vcs8._.js:776
[  995932ms] [LOG] [Fast Refresh] done in 283ms @ http://localhost:3000/_next/static/chunks/node_modules_next_dist_1e8vcs8._.js:776
[  995994ms] [LOG] [Fast Refresh] done in 283ms @ http://localhost:3000/_next/static/chunks/node_modules_next_dist_1e8vcs8._.js:776
[  996056ms] [LOG] [Fast Refresh] done in 283ms @ http://localhost:3000/_next/static/chunks/node_modules_next_dist_1e8vcs8._.js:776
[  996118ms] [LOG] [Fast Refresh] done in 283ms @ http://localhost:3000/_next/static/chunks/node_modules_next_dist_1e8vcs8._.js:776
[  996179ms] [LOG] [Fast Refresh] done in 283ms @ http://localhost:3000/_next/static/chunks/node_modules_next_dist_1e8vcs8._.js:776
[  996240ms] [LOG] [Fast Refresh] done in 283ms @ http://localhost:3000/_next/static/chunks/node_modules_next_dist_1e8vcs8._.js:776
[  996302ms] [LOG] [Fast Refresh] done in 283ms @ http://localhost:3000/_next/static/chunks/node_modules_next_dist_1e8vcs8._.js:776
[  996362ms] [LOG] [Fast Refresh] done in 283ms @ http://localhost:3000/_next/static/chunks/node_modules_next_dist_1e8vcs8._.js:776
[  996424ms] [LOG] [Fast Refresh] done in 283ms @ http://localhost:3000/_next/static/chunks/node_modules_next_dist_1e8vcs8._.js:776
[  996485ms] [LOG] [Fast Refresh] done in 283ms @ http://localhost:3000/_next/static/chunks/node_modules_next_dist_1e8vcs8._.js:776
[  996547ms] [LOG] [Fast Refresh] done in 283ms @ http://localhost:3000/_next/static/chunks/node_modules_next_dist_1e8vcs8._.js:776
[  996611ms] [LOG] [Fast Refresh] done in 283ms @ http://localhost:3000/_next/static/chunks/node_modules_next_dist_1e8vcs8._.js:776
[  996672ms] [LOG] [Fast Refresh] done in 283ms @ http://localhost:3000/_next/static/chunks/node_modules_next_dist_1e8vcs8._.js:776
[  996736ms] [LOG] [Fast Refresh] done in 283ms @ http://localhost:3000/_next/static/chunks/node_modules_next_dist_1e8vcs8._.js:776
[  996874ms] [LOG] [Fast Refresh] done in 283ms @ http://localhost:3000/_next/static/chunks/node_modules_next_dist_1e8vcs8._.js:776
[  996936ms] [LOG] [Fast Refresh] done in 283ms @ http://localhost:3000/_next/static/chunks/node_modules_next_dist_1e8vcs8._.js:776
[  996998ms] [LOG] [Fast Refresh] done in 283ms @ http://localhost:3000/_next/static/chunks/node_modules_next_dist_1e8vcs8._.js:776
[  997060ms] [LOG] [Fast Refresh] done in 283ms @ http://localhost:3000/_next/static/chunks/node_modules_next_dist_1e8vcs8._.js:776
[  997122ms] [LOG] [Fast Refresh] done in 283ms @ http://localhost:3000/_next/static/chunks/node_modules_next_dist_1e8vcs8._.js:776
[  997184ms] [LOG] [Fast Refresh] done in 283ms @ http://localhost:3000/_next/static/chunks/node_modules_next_dist_1e8vcs8._.js:776
[  997247ms] [LOG] [Fast Refresh] done in 283ms @ http://localhost:3000/_next/static/chunks/node_modules_next_dist_1e8vcs8._.js:776
[  997308ms] [LOG] [Fast Refresh] done in 283ms @ http://localhost:3000/_next/static/chunks/node_modules_next_dist_1e8vcs8._.js:776
[  997380ms] [LOG] [Fast Refresh] done in 283ms @ http://localhost:3000/_next/static/chunks/node_modules_next_dist_1e8vcs8._.js:776
[  997447ms] [LOG] [Fast Refresh] done in 283ms @ http://localhost:3000/_next/static/chunks/node_modules_next_dist_1e8vcs8._.js:776
[  997509ms] [LOG] [Fast Refresh] done in 283ms @ http://localhost:3000/_next/static/chunks/node_modules_next_dist_1e8vcs8._.js:776
[  997572ms] [LOG] [Fast Refresh] done in 283ms @ http://localhost:3000/_next/static/chunks/node_modules_next_dist_1e8vcs8._.js:776
[  997634ms] [LOG] [Fast Refresh] done in 283ms @ http://localhost:3000/_next/static/chunks/node_modules_next_dist_1e8vcs8._.js:776
[  997703ms] [LOG] [Fast Refresh] done in 283ms @ http://localhost:3000/_next/static/chunks/node_modules_next_dist_1e8vcs8._.js:776
[  997760ms] [LOG] [Fast Refresh] done in 283ms @ http://localhost:3000/_next/static/chunks/node_modules_next_dist_1e8vcs8._.js:776
[  997822ms] [LOG] [Fast Refresh] done in 283ms @ http://localhost:3000/_next/static/chunks/node_modules_next_dist_1e8vcs8._.js:776
[  997884ms] [LOG] [Fast Refresh] done in 283ms @ http://localhost:3000/_next/static/chunks/node_modules_next_dist_1e8vcs8._.js:776
[  997947ms] [LOG] [Fast Refresh] done in 283ms @ http://localhost:3000/_next/static/chunks/node_modules_next_dist_1e8vcs8._.js:776
[  998009ms] [LOG] [Fast Refresh] done in 283ms @ http://localhost:3000/_next/static/chunks/node_modules_next_dist_1e8vcs8._.js:776
[  998071ms] [LOG] [Fast Refresh] done in 283ms @ http://localhost:3000/_next/static/chunks/node_modules_next_dist_1e8vcs8._.js:776
[  998225ms] [LOG] [Fast Refresh] done in 283ms @ http://localhost:3000/_next/static/chunks/node_modules_next_dist_1e8vcs8._.js:776
[  998287ms] [LOG] [Fast Refresh] done in 283ms @ http://localhost:3000/_next/static/chunks/node_modules_next_dist_1e8vcs8._.js:776
[  998350ms] [LOG] [Fast Refresh] done in 283ms @ http://localhost:3000/_next/static/chunks/node_modules_next_dist_1e8vcs8._.js:776
[  998412ms] [LOG] [Fast Refresh] done in 283ms @ http://localhost:3000/_next/static/chunks/node_modules_next_dist_1e8vcs8._.js:776
[  998475ms] [LOG] [Fast Refresh] done in 283ms @ http://localhost:3000/_next/static/chunks/node_modules_next_dist_1e8vcs8._.js:776
[  998537ms] [LOG] [Fast Refresh] done in 283ms @ http://localhost:3000/_next/static/chunks/node_modules_next_dist_1e8vcs8._.js:776
[  998599ms] [LOG] [Fast Refresh] done in 283ms @ http://localhost:3000/_next/static/chunks/node_modules_next_dist_1e8vcs8._.js:776
[  998661ms] [LOG] [Fast Refresh] done in 283ms @ http://localhost:3000/_next/static/chunks/node_modules_next_dist_1e8vcs8._.js:776
[  998724ms] [LOG] [Fast Refresh] done in 283ms @ http://localhost:3000/_next/static/chunks/node_modules_next_dist_1e8vcs8._.js:776
[  998786ms] [LOG] [Fast Refresh] done in 283ms @ http://localhost:3000/_next/static/chunks/node_modules_next_dist_1e8vcs8._.js:776
[  998848ms] [LOG] [Fast Refresh] done in 283ms @ http://localhost:3000/_next/static/chunks/node_modules_next_dist_1e8vcs8._.js:776
[  998910ms] [LOG] [Fast Refresh] done in 283ms @ http://localhost:3000/_next/static/chunks/node_modules_next_dist_1e8vcs8._.js:776
[  998972ms] [LOG] [Fast Refresh] done in 283ms @ http://localhost:3000/_next/static/chunks/node_modules_next_dist_1e8vcs8._.js:776
[  999035ms] [LOG] [Fast Refresh] done in 283ms @ http://localhost:3000/_next/static/chunks/node_modules_next_dist_1e8vcs8._.js:776
[  999098ms] [LOG] [Fast Refresh] done in 283ms @ http://localhost:3000/_next/static/chunks/node_modules_next_dist_1e8vcs8._.js:776
[  999160ms] [LOG] [Fast Refresh] done in 283ms @ http://localhost:3000/_next/static/chunks/node_modules_next_dist_1e8vcs8._.js:776
[  999222ms] [LOG] [Fast Refresh] done in 283ms @ http://localhost:3000/_next/static/chunks/node_modules_next_dist_1e8vcs8._.js:776
[  999284ms] [LOG] [Fast Refresh] done in 283ms @ http://localhost:3000/_next/static/chunks/node_modules_next_dist_1e8vcs8._.js:776
[  999346ms] [LOG] [Fast Refresh] done in 283ms @ http://localhost:3000/_next/static/chunks/node_modules_next_dist_1e8vcs8._.js:776
[  999410ms] [LOG] [Fast Refresh] done in 283ms @ http://localhost:3000/_next/static/chunks/node_modules_next_dist_1e8vcs8._.js:776
[  999473ms] [LOG] [Fast Refresh] done in 283ms @ http://localhost:3000/_next/static/chunks/node_modules_next_dist_1e8vcs8._.js:776
[  999534ms] [LOG] [Fast Refresh] done in 283ms @ http://localhost:3000/_next/static/chunks/node_modules_next_dist_1e8vcs8._.js:776
[  999596ms] [LOG] [Fast Refresh] done in 283ms @ http://localhost:3000/_next/static/chunks/node_modules_next_dist_1e8vcs8._.js:776
[  999658ms] [LOG] [Fast Refresh] done in 283ms @ http://localhost:3000/_next/static/chunks/node_modules_next_dist_1e8vcs8._.js:776
[  999720ms] [LOG] [Fast Refresh] done in 283ms @ http://localhost:3000/_next/static/chunks/node_modules_next_dist_1e8vcs8._.js:776
[  999781ms] [LOG] [Fast Refresh] done in 283ms @ http://localhost:3000/_next/static/chunks/node_modules_next_dist_1e8vcs8._.js:776
[  999844ms] [LOG] [Fast Refresh] done in 283ms @ http://localhost:3000/_next/static/chunks/node_modules_next_dist_1e8vcs8._.js:776
[  999907ms] [LOG] [Fast Refresh] done in 283ms @ http://localhost:3000/_next/static/chunks/node_modules_next_dist_1e8vcs8._.js:776
[  999969ms] [LOG] [Fast Refresh] done in 283ms @ http://localhost:3000/_next/static/chunks/node_modules_next_dist_1e8vcs8._.js:776
[ 1000031ms] [LOG] [Fast Refresh] done in 283ms @ http://localhost:3000/_next/static/chunks/node_modules_next_dist_1e8vcs8._.js:776
[ 1000093ms] [LOG] [Fast Refresh] done in 283ms @ http://localhost:3000/_next/static/chunks/node_modules_next_dist_1e8vcs8._.js:776
[ 1000154ms] [LOG] [Fast Refresh] done in 283ms @ http://localhost:3000/_next/static/chunks/node_modules_next_dist_1e8vcs8._.js:776
[ 1000217ms] [LOG] [Fast Refresh] done in 283ms @ http://localhost:3000/_next/static/chunks/node_modules_next_dist_1e8vcs8._.js:776
[ 1000279ms] [LOG] [Fast Refresh] done in 283ms @ http://localhost:3000/_next/static/chunks/node_modules_next_dist_1e8vcs8._.js:776
[ 1000340ms] [LOG] [Fast Refresh] done in 283ms @ http://localhost:3000/_next/static/chunks/node_modules_next_dist_1e8vcs8._.js:776
[ 1000403ms] [LOG] [Fast Refresh] done in 283ms @ http://localhost:3000/_next/static/chunks/node_modules_next_dist_1e8vcs8._.js:776
[ 1000464ms] [LOG] [Fast Refresh] done in 283ms @ http://localhost:3000/_next/static/chunks/node_modules_next_dist_1e8vcs8._.js:776
[ 1000527ms] [LOG] [Fast Refresh] done in 283ms @ http://localhost:3000/_next/static/chunks/node_modules_next_dist_1e8vcs8._.js:776
[ 1000590ms] [LOG] [Fast Refresh] done in 283ms @ http://localhost:3000/_next/static/chunks/node_modules_next_dist_1e8vcs8._.js:776
[ 1000653ms] [LOG] [Fast Refresh] done in 283ms @ http://localhost:3000/_next/static/chunks/node_modules_next_dist_1e8vcs8._.js:776
[ 1000716ms] [LOG] [Fast Refresh] done in 283ms @ http://localhost:3000/_next/static/chunks/node_modules_next_dist_1e8vcs8._.js:776
[ 1000779ms] [LOG] [Fast Refresh] done in 283ms @ http://localhost:3000/_next/static/chunks/node_modules_next_dist_1e8vcs8._.js:776
[ 1000840ms] [LOG] [Fast Refresh] done in 283ms @ http://localhost:3000/_next/static/chunks/node_modules_next_dist_1e8vcs8._.js:776
[ 1000902ms] [LOG] [Fast Refresh] done in 283ms @ http://localhost:3000/_next/static/chunks/node_modules_next_dist_1e8vcs8._.js:776
[ 1000965ms] [LOG] [Fast Refresh] done in 283ms @ http://localhost:3000/_next/static/chunks/node_modules_next_dist_1e8vcs8._.js:776
[ 1001026ms] [LOG] [Fast Refresh] done in 283ms @ http://localhost:3000/_next/static/chunks/node_modules_next_dist_1e8vcs8._.js:776
[ 1001090ms] [LOG] [Fast Refresh] done in 283ms @ http://localhost:3000/_next/static/chunks/node_modules_next_dist_1e8vcs8._.js:776
[ 1001151ms] [LOG] [Fast Refresh] done in 283ms @ http://localhost:3000/_next/static/chunks/node_modules_next_dist_1e8vcs8._.js:776
[ 1001213ms] [LOG] [Fast Refresh] done in 283ms @ http://localhost:3000/_next/static/chunks/node_modules_next_dist_1e8vcs8._.js:776
[ 1001275ms] [LOG] [Fast Refresh] done in 283ms @ http://localhost:3000/_next/static/chunks/node_modules_next_dist_1e8vcs8._.js:776
[ 1001337ms] [LOG] [Fast Refresh] done in 283ms @ http://localhost:3000/_next/static/chunks/node_modules_next_dist_1e8vcs8._.js:776
[ 1001399ms] [LOG] [Fast Refresh] done in 283ms @ http://localhost:3000/_next/static/chunks/node_modules_next_dist_1e8vcs8._.js:776
[ 1001461ms] [LOG] [Fast Refresh] done in 283ms @ http://localhost:3000/_next/static/chunks/node_modules_next_dist_1e8vcs8._.js:776
[ 1001523ms] [LOG] [Fast Refresh] done in 283ms @ http://localhost:3000/_next/static/chunks/node_modules_next_dist_1e8vcs8._.js:776
[ 1001584ms] [LOG] [Fast Refresh] done in 283ms @ http://localhost:3000/_next/static/chunks/node_modules_next_dist_1e8vcs8._.js:776
[ 1001647ms] [LOG] [Fast Refresh] done in 283ms @ http://localhost:3000/_next/static/chunks/node_modules_next_dist_1e8vcs8._.js:776
[ 1001709ms] [LOG] [Fast Refresh] done in 283ms @ http://localhost:3000/_next/static/chunks/node_modules_next_dist_1e8vcs8._.js:776
[ 1001771ms] [LOG] [Fast Refresh] done in 283ms @ http://localhost:3000/_next/static/chunks/node_modules_next_dist_1e8vcs8._.js:776
[ 1001832ms] [LOG] [Fast Refresh] done in 283ms @ http://localhost:3000/_next/static/chunks/node_modules_next_dist_1e8vcs8._.js:776
[ 1001896ms] [LOG] [Fast Refresh] done in 283ms @ http://localhost:3000/_next/static/chunks/node_modules_next_dist_1e8vcs8._.js:776
[ 1001957ms] [LOG] [Fast Refresh] done in 283ms @ http://localhost:3000/_next/static/chunks/node_modules_next_dist_1e8vcs8._.js:776
[ 1002018ms] [LOG] [Fast Refresh] done in 283ms @ http://localhost:3000/_next/static/chunks/node_modules_next_dist_1e8vcs8._.js:776
[ 1002081ms] [LOG] [Fast Refresh] done in 283ms @ http://localhost:3000/_next/static/chunks/node_modules_next_dist_1e8vcs8._.js:776
[ 1002144ms] [LOG] [Fast Refresh] done in 283ms @ http://localhost:3000/_next/static/chunks/node_modules_next_dist_1e8vcs8._.js:776
[ 1002206ms] [LOG] [Fast Refresh] done in 283ms @ http://localhost:3000/_next/static/chunks/node_modules_next_dist_1e8vcs8._.js:776
[ 1002268ms] [LOG] [Fast Refresh] done in 283ms @ http://localhost:3000/_next/static/chunks/node_modules_next_dist_1e8vcs8._.js:776
[ 1002331ms] [LOG] [Fast Refresh] done in 283ms @ http://localhost:3000/_next/static/chunks/node_modules_next_dist_1e8vcs8._.js:776
[ 1002394ms] [LOG] [Fast Refresh] done in 283ms @ http://localhost:3000/_next/static/chunks/node_modules_next_dist_1e8vcs8._.js:776
[ 1002456ms] [LOG] [Fast Refresh] done in 283ms @ http://localhost:3000/_next/static/chunks/node_modules_next_dist_1e8vcs8._.js:776
[ 1002518ms] [LOG] [Fast Refresh] done in 283ms @ http://localhost:3000/_next/static/chunks/node_modules_next_dist_1e8vcs8._.js:776
[ 1002580ms] [LOG] [Fast Refresh] done in 283ms @ http://localhost:3000/_next/static/chunks/node_modules_next_dist_1e8vcs8._.js:776
[ 1002641ms] [LOG] [Fast Refresh] done in 283ms @ http://localhost:3000/_next/static/chunks/node_modules_next_dist_1e8vcs8._.js:776
[ 1002704ms] [LOG] [Fast Refresh] done in 283ms @ http://localhost:3000/_next/static/chunks/node_modules_next_dist_1e8vcs8._.js:776
[ 1002766ms] [LOG] [Fast Refresh] done in 283ms @ http://localhost:3000/_next/static/chunks/node_modules_next_dist_1e8vcs8._.js:776
[ 1002827ms] [LOG] [Fast Refresh] done in 283ms @ http://localhost:3000/_next/static/chunks/node_modules_next_dist_1e8vcs8._.js:776
[ 1002889ms] [LOG] [Fast Refresh] done in 283ms @ http://localhost:3000/_next/static/chunks/node_modules_next_dist_1e8vcs8._.js:776
[ 1002953ms] [LOG] [Fast Refresh] done in 283ms @ http://localhost:3000/_next/static/chunks/node_modules_next_dist_1e8vcs8._.js:776
[ 1003014ms] [LOG] [Fast Refresh] done in 283ms @ http://localhost:3000/_next/static/chunks/node_modules_next_dist_1e8vcs8._.js:776
[ 1003076ms] [LOG] [Fast Refresh] done in 283ms @ http://localhost:3000/_next/static/chunks/node_modules_next_dist_1e8vcs8._.js:776
[ 1003137ms] [LOG] [Fast Refresh] done in 283ms @ http://localhost:3000/_next/static/chunks/node_modules_next_dist_1e8vcs8._.js:776
[ 1003200ms] [LOG] [Fast Refresh] done in 283ms @ http://localhost:3000/_next/static/chunks/node_modules_next_dist_1e8vcs8._.js:776
[ 1003261ms] [LOG] [Fast Refresh] done in 283ms @ http://localhost:3000/_next/static/chunks/node_modules_next_dist_1e8vcs8._.js:776
[ 1003324ms] [LOG] [Fast Refresh] done in 283ms @ http://localhost:3000/_next/static/chunks/node_modules_next_dist_1e8vcs8._.js:776
[ 1003387ms] [LOG] [Fast Refresh] done in 283ms @ http://localhost:3000/_next/static/chunks/node_modules_next_dist_1e8vcs8._.js:776
[ 1003450ms] [LOG] [Fast Refresh] done in 283ms @ http://localhost:3000/_next/static/chunks/node_modules_next_dist_1e8vcs8._.js:776
[ 1003511ms] [LOG] [Fast Refresh] done in 283ms @ http://localhost:3000/_next/static/chunks/node_modules_next_dist_1e8vcs8._.js:776
[ 1003574ms] [LOG] [Fast Refresh] done in 283ms @ http://localhost:3000/_next/static/chunks/node_modules_next_dist_1e8vcs8._.js:776
[ 1003636ms] [LOG] [Fast Refresh] done in 283ms @ http://localhost:3000/_next/static/chunks/node_modules_next_dist_1e8vcs8._.js:776
[ 1003696ms] [LOG] [Fast Refresh] done in 283ms @ http://localhost:3000/_next/static/chunks/node_modules_next_dist_1e8vcs8._.js:776
[ 1003759ms] [LOG] [Fast Refresh] done in 283ms @ http://localhost:3000/_next/static/chunks/node_modules_next_dist_1e8vcs8._.js:776
[ 1003821ms] [LOG] [Fast Refresh] done in 283ms @ http://localhost:3000/_next/static/chunks/node_modules_next_dist_1e8vcs8._.js:776
[ 1003882ms] [LOG] [Fast Refresh] done in 283ms @ http://localhost:3000/_next/static/chunks/node_modules_next_dist_1e8vcs8._.js:776
[ 1003944ms] [LOG] [Fast Refresh] done in 283ms @ http://localhost:3000/_next/static/chunks/node_modules_next_dist_1e8vcs8._.js:776
[ 1004007ms] [LOG] [Fast Refresh] done in 283ms @ http://localhost:3000/_next/static/chunks/node_modules_next_dist_1e8vcs8._.js:776
[ 1004068ms] [LOG] [Fast Refresh] done in 283ms @ http://localhost:3000/_next/static/chunks/node_modules_next_dist_1e8vcs8._.js:776
[ 1004130ms] [LOG] [Fast Refresh] done in 283ms @ http://localhost:3000/_next/static/chunks/node_modules_next_dist_1e8vcs8._.js:776
[ 1004192ms] [LOG] [Fast Refresh] done in 283ms @ http://localhost:3000/_next/static/chunks/node_modules_next_dist_1e8vcs8._.js:776
[ 1004253ms] [LOG] [Fast Refresh] done in 283ms @ http://localhost:3000/_next/static/chunks/node_modules_next_dist_1e8vcs8._.js:776
[ 1004314ms] [LOG] [Fast Refresh] done in 283ms @ http://localhost:3000/_next/static/chunks/node_modules_next_dist_1e8vcs8._.js:776
[ 1004376ms] [LOG] [Fast Refresh] done in 283ms @ http://localhost:3000/_next/static/chunks/node_modules_next_dist_1e8vcs8._.js:776
[ 1004438ms] [LOG] [Fast Refresh] done in 283ms @ http://localhost:3000/_next/static/chunks/node_modules_next_dist_1e8vcs8._.js:776
[ 1004500ms] [LOG] [Fast Refresh] done in 283ms @ http://localhost:3000/_next/static/chunks/node_modules_next_dist_1e8vcs8._.js:776
[ 1004563ms] [LOG] [Fast Refresh] done in 283ms @ http://localhost:3000/_next/static/chunks/node_modules_next_dist_1e8vcs8._.js:776
[ 1004625ms] [LOG] [Fast Refresh] done in 283ms @ http://localhost:3000/_next/static/chunks/node_modules_next_dist_1e8vcs8._.js:776
[ 1004686ms] [LOG] [Fast Refresh] done in 283ms @ http://localhost:3000/_next/static/chunks/node_modules_next_dist_1e8vcs8._.js:776
[ 1004748ms] [LOG] [Fast Refresh] done in 283ms @ http://localhost:3000/_next/static/chunks/node_modules_next_dist_1e8vcs8._.js:776
[ 1004810ms] [LOG] [Fast Refresh] done in 283ms @ http://localhost:3000/_next/static/chunks/node_modules_next_dist_1e8vcs8._.js:776
[ 1004872ms] [LOG] [Fast Refresh] done in 283ms @ http://localhost:3000/_next/static/chunks/node_modules_next_dist_1e8vcs8._.js:776
[ 1004934ms] [LOG] [Fast Refresh] done in 283ms @ http://localhost:3000/_next/static/chunks/node_modules_next_dist_1e8vcs8._.js:776
[ 1004996ms] [LOG] [Fast Refresh] done in 283ms @ http://localhost:3000/_next/static/chunks/node_modules_next_dist_1e8vcs8._.js:776
[ 1005058ms] [LOG] [Fast Refresh] done in 283ms @ http://localhost:3000/_next/static/chunks/node_modules_next_dist_1e8vcs8._.js:776
[ 1005120ms] [LOG] [Fast Refresh] done in 283ms @ http://localhost:3000/_next/static/chunks/node_modules_next_dist_1e8vcs8._.js:776
[ 1005183ms] [LOG] [Fast Refresh] done in 283ms @ http://localhost:3000/_next/static/chunks/node_modules_next_dist_1e8vcs8._.js:776
[ 1005244ms] [LOG] [Fast Refresh] done in 283ms @ http://localhost:3000/_next/static/chunks/node_modules_next_dist_1e8vcs8._.js:776
[ 1005305ms] [LOG] [Fast Refresh] done in 283ms @ http://localhost:3000/_next/static/chunks/node_modules_next_dist_1e8vcs8._.js:776
[ 1005367ms] [LOG] [Fast Refresh] done in 283ms @ http://localhost:3000/_next/static/chunks/node_modules_next_dist_1e8vcs8._.js:776
[ 1005429ms] [LOG] [Fast Refresh] done in 283ms @ http://localhost:3000/_next/static/chunks/node_modules_next_dist_1e8vcs8._.js:776
[ 1005492ms] [LOG] [Fast Refresh] done in 283ms @ http://localhost:3000/_next/static/chunks/node_modules_next_dist_1e8vcs8._.js:776
[ 1005555ms] [LOG] [Fast Refresh] done in 283ms @ http://localhost:3000/_next/static/chunks/node_modules_next_dist_1e8vcs8._.js:776
[ 1005617ms] [LOG] [Fast Refresh] done in 283ms @ http://localhost:3000/_next/static/chunks/node_modules_next_dist_1e8vcs8._.js:776
[ 1005678ms] [LOG] [Fast Refresh] done in 283ms @ http://localhost:3000/_next/static/chunks/node_modules_next_dist_1e8vcs8._.js:776
[ 1005739ms] [LOG] [Fast Refresh] done in 283ms @ http://localhost:3000/_next/static/chunks/node_modules_next_dist_1e8vcs8._.js:776
[ 1005802ms] [LOG] [Fast Refresh] done in 283ms @ http://localhost:3000/_next/static/chunks/node_modules_next_dist_1e8vcs8._.js:776
[ 1005864ms] [LOG] [Fast Refresh] done in 283ms @ http://localhost:3000/_next/static/chunks/node_modules_next_dist_1e8vcs8._.js:776
[ 1005926ms] [LOG] [Fast Refresh] done in 283ms @ http://localhost:3000/_next/static/chunks/node_modules_next_dist_1e8vcs8._.js:776
[ 1005990ms] [LOG] [Fast Refresh] done in 283ms @ http://localhost:3000/_next/static/chunks/node_modules_next_dist_1e8vcs8._.js:776
[ 1006051ms] [LOG] [Fast Refresh] done in 283ms @ http://localhost:3000/_next/static/chunks/node_modules_next_dist_1e8vcs8._.js:776
[ 1006114ms] [LOG] [Fast Refresh] done in 283ms @ http://localhost:3000/_next/static/chunks/node_modules_next_dist_1e8vcs8._.js:776
[ 1006176ms] [LOG] [Fast Refresh] done in 283ms @ http://localhost:3000/_next/static/chunks/node_modules_next_dist_1e8vcs8._.js:776
[ 1006237ms] [LOG] [Fast Refresh] done in 283ms @ http://localhost:3000/_next/static/chunks/node_modules_next_dist_1e8vcs8._.js:776
[ 1006300ms] [LOG] [Fast Refresh] done in 283ms @ http://localhost:3000/_next/static/chunks/node_modules_next_dist_1e8vcs8._.js:776
[ 1006408ms] [LOG] [Fast Refresh] done in 283ms @ http://localhost:3000/_next/static/chunks/node_modules_next_dist_1e8vcs8._.js:776
[ 1006470ms] [LOG] [Fast Refresh] done in 283ms @ http://localhost:3000/_next/static/chunks/node_modules_next_dist_1e8vcs8._.js:776
[ 1006532ms] [LOG] [Fast Refresh] done in 283ms @ http://localhost:3000/_next/static/chunks/node_modules_next_dist_1e8vcs8._.js:776
[ 1006596ms] [LOG] [Fast Refresh] done in 283ms @ http://localhost:3000/_next/static/chunks/node_modules_next_dist_1e8vcs8._.js:776
[ 1006658ms] [LOG] [Fast Refresh] done in 283ms @ http://localhost:3000/_next/static/chunks/node_modules_next_dist_1e8vcs8._.js:776
[ 1006721ms] [LOG] [Fast Refresh] done in 283ms @ http://localhost:3000/_next/static/chunks/node_modules_next_dist_1e8vcs8._.js:776
[ 1006784ms] [LOG] [Fast Refresh] done in 283ms @ http://localhost:3000/_next/static/chunks/node_modules_next_dist_1e8vcs8._.js:776
[ 1006845ms] [LOG] [Fast Refresh] done in 283ms @ http://localhost:3000/_next/static/chunks/node_modules_next_dist_1e8vcs8._.js:776
[ 1006907ms] [LOG] [Fast Refresh] done in 283ms @ http://localhost:3000/_next/static/chunks/node_modules_next_dist_1e8vcs8._.js:776
[ 1006969ms] [LOG] [Fast Refresh] done in 283ms @ http://localhost:3000/_next/static/chunks/node_modules_next_dist_1e8vcs8._.js:776
[ 1007032ms] [LOG] [Fast Refresh] done in 283ms @ http://localhost:3000/_next/static/chunks/node_modules_next_dist_1e8vcs8._.js:776
[ 1007093ms] [LOG] [Fast Refresh] done in 283ms @ http://localhost:3000/_next/static/chunks/node_modules_next_dist_1e8vcs8._.js:776
[ 1007155ms] [LOG] [Fast Refresh] done in 283ms @ http://localhost:3000/_next/static/chunks/node_modules_next_dist_1e8vcs8._.js:776
[ 1007216ms] [LOG] [Fast Refresh] done in 283ms @ http://localhost:3000/_next/static/chunks/node_modules_next_dist_1e8vcs8._.js:776
[ 1007279ms] [LOG] [Fast Refresh] done in 283ms @ http://localhost:3000/_next/static/chunks/node_modules_next_dist_1e8vcs8._.js:776
[ 1007341ms] [LOG] [Fast Refresh] done in 283ms @ http://localhost:3000/_next/static/chunks/node_modules_next_dist_1e8vcs8._.js:776
[ 1007404ms] [LOG] [Fast Refresh] done in 283ms @ http://localhost:3000/_next/static/chunks/node_modules_next_dist_1e8vcs8._.js:776
[ 1007466ms] [LOG] [Fast Refresh] done in 283ms @ http://localhost:3000/_next/static/chunks/node_modules_next_dist_1e8vcs8._.js:776
[ 1007528ms] [LOG] [Fast Refresh] done in 283ms @ http://localhost:3000/_next/static/chunks/node_modules_next_dist_1e8vcs8._.js:776
[ 1007590ms] [LOG] [Fast Refresh] done in 283ms @ http://localhost:3000/_next/static/chunks/node_modules_next_dist_1e8vcs8._.js:776
[ 1007652ms] [LOG] [Fast Refresh] done in 283ms @ http://localhost:3000/_next/static/chunks/node_modules_next_dist_1e8vcs8._.js:776
[ 1007715ms] [LOG] [Fast Refresh] done in 283ms @ http://localhost:3000/_next/static/chunks/node_modules_next_dist_1e8vcs8._.js:776
[ 1007777ms] [LOG] [Fast Refresh] done in 283ms @ http://localhost:3000/_next/static/chunks/node_modules_next_dist_1e8vcs8._.js:776
[ 1007839ms] [LOG] [Fast Refresh] done in 283ms @ http://localhost:3000/_next/static/chunks/node_modules_next_dist_1e8vcs8._.js:776
[ 1007901ms] [LOG] [Fast Refresh] done in 283ms @ http://localhost:3000/_next/static/chunks/node_modules_next_dist_1e8vcs8._.js:776
[ 1007963ms] [LOG] [Fast Refresh] done in 283ms @ http://localhost:3000/_next/static/chunks/node_modules_next_dist_1e8vcs8._.js:776
[ 1008024ms] [LOG] [Fast Refresh] done in 283ms @ http://localhost:3000/_next/static/chunks/node_modules_next_dist_1e8vcs8._.js:776
[ 1008087ms] [LOG] [Fast Refresh] done in 283ms @ http://localhost:3000/_next/static/chunks/node_modules_next_dist_1e8vcs8._.js:776
[ 1008149ms] [LOG] [Fast Refresh] done in 283ms @ http://localhost:3000/_next/static/chunks/node_modules_next_dist_1e8vcs8._.js:776
[ 1008212ms] [LOG] [Fast Refresh] done in 283ms @ http://localhost:3000/_next/static/chunks/node_modules_next_dist_1e8vcs8._.js:776
[ 1008273ms] [LOG] [Fast Refresh] done in 283ms @ http://localhost:3000/_next/static/chunks/node_modules_next_dist_1e8vcs8._.js:776
[ 1008334ms] [LOG] [Fast Refresh] done in 283ms @ http://localhost:3000/_next/static/chunks/node_modules_next_dist_1e8vcs8._.js:776
[ 1008397ms] [LOG] [Fast Refresh] done in 283ms @ http://localhost:3000/_next/static/chunks/node_modules_next_dist_1e8vcs8._.js:776
[ 1008459ms] [LOG] [Fast Refresh] done in 283ms @ http://localhost:3000/_next/static/chunks/node_modules_next_dist_1e8vcs8._.js:776
[ 1008523ms] [LOG] [Fast Refresh] done in 283ms @ http://localhost:3000/_next/static/chunks/node_modules_next_dist_1e8vcs8._.js:776
[ 1008584ms] [LOG] [Fast Refresh] done in 283ms @ http://localhost:3000/_next/static/chunks/node_modules_next_dist_1e8vcs8._.js:776
[ 1008645ms] [LOG] [Fast Refresh] done in 283ms @ http://localhost:3000/_next/static/chunks/node_modules_next_dist_1e8vcs8._.js:776
[ 1008708ms] [LOG] [Fast Refresh] done in 283ms @ http://localhost:3000/_next/static/chunks/node_modules_next_dist_1e8vcs8._.js:776
[ 1008771ms] [LOG] [Fast Refresh] done in 283ms @ http://localhost:3000/_next/static/chunks/node_modules_next_dist_1e8vcs8._.js:776
[ 1008834ms] [LOG] [Fast Refresh] done in 283ms @ http://localhost:3000/_next/static/chunks/node_modules_next_dist_1e8vcs8._.js:776
[ 1008896ms] [LOG] [Fast Refresh] done in 283ms @ http://localhost:3000/_next/static/chunks/node_modules_next_dist_1e8vcs8._.js:776
[ 1008957ms] [LOG] [Fast Refresh] done in 283ms @ http://localhost:3000/_next/static/chunks/node_modules_next_dist_1e8vcs8._.js:776
[ 1009019ms] [LOG] [Fast Refresh] done in 283ms @ http://localhost:3000/_next/static/chunks/node_modules_next_dist_1e8vcs8._.js:776
[ 1009081ms] [LOG] [Fast Refresh] done in 283ms @ http://localhost:3000/_next/static/chunks/node_modules_next_dist_1e8vcs8._.js:776
[ 1009143ms] [LOG] [Fast Refresh] done in 283ms @ http://localhost:3000/_next/static/chunks/node_modules_next_dist_1e8vcs8._.js:776
[ 1009205ms] [LOG] [Fast Refresh] done in 283ms @ http://localhost:3000/_next/static/chunks/node_modules_next_dist_1e8vcs8._.js:776
[ 1009266ms] [LOG] [Fast Refresh] done in 283ms @ http://localhost:3000/_next/static/chunks/node_modules_next_dist_1e8vcs8._.js:776
[ 1009327ms] [LOG] [Fast Refresh] done in 283ms @ http://localhost:3000/_next/static/chunks/node_modules_next_dist_1e8vcs8._.js:776
[ 1009390ms] [LOG] [Fast Refresh] done in 283ms @ http://localhost:3000/_next/static/chunks/node_modules_next_dist_1e8vcs8._.js:776
[ 1009453ms] [LOG] [Fast Refresh] done in 283ms @ http://localhost:3000/_next/static/chunks/node_modules_next_dist_1e8vcs8._.js:776
[ 1009516ms] [LOG] [Fast Refresh] done in 283ms @ http://localhost:3000/_next/static/chunks/node_modules_next_dist_1e8vcs8._.js:776
[ 1009577ms] [LOG] [Fast Refresh] done in 283ms @ http://localhost:3000/_next/static/chunks/node_modules_next_dist_1e8vcs8._.js:776
[ 1009638ms] [LOG] [Fast Refresh] done in 283ms @ http://localhost:3000/_next/static/chunks/node_modules_next_dist_1e8vcs8._.js:776
[ 1009700ms] [LOG] [Fast Refresh] done in 283ms @ http://localhost:3000/_next/static/chunks/node_modules_next_dist_1e8vcs8._.js:776
[ 1009761ms] [LOG] [Fast Refresh] done in 283ms @ http://localhost:3000/_next/static/chunks/node_modules_next_dist_1e8vcs8._.js:776
[ 1009824ms] [LOG] [Fast Refresh] done in 283ms @ http://localhost:3000/_next/static/chunks/node_modules_next_dist_1e8vcs8._.js:776
[ 1009885ms] [LOG] [Fast Refresh] done in 283ms @ http://localhost:3000/_next/static/chunks/node_modules_next_dist_1e8vcs8._.js:776
[ 1009947ms] [LOG] [Fast Refresh] done in 283ms @ http://localhost:3000/_next/static/chunks/node_modules_next_dist_1e8vcs8._.js:776
[ 1010010ms] [LOG] [Fast Refresh] done in 283ms @ http://localhost:3000/_next/static/chunks/node_modules_next_dist_1e8vcs8._.js:776
[ 1010072ms] [LOG] [Fast Refresh] done in 283ms @ http://localhost:3000/_next/static/chunks/node_modules_next_dist_1e8vcs8._.js:776
[ 1010134ms] [LOG] [Fast Refresh] done in 283ms @ http://localhost:3000/_next/static/chunks/node_modules_next_dist_1e8vcs8._.js:776
[ 1010196ms] [LOG] [Fast Refresh] done in 283ms @ http://localhost:3000/_next/static/chunks/node_modules_next_dist_1e8vcs8._.js:776
[ 1010258ms] [LOG] [Fast Refresh] done in 283ms @ http://localhost:3000/_next/static/chunks/node_modules_next_dist_1e8vcs8._.js:776
[ 1010321ms] [LOG] [Fast Refresh] done in 283ms @ http://localhost:3000/_next/static/chunks/node_modules_next_dist_1e8vcs8._.js:776
[ 1010383ms] [LOG] [Fast Refresh] done in 283ms @ http://localhost:3000/_next/static/chunks/node_modules_next_dist_1e8vcs8._.js:776
[ 1010521ms] [LOG] [Fast Refresh] done in 283ms @ http://localhost:3000/_next/static/chunks/node_modules_next_dist_1e8vcs8._.js:776
[ 1010583ms] [LOG] [Fast Refresh] done in 283ms @ http://localhost:3000/_next/static/chunks/node_modules_next_dist_1e8vcs8._.js:776
[ 1010645ms] [LOG] [Fast Refresh] done in 283ms @ http://localhost:3000/_next/static/chunks/node_modules_next_dist_1e8vcs8._.js:776
[ 1010707ms] [LOG] [Fast Refresh] done in 283ms @ http://localhost:3000/_next/static/chunks/node_modules_next_dist_1e8vcs8._.js:776
[ 1010769ms] [LOG] [Fast Refresh] done in 283ms @ http://localhost:3000/_next/static/chunks/node_modules_next_dist_1e8vcs8._.js:776
[ 1010839ms] [LOG] [Fast Refresh] done in 283ms @ http://localhost:3000/_next/static/chunks/node_modules_next_dist_1e8vcs8._.js:776
[ 1011049ms] [LOG] [Fast Refresh] rebuilding @ http://localhost:3000/_next/static/chunks/node_modules_next_dist_1e8vcs8._.js:776
[ 1011206ms] [ERROR] ./src/app/candidate/page.tsx:471:24
Error: Expected '</', got 'ident'
  469 |                     Pastikan statusmu "Open to Work" dan CV terisi lengkap agar recruiter dapat mengundangmu.
  470 |                   </p>
> 471 |                 </Link href="/candidate/cv">
      |                        ^^^^
  472 |                 </CardContent>
  473 |               </Card>
  474 |             ) : (

Parsing ecmascript source code failed @ http://localhost:3000/_next/static/chunks/node_modules_next_dist_1e8vcs8._.js:1052
[ 1011269ms] [ERROR] ./src/app/candidate/page.tsx:471:24
Error: Expected '</', got 'ident'
  469 |                     Pastikan statusmu "Open to Work" dan CV terisi lengkap agar recruiter dapat mengundangmu.
  470 |                   </p>
> 471 |                 </Link href="/candidate/cv">
      |                        ^^^^
  472 |                 </CardContent>
  473 |               </Card>
  474 |             ) : (

Parsing ecmascript source code failed @ http://localhost:3000/_next/static/chunks/node_modules_next_dist_1e8vcs8._.js:1052
[ 1011331ms] [ERROR] ./src/app/candidate/page.tsx:471:24
Error: Expected '</', got 'ident'
  469 |                     Pastikan statusmu "Open to Work" dan CV terisi lengkap agar recruiter dapat mengundangmu.
  470 |                   </p>
> 471 |                 </Link href="/candidate/cv">
      |                        ^^^^
  472 |                 </CardContent>
  473 |               </Card>
  474 |             ) : (

Parsing ecmascript source code failed @ http://localhost:3000/_next/static/chunks/node_modules_next_dist_1e8vcs8._.js:1052
[ 1011392ms] [ERROR] ./src/app/candidate/page.tsx:471:24
Error: Expected '</', got 'ident'
  469 |                     Pastikan statusmu "Open to Work" dan CV terisi lengkap agar recruiter dapat mengundangmu.
  470 |                   </p>
> 471 |                 </Link href="/candidate/cv">
      |                        ^^^^
  472 |                 </CardContent>
  473 |               </Card>
  474 |             ) : (

Parsing ecmascript source code failed @ http://localhost:3000/_next/static/chunks/node_modules_next_dist_1e8vcs8._.js:1052
[ 1011454ms] [ERROR] ./src/app/candidate/page.tsx:471:24
Error: Expected '</', got 'ident'
  469 |                     Pastikan statusmu "Open to Work" dan CV terisi lengkap agar recruiter dapat mengundangmu.
  470 |                   </p>
> 471 |                 </Link href="/candidate/cv">
      |                        ^^^^
  472 |                 </CardContent>
  473 |               </Card>
  474 |             ) : (

Parsing ecmascript source code failed @ http://localhost:3000/_next/static/chunks/node_modules_next_dist_1e8vcs8._.js:1052
[ 1011516ms] [ERROR] ./src/app/candidate/page.tsx:471:24
Error: Expected '</', got 'ident'
  469 |                     Pastikan statusmu "Open to Work" dan CV terisi lengkap agar recruiter dapat mengundangmu.
  470 |                   </p>
> 471 |                 </Link href="/candidate/cv">
      |                        ^^^^
  472 |                 </CardContent>
  473 |               </Card>
  474 |             ) : (

Parsing ecmascript source code failed @ http://localhost:3000/_next/static/chunks/node_modules_next_dist_1e8vcs8._.js:1052
[ 1011578ms] [ERROR] ./src/app/candidate/page.tsx:471:24
Error: Expected '</', got 'ident'
  469 |                     Pastikan statusmu "Open to Work" dan CV terisi lengkap agar recruiter dapat mengundangmu.
  470 |                   </p>
> 471 |                 </Link href="/candidate/cv">
      |                        ^^^^
  472 |                 </CardContent>
  473 |               </Card>
  474 |             ) : (

Parsing ecmascript source code failed @ http://localhost:3000/_next/static/chunks/node_modules_next_dist_1e8vcs8._.js:1052
[ 1011640ms] [ERROR] ./src/app/candidate/page.tsx:471:24
Error: Expected '</', got 'ident'
  469 |                     Pastikan statusmu "Open to Work" dan CV terisi lengkap agar recruiter dapat mengundangmu.
  470 |                   </p>
> 471 |                 </Link href="/candidate/cv">
      |                        ^^^^
  472 |                 </CardContent>
  473 |               </Card>
  474 |             ) : (

Parsing ecmascript source code failed @ http://localhost:3000/_next/static/chunks/node_modules_next_dist_1e8vcs8._.js:1052
[ 1011702ms] [ERROR] ./src/app/candidate/page.tsx:471:24
Error: Expected '</', got 'ident'
  469 |                     Pastikan statusmu "Open to Work" dan CV terisi lengkap agar recruiter dapat mengundangmu.
  470 |                   </p>
> 471 |                 </Link href="/candidate/cv">
      |                        ^^^^
  472 |                 </CardContent>
  473 |               </Card>
  474 |             ) : (

Parsing ecmascript source code failed @ http://localhost:3000/_next/static/chunks/node_modules_next_dist_1e8vcs8._.js:1052
[ 1011765ms] [ERROR] ./src/app/candidate/page.tsx:471:24
Error: Expected '</', got 'ident'
  469 |                     Pastikan statusmu "Open to Work" dan CV terisi lengkap agar recruiter dapat mengundangmu.
  470 |                   </p>
> 471 |                 </Link href="/candidate/cv">
      |                        ^^^^
  472 |                 </CardContent>
  473 |               </Card>
  474 |             ) : (

Parsing ecmascript source code failed @ http://localhost:3000/_next/static/chunks/node_modules_next_dist_1e8vcs8._.js:1052
[ 1011827ms] [ERROR] ./src/app/candidate/page.tsx:471:24
Error: Expected '</', got 'ident'
  469 |                     Pastikan statusmu "Open to Work" dan CV terisi lengkap agar recruiter dapat mengundangmu.
  470 |                   </p>
> 471 |                 </Link href="/candidate/cv">
      |                        ^^^^
  472 |                 </CardContent>
  473 |               </Card>
  474 |             ) : (

Parsing ecmascript source code failed @ http://localhost:3000/_next/static/chunks/node_modules_next_dist_1e8vcs8._.js:1052
[ 1011888ms] [ERROR] ./src/app/candidate/page.tsx:471:24
Error: Expected '</', got 'ident'
  469 |                     Pastikan statusmu "Open to Work" dan CV terisi lengkap agar recruiter dapat mengundangmu.
  470 |                   </p>
> 471 |                 </Link href="/candidate/cv">
      |                        ^^^^
  472 |                 </CardContent>
  473 |               </Card>
  474 |             ) : (

Parsing ecmascript source code failed @ http://localhost:3000/_next/static/chunks/node_modules_next_dist_1e8vcs8._.js:1052
[ 1011950ms] [ERROR] ./src/app/candidate/page.tsx:471:24
Error: Expected '</', got 'ident'
  469 |                     Pastikan statusmu "Open to Work" dan CV terisi lengkap agar recruiter dapat mengundangmu.
  470 |                   </p>
> 471 |                 </Link href="/candidate/cv">
      |                        ^^^^
  472 |                 </CardContent>
  473 |               </Card>
  474 |             ) : (

Parsing ecmascript source code failed @ http://localhost:3000/_next/static/chunks/node_modules_next_dist_1e8vcs8._.js:1052
[ 1012012ms] [ERROR] ./src/app/candidate/page.tsx:471:24
Error: Expected '</', got 'ident'
  469 |                     Pastikan statusmu "Open to Work" dan CV terisi lengkap agar recruiter dapat mengundangmu.
  470 |                   </p>
> 471 |                 </Link href="/candidate/cv">
      |                        ^^^^
  472 |                 </CardContent>
  473 |               </Card>
  474 |             ) : (

Parsing ecmascript source code failed @ http://localhost:3000/_next/static/chunks/node_modules_next_dist_1e8vcs8._.js:1052
[ 1012075ms] [ERROR] ./src/app/candidate/page.tsx:471:24
Error: Expected '</', got 'ident'
  469 |                     Pastikan statusmu "Open to Work" dan CV terisi lengkap agar recruiter dapat mengundangmu.
  470 |                   </p>
> 471 |                 </Link href="/candidate/cv">
      |                        ^^^^
  472 |                 </CardContent>
  473 |               </Card>
  474 |             ) : (

Parsing ecmascript source code failed @ http://localhost:3000/_next/static/chunks/node_modules_next_dist_1e8vcs8._.js:1052
[ 1012137ms] [ERROR] ./src/app/candidate/page.tsx:471:24
Error: Expected '</', got 'ident'
  469 |                     Pastikan statusmu "Open to Work" dan CV terisi lengkap agar recruiter dapat mengundangmu.
  470 |                   </p>
> 471 |                 </Link href="/candidate/cv">
      |                        ^^^^
  472 |                 </CardContent>
  473 |               </Card>
  474 |             ) : (

Parsing ecmascript source code failed @ http://localhost:3000/_next/static/chunks/node_modules_next_dist_1e8vcs8._.js:1052
[ 1012199ms] [ERROR] ./src/app/candidate/page.tsx:471:24
Error: Expected '</', got 'ident'
  469 |                     Pastikan statusmu "Open to Work" dan CV terisi lengkap agar recruiter dapat mengundangmu.
  470 |                   </p>
> 471 |                 </Link href="/candidate/cv">
      |                        ^^^^
  472 |                 </CardContent>
  473 |               </Card>
  474 |             ) : (

Parsing ecmascript source code failed @ http://localhost:3000/_next/static/chunks/node_modules_next_dist_1e8vcs8._.js:1052
[ 1012261ms] [ERROR] ./src/app/candidate/page.tsx:471:24
Error: Expected '</', got 'ident'
  469 |                     Pastikan statusmu "Open to Work" dan CV terisi lengkap agar recruiter dapat mengundangmu.
  470 |                   </p>
> 471 |                 </Link href="/candidate/cv">
      |                        ^^^^
  472 |                 </CardContent>
  473 |               </Card>
  474 |             ) : (

Parsing ecmascript source code failed @ http://localhost:3000/_next/static/chunks/node_modules_next_dist_1e8vcs8._.js:1052
[ 1012324ms] [ERROR] ./src/app/candidate/page.tsx:471:24
Error: Expected '</', got 'ident'
  469 |                     Pastikan statusmu "Open to Work" dan CV terisi lengkap agar recruiter dapat mengundangmu.
  470 |                   </p>
> 471 |                 </Link href="/candidate/cv">
      |                        ^^^^
  472 |                 </CardContent>
  473 |               </Card>
  474 |             ) : (

Parsing ecmascript source code failed @ http://localhost:3000/_next/static/chunks/node_modules_next_dist_1e8vcs8._.js:1052
[ 1012385ms] [ERROR] ./src/app/candidate/page.tsx:471:24
Error: Expected '</', got 'ident'
  469 |                     Pastikan statusmu "Open to Work" dan CV terisi lengkap agar recruiter dapat mengundangmu.
  470 |                   </p>
> 471 |                 </Link href="/candidate/cv">
      |                        ^^^^
  472 |                 </CardContent>
  473 |               </Card>
  474 |             ) : (

Parsing ecmascript source code failed @ http://localhost:3000/_next/static/chunks/node_modules_next_dist_1e8vcs8._.js:1052
[ 1012446ms] [ERROR] ./src/app/candidate/page.tsx:471:24
Error: Expected '</', got 'ident'
  469 |                     Pastikan statusmu "Open to Work" dan CV terisi lengkap agar recruiter dapat mengundangmu.
  470 |                   </p>
> 471 |                 </Link href="/candidate/cv">
      |                        ^^^^
  472 |                 </CardContent>
  473 |               </Card>
  474 |             ) : (

Parsing ecmascript source code failed @ http://localhost:3000/_next/static/chunks/node_modules_next_dist_1e8vcs8._.js:1052
[ 1012508ms] [ERROR] ./src/app/candidate/page.tsx:471:24
Error: Expected '</', got 'ident'
  469 |                     Pastikan statusmu "Open to Work" dan CV terisi lengkap agar recruiter dapat mengundangmu.
  470 |                   </p>
> 471 |                 </Link href="/candidate/cv">
      |                        ^^^^
  472 |                 </CardContent>
  473 |               </Card>
  474 |             ) : (

Parsing ecmascript source code failed @ http://localhost:3000/_next/static/chunks/node_modules_next_dist_1e8vcs8._.js:1052
[ 1012569ms] [ERROR] ./src/app/candidate/page.tsx:471:24
Error: Expected '</', got 'ident'
  469 |                     Pastikan statusmu "Open to Work" dan CV terisi lengkap agar recruiter dapat mengundangmu.
  470 |                   </p>
> 471 |                 </Link href="/candidate/cv">
      |                        ^^^^
  472 |                 </CardContent>
  473 |               </Card>
  474 |             ) : (

Parsing ecmascript source code failed @ http://localhost:3000/_next/static/chunks/node_modules_next_dist_1e8vcs8._.js:1052
[ 1012631ms] [ERROR] ./src/app/candidate/page.tsx:471:24
Error: Expected '</', got 'ident'
  469 |                     Pastikan statusmu "Open to Work" dan CV terisi lengkap agar recruiter dapat mengundangmu.
  470 |                   </p>
> 471 |                 </Link href="/candidate/cv">
      |                        ^^^^
  472 |                 </CardContent>
  473 |               </Card>
  474 |             ) : (

Parsing ecmascript source code failed @ http://localhost:3000/_next/static/chunks/node_modules_next_dist_1e8vcs8._.js:1052
[ 1012693ms] [ERROR] ./src/app/candidate/page.tsx:471:24
Error: Expected '</', got 'ident'
  469 |                     Pastikan statusmu "Open to Work" dan CV terisi lengkap agar recruiter dapat mengundangmu.
  470 |                   </p>
> 471 |                 </Link href="/candidate/cv">
      |                        ^^^^
  472 |                 </CardContent>
  473 |               </Card>
  474 |             ) : (

Parsing ecmascript source code failed @ http://localhost:3000/_next/static/chunks/node_modules_next_dist_1e8vcs8._.js:1052
[ 1012754ms] [ERROR] ./src/app/candidate/page.tsx:471:24
Error: Expected '</', got 'ident'
  469 |                     Pastikan statusmu "Open to Work" dan CV terisi lengkap agar recruiter dapat mengundangmu.
  470 |                   </p>
> 471 |                 </Link href="/candidate/cv">
      |                        ^^^^
  472 |                 </CardContent>
  473 |               </Card>
  474 |             ) : (

Parsing ecmascript source code failed @ http://localhost:3000/_next/static/chunks/node_modules_next_dist_1e8vcs8._.js:1052
[ 1012816ms] [ERROR] ./src/app/candidate/page.tsx:471:24
Error: Expected '</', got 'ident'
  469 |                     Pastikan statusmu "Open to Work" dan CV terisi lengkap agar recruiter dapat mengundangmu.
  470 |                   </p>
> 471 |                 </Link href="/candidate/cv">
      |                        ^^^^
  472 |                 </CardContent>
  473 |               </Card>
  474 |             ) : (

Parsing ecmascript source code failed @ http://localhost:3000/_next/static/chunks/node_modules_next_dist_1e8vcs8._.js:1052
[ 1012877ms] [ERROR] ./src/app/candidate/page.tsx:471:24
Error: Expected '</', got 'ident'
  469 |                     Pastikan statusmu "Open to Work" dan CV terisi lengkap agar recruiter dapat mengundangmu.
  470 |                   </p>
> 471 |                 </Link href="/candidate/cv">
      |                        ^^^^
  472 |                 </CardContent>
  473 |               </Card>
  474 |             ) : (

Parsing ecmascript source code failed @ http://localhost:3000/_next/static/chunks/node_modules_next_dist_1e8vcs8._.js:1052
[ 1012941ms] [ERROR] ./src/app/candidate/page.tsx:471:24
Error: Expected '</', got 'ident'
  469 |                     Pastikan statusmu "Open to Work" dan CV terisi lengkap agar recruiter dapat mengundangmu.
  470 |                   </p>
> 471 |                 </Link href="/candidate/cv">
      |                        ^^^^
  472 |                 </CardContent>
  473 |               </Card>
  474 |             ) : (

Parsing ecmascript source code failed @ http://localhost:3000/_next/static/chunks/node_modules_next_dist_1e8vcs8._.js:1052
[ 1013003ms] [ERROR] ./src/app/candidate/page.tsx:471:24
Error: Expected '</', got 'ident'
  469 |                     Pastikan statusmu "Open to Work" dan CV terisi lengkap agar recruiter dapat mengundangmu.
  470 |                   </p>
> 471 |                 </Link href="/candidate/cv">
      |                        ^^^^
  472 |                 </CardContent>
  473 |               </Card>
  474 |             ) : (

Parsing ecmascript source code failed @ http://localhost:3000/_next/static/chunks/node_modules_next_dist_1e8vcs8._.js:1052
[ 1013065ms] [ERROR] ./src/app/candidate/page.tsx:471:24
Error: Expected '</', got 'ident'
  469 |                     Pastikan statusmu "Open to Work" dan CV terisi lengkap agar recruiter dapat mengundangmu.
  470 |                   </p>
> 471 |                 </Link href="/candidate/cv">
      |                        ^^^^
  472 |                 </CardContent>
  473 |               </Card>
  474 |             ) : (

Parsing ecmascript source code failed @ http://localhost:3000/_next/static/chunks/node_modules_next_dist_1e8vcs8._.js:1052
[ 1013128ms] [ERROR] ./src/app/candidate/page.tsx:471:24
Error: Expected '</', got 'ident'
  469 |                     Pastikan statusmu "Open to Work" dan CV terisi lengkap agar recruiter dapat mengundangmu.
  470 |                   </p>
> 471 |                 </Link href="/candidate/cv">
      |                        ^^^^
  472 |                 </CardContent>
  473 |               </Card>
  474 |             ) : (

Parsing ecmascript source code failed @ http://localhost:3000/_next/static/chunks/node_modules_next_dist_1e8vcs8._.js:1052
[ 1013190ms] [ERROR] ./src/app/candidate/page.tsx:471:24
Error: Expected '</', got 'ident'
  469 |                     Pastikan statusmu "Open to Work" dan CV terisi lengkap agar recruiter dapat mengundangmu.
  470 |                   </p>
> 471 |                 </Link href="/candidate/cv">
      |                        ^^^^
  472 |                 </CardContent>
  473 |               </Card>
  474 |             ) : (

Parsing ecmascript source code failed @ http://localhost:3000/_next/static/chunks/node_modules_next_dist_1e8vcs8._.js:1052
[ 1013252ms] [ERROR] ./src/app/candidate/page.tsx:471:24
Error: Expected '</', got 'ident'
  469 |                     Pastikan statusmu "Open to Work" dan CV terisi lengkap agar recruiter dapat mengundangmu.
  470 |                   </p>
> 471 |                 </Link href="/candidate/cv">
      |                        ^^^^
  472 |                 </CardContent>
  473 |               </Card>
  474 |             ) : (

Parsing ecmascript source code failed @ http://localhost:3000/_next/static/chunks/node_modules_next_dist_1e8vcs8._.js:1052
[ 1013314ms] [ERROR] ./src/app/candidate/page.tsx:471:24
Error: Expected '</', got 'ident'
  469 |                     Pastikan statusmu "Open to Work" dan CV terisi lengkap agar recruiter dapat mengundangmu.
  470 |                   </p>
> 471 |                 </Link href="/candidate/cv">
      |                        ^^^^
  472 |                 </CardContent>
  473 |               </Card>
  474 |             ) : (

Parsing ecmascript source code failed @ http://localhost:3000/_next/static/chunks/node_modules_next_dist_1e8vcs8._.js:1052
[ 1013375ms] [ERROR] ./src/app/candidate/page.tsx:471:24
Error: Expected '</', got 'ident'
  469 |                     Pastikan statusmu "Open to Work" dan CV terisi lengkap agar recruiter dapat mengundangmu.
  470 |                   </p>
> 471 |                 </Link href="/candidate/cv">
      |                        ^^^^
  472 |                 </CardContent>
  473 |               </Card>
  474 |             ) : (

Parsing ecmascript source code failed @ http://localhost:3000/_next/static/chunks/node_modules_next_dist_1e8vcs8._.js:1052
[ 1013437ms] [ERROR] ./src/app/candidate/page.tsx:471:24
Error: Expected '</', got 'ident'
  469 |                     Pastikan statusmu "Open to Work" dan CV terisi lengkap agar recruiter dapat mengundangmu.
  470 |                   </p>
> 471 |                 </Link href="/candidate/cv">
      |                        ^^^^
  472 |                 </CardContent>
  473 |               </Card>
  474 |             ) : (

Parsing ecmascript source code failed @ http://localhost:3000/_next/static/chunks/node_modules_next_dist_1e8vcs8._.js:1052
[ 1013500ms] [ERROR] ./src/app/candidate/page.tsx:471:24
Error: Expected '</', got 'ident'
  469 |                     Pastikan statusmu "Open to Work" dan CV terisi lengkap agar recruiter dapat mengundangmu.
  470 |                   </p>
> 471 |                 </Link href="/candidate/cv">
      |                        ^^^^
  472 |                 </CardContent>
  473 |               </Card>
  474 |             ) : (

Parsing ecmascript source code failed @ http://localhost:3000/_next/static/chunks/node_modules_next_dist_1e8vcs8._.js:1052
[ 1013563ms] [ERROR] ./src/app/candidate/page.tsx:471:24
Error: Expected '</', got 'ident'
  469 |                     Pastikan statusmu "Open to Work" dan CV terisi lengkap agar recruiter dapat mengundangmu.
  470 |                   </p>
> 471 |                 </Link href="/candidate/cv">
      |                        ^^^^
  472 |                 </CardContent>
  473 |               </Card>
  474 |             ) : (

Parsing ecmascript source code failed @ http://localhost:3000/_next/static/chunks/node_modules_next_dist_1e8vcs8._.js:1052
[ 1013625ms] [ERROR] ./src/app/candidate/page.tsx:471:24
Error: Expected '</', got 'ident'
  469 |                     Pastikan statusmu "Open to Work" dan CV terisi lengkap agar recruiter dapat mengundangmu.
  470 |                   </p>
> 471 |                 </Link href="/candidate/cv">
      |                        ^^^^
  472 |                 </CardContent>
  473 |               </Card>
  474 |             ) : (

Parsing ecmascript source code failed @ http://localhost:3000/_next/static/chunks/node_modules_next_dist_1e8vcs8._.js:1052
[ 1013687ms] [ERROR] ./src/app/candidate/page.tsx:471:24
Error: Expected '</', got 'ident'
  469 |                     Pastikan statusmu "Open to Work" dan CV terisi lengkap agar recruiter dapat mengundangmu.
  470 |                   </p>
> 471 |                 </Link href="/candidate/cv">
      |                        ^^^^
  472 |                 </CardContent>
  473 |               </Card>
  474 |             ) : (

Parsing ecmascript source code failed @ http://localhost:3000/_next/static/chunks/node_modules_next_dist_1e8vcs8._.js:1052
[ 1013749ms] [ERROR] ./src/app/candidate/page.tsx:471:24
Error: Expected '</', got 'ident'
  469 |                     Pastikan statusmu "Open to Work" dan CV terisi lengkap agar recruiter dapat mengundangmu.
  470 |                   </p>
> 471 |                 </Link href="/candidate/cv">
      |                        ^^^^
  472 |                 </CardContent>
  473 |               </Card>
  474 |             ) : (

Parsing ecmascript source code failed @ http://localhost:3000/_next/static/chunks/node_modules_next_dist_1e8vcs8._.js:1052
[ 1013811ms] [ERROR] ./src/app/candidate/page.tsx:471:24
Error: Expected '</', got 'ident'
  469 |                     Pastikan statusmu "Open to Work" dan CV terisi lengkap agar recruiter dapat mengundangmu.
  470 |                   </p>
> 471 |                 </Link href="/candidate/cv">
      |                        ^^^^
  472 |                 </CardContent>
  473 |               </Card>
  474 |             ) : (

Parsing ecmascript source code failed @ http://localhost:3000/_next/static/chunks/node_modules_next_dist_1e8vcs8._.js:1052
[ 1013873ms] [ERROR] ./src/app/candidate/page.tsx:471:24
Error: Expected '</', got 'ident'
  469 |                     Pastikan statusmu "Open to Work" dan CV terisi lengkap agar recruiter dapat mengundangmu.
  470 |                   </p>
> 471 |                 </Link href="/candidate/cv">
      |                        ^^^^
  472 |                 </CardContent>
  473 |               </Card>
  474 |             ) : (

Parsing ecmascript source code failed @ http://localhost:3000/_next/static/chunks/node_modules_next_dist_1e8vcs8._.js:1052
[ 1013934ms] [ERROR] ./src/app/candidate/page.tsx:471:24
Error: Expected '</', got 'ident'
  469 |                     Pastikan statusmu "Open to Work" dan CV terisi lengkap agar recruiter dapat mengundangmu.
  470 |                   </p>
> 471 |                 </Link href="/candidate/cv">
      |                        ^^^^
  472 |                 </CardContent>
  473 |               </Card>
  474 |             ) : (

Parsing ecmascript source code failed @ http://localhost:3000/_next/static/chunks/node_modules_next_dist_1e8vcs8._.js:1052
[ 1013995ms] [ERROR] ./src/app/candidate/page.tsx:471:24
Error: Expected '</', got 'ident'
  469 |                     Pastikan statusmu "Open to Work" dan CV terisi lengkap agar recruiter dapat mengundangmu.
  470 |                   </p>
> 471 |                 </Link href="/candidate/cv">
      |                        ^^^^
  472 |                 </CardContent>
  473 |               </Card>
  474 |             ) : (

Parsing ecmascript source code failed @ http://localhost:3000/_next/static/chunks/node_modules_next_dist_1e8vcs8._.js:1052
[ 1014058ms] [ERROR] ./src/app/candidate/page.tsx:471:24
Error: Expected '</', got 'ident'
  469 |                     Pastikan statusmu "Open to Work" dan CV terisi lengkap agar recruiter dapat mengundangmu.
  470 |                   </p>
> 471 |                 </Link href="/candidate/cv">
      |                        ^^^^
  472 |                 </CardContent>
  473 |               </Card>
  474 |             ) : (

Parsing ecmascript source code failed @ http://localhost:3000/_next/static/chunks/node_modules_next_dist_1e8vcs8._.js:1052
[ 1014120ms] [ERROR] ./src/app/candidate/page.tsx:471:24
Error: Expected '</', got 'ident'
  469 |                     Pastikan statusmu "Open to Work" dan CV terisi lengkap agar recruiter dapat mengundangmu.
  470 |                   </p>
> 471 |                 </Link href="/candidate/cv">
      |                        ^^^^
  472 |                 </CardContent>
  473 |               </Card>
  474 |             ) : (

Parsing ecmascript source code failed @ http://localhost:3000/_next/static/chunks/node_modules_next_dist_1e8vcs8._.js:1052
[ 1014183ms] [ERROR] ./src/app/candidate/page.tsx:471:24
Error: Expected '</', got 'ident'
  469 |                     Pastikan statusmu "Open to Work" dan CV terisi lengkap agar recruiter dapat mengundangmu.
  470 |                   </p>
> 471 |                 </Link href="/candidate/cv">
      |                        ^^^^
  472 |                 </CardContent>
  473 |               </Card>
  474 |             ) : (

Parsing ecmascript source code failed @ http://localhost:3000/_next/static/chunks/node_modules_next_dist_1e8vcs8._.js:1052
[ 1014245ms] [ERROR] ./src/app/candidate/page.tsx:471:24
Error: Expected '</', got 'ident'
  469 |                     Pastikan statusmu "Open to Work" dan CV terisi lengkap agar recruiter dapat mengundangmu.
  470 |                   </p>
> 471 |                 </Link href="/candidate/cv">
      |                        ^^^^
  472 |                 </CardContent>
  473 |               </Card>
  474 |             ) : (

Parsing ecmascript source code failed @ http://localhost:3000/_next/static/chunks/node_modules_next_dist_1e8vcs8._.js:1052
[ 1014306ms] [ERROR] ./src/app/candidate/page.tsx:471:24
Error: Expected '</', got 'ident'
  469 |                     Pastikan statusmu "Open to Work" dan CV terisi lengkap agar recruiter dapat mengundangmu.
  470 |                   </p>
> 471 |                 </Link href="/candidate/cv">
      |                        ^^^^
  472 |                 </CardContent>
  473 |               </Card>
  474 |             ) : (

Parsing ecmascript source code failed @ http://localhost:3000/_next/static/chunks/node_modules_next_dist_1e8vcs8._.js:1052
[ 1014369ms] [ERROR] ./src/app/candidate/page.tsx:471:24
Error: Expected '</', got 'ident'
  469 |                     Pastikan statusmu "Open to Work" dan CV terisi lengkap agar recruiter dapat mengundangmu.
  470 |                   </p>
> 471 |                 </Link href="/candidate/cv">
      |                        ^^^^
  472 |                 </CardContent>
  473 |               </Card>
  474 |             ) : (

Parsing ecmascript source code failed @ http://localhost:3000/_next/static/chunks/node_modules_next_dist_1e8vcs8._.js:1052
[ 1014431ms] [ERROR] ./src/app/candidate/page.tsx:471:24
Error: Expected '</', got 'ident'
  469 |                     Pastikan statusmu "Open to Work" dan CV terisi lengkap agar recruiter dapat mengundangmu.
  470 |                   </p>
> 471 |                 </Link href="/candidate/cv">
      |                        ^^^^
  472 |                 </CardContent>
  473 |               </Card>
  474 |             ) : (

Parsing ecmascript source code failed @ http://localhost:3000/_next/static/chunks/node_modules_next_dist_1e8vcs8._.js:1052
[ 1014494ms] [ERROR] ./src/app/candidate/page.tsx:471:24
Error: Expected '</', got 'ident'
  469 |                     Pastikan statusmu "Open to Work" dan CV terisi lengkap agar recruiter dapat mengundangmu.
  470 |                   </p>
> 471 |                 </Link href="/candidate/cv">
      |                        ^^^^
  472 |                 </CardContent>
  473 |               </Card>
  474 |             ) : (

Parsing ecmascript source code failed @ http://localhost:3000/_next/static/chunks/node_modules_next_dist_1e8vcs8._.js:1052
[ 1014556ms] [ERROR] ./src/app/candidate/page.tsx:471:24
Error: Expected '</', got 'ident'
  469 |                     Pastikan statusmu "Open to Work" dan CV terisi lengkap agar recruiter dapat mengundangmu.
  470 |                   </p>
> 471 |                 </Link href="/candidate/cv">
      |                        ^^^^
  472 |                 </CardContent>
  473 |               </Card>
  474 |             ) : (

Parsing ecmascript source code failed @ http://localhost:3000/_next/static/chunks/node_modules_next_dist_1e8vcs8._.js:1052
[ 1014618ms] [ERROR] ./src/app/candidate/page.tsx:471:24
Error: Expected '</', got 'ident'
  469 |                     Pastikan statusmu "Open to Work" dan CV terisi lengkap agar recruiter dapat mengundangmu.
  470 |                   </p>
> 471 |                 </Link href="/candidate/cv">
      |                        ^^^^
  472 |                 </CardContent>
  473 |               </Card>
  474 |             ) : (

Parsing ecmascript source code failed @ http://localhost:3000/_next/static/chunks/node_modules_next_dist_1e8vcs8._.js:1052
[ 1014681ms] [ERROR] ./src/app/candidate/page.tsx:471:24
Error: Expected '</', got 'ident'
  469 |                     Pastikan statusmu "Open to Work" dan CV terisi lengkap agar recruiter dapat mengundangmu.
  470 |                   </p>
> 471 |                 </Link href="/candidate/cv">
      |                        ^^^^
  472 |                 </CardContent>
  473 |               </Card>
  474 |             ) : (

Parsing ecmascript source code failed @ http://localhost:3000/_next/static/chunks/node_modules_next_dist_1e8vcs8._.js:1052
[ 1014743ms] [ERROR] ./src/app/candidate/page.tsx:471:24
Error: Expected '</', got 'ident'
  469 |                     Pastikan statusmu "Open to Work" dan CV terisi lengkap agar recruiter dapat mengundangmu.
  470 |                   </p>
> 471 |                 </Link href="/candidate/cv">
      |                        ^^^^
  472 |                 </CardContent>
  473 |               </Card>
  474 |             ) : (

Parsing ecmascript source code failed @ http://localhost:3000/_next/static/chunks/node_modules_next_dist_1e8vcs8._.js:1052
[ 1014804ms] [ERROR] ./src/app/candidate/page.tsx:471:24
Error: Expected '</', got 'ident'
  469 |                     Pastikan statusmu "Open to Work" dan CV terisi lengkap agar recruiter dapat mengundangmu.
  470 |                   </p>
> 471 |                 </Link href="/candidate/cv">
      |                        ^^^^
  472 |                 </CardContent>
  473 |               </Card>
  474 |             ) : (

Parsing ecmascript source code failed @ http://localhost:3000/_next/static/chunks/node_modules_next_dist_1e8vcs8._.js:1052
[ 1014866ms] [ERROR] ./src/app/candidate/page.tsx:471:24
Error: Expected '</', got 'ident'
  469 |                     Pastikan statusmu "Open to Work" dan CV terisi lengkap agar recruiter dapat mengundangmu.
  470 |                   </p>
> 471 |                 </Link href="/candidate/cv">
      |                        ^^^^
  472 |                 </CardContent>
  473 |               </Card>
  474 |             ) : (

Parsing ecmascript source code failed @ http://localhost:3000/_next/static/chunks/node_modules_next_dist_1e8vcs8._.js:1052
[ 1014927ms] [ERROR] ./src/app/candidate/page.tsx:471:24
Error: Expected '</', got 'ident'
  469 |                     Pastikan statusmu "Open to Work" dan CV terisi lengkap agar recruiter dapat mengundangmu.
  470 |                   </p>
> 471 |                 </Link href="/candidate/cv">
      |                        ^^^^
  472 |                 </CardContent>
  473 |               </Card>
  474 |             ) : (

Parsing ecmascript source code failed @ http://localhost:3000/_next/static/chunks/node_modules_next_dist_1e8vcs8._.js:1052
[ 1014989ms] [ERROR] ./src/app/candidate/page.tsx:471:24
Error: Expected '</', got 'ident'
  469 |                     Pastikan statusmu "Open to Work" dan CV terisi lengkap agar recruiter dapat mengundangmu.
  470 |                   </p>
> 471 |                 </Link href="/candidate/cv">
      |                        ^^^^
  472 |                 </CardContent>
  473 |               </Card>
  474 |             ) : (

Parsing ecmascript source code failed @ http://localhost:3000/_next/static/chunks/node_modules_next_dist_1e8vcs8._.js:1052
[ 1015051ms] [ERROR] ./src/app/candidate/page.tsx:471:24
Error: Expected '</', got 'ident'
  469 |                     Pastikan statusmu "Open to Work" dan CV terisi lengkap agar recruiter dapat mengundangmu.
  470 |                   </p>
> 471 |                 </Link href="/candidate/cv">
      |                        ^^^^
  472 |                 </CardContent>
  473 |               </Card>
  474 |             ) : (

Parsing ecmascript source code failed @ http://localhost:3000/_next/static/chunks/node_modules_next_dist_1e8vcs8._.js:1052
[ 1015112ms] [ERROR] ./src/app/candidate/page.tsx:471:24
Error: Expected '</', got 'ident'
  469 |                     Pastikan statusmu "Open to Work" dan CV terisi lengkap agar recruiter dapat mengundangmu.
  470 |                   </p>
> 471 |                 </Link href="/candidate/cv">
      |                        ^^^^
  472 |                 </CardContent>
  473 |               </Card>
  474 |             ) : (

Parsing ecmascript source code failed @ http://localhost:3000/_next/static/chunks/node_modules_next_dist_1e8vcs8._.js:1052
[ 1015174ms] [ERROR] ./src/app/candidate/page.tsx:471:24
Error: Expected '</', got 'ident'
  469 |                     Pastikan statusmu "Open to Work" dan CV terisi lengkap agar recruiter dapat mengundangmu.
  470 |                   </p>
> 471 |                 </Link href="/candidate/cv">
      |                        ^^^^
  472 |                 </CardContent>
  473 |               </Card>
  474 |             ) : (

Parsing ecmascript source code failed @ http://localhost:3000/_next/static/chunks/node_modules_next_dist_1e8vcs8._.js:1052
[ 1015236ms] [ERROR] ./src/app/candidate/page.tsx:471:24
Error: Expected '</', got 'ident'
  469 |                     Pastikan statusmu "Open to Work" dan CV terisi lengkap agar recruiter dapat mengundangmu.
  470 |                   </p>
> 471 |                 </Link href="/candidate/cv">
      |                        ^^^^
  472 |                 </CardContent>
  473 |               </Card>
  474 |             ) : (

Parsing ecmascript source code failed @ http://localhost:3000/_next/static/chunks/node_modules_next_dist_1e8vcs8._.js:1052
[ 1015298ms] [ERROR] ./src/app/candidate/page.tsx:471:24
Error: Expected '</', got 'ident'
  469 |                     Pastikan statusmu "Open to Work" dan CV terisi lengkap agar recruiter dapat mengundangmu.
  470 |                   </p>
> 471 |                 </Link href="/candidate/cv">
      |                        ^^^^
  472 |                 </CardContent>
  473 |               </Card>
  474 |             ) : (

Parsing ecmascript source code failed @ http://localhost:3000/_next/static/chunks/node_modules_next_dist_1e8vcs8._.js:1052
[ 1015361ms] [ERROR] ./src/app/candidate/page.tsx:471:24
Error: Expected '</', got 'ident'
  469 |                     Pastikan statusmu "Open to Work" dan CV terisi lengkap agar recruiter dapat mengundangmu.
  470 |                   </p>
> 471 |                 </Link href="/candidate/cv">
      |                        ^^^^
  472 |                 </CardContent>
  473 |               </Card>
  474 |             ) : (

Parsing ecmascript source code failed @ http://localhost:3000/_next/static/chunks/node_modules_next_dist_1e8vcs8._.js:1052
[ 1015422ms] [ERROR] ./src/app/candidate/page.tsx:471:24
Error: Expected '</', got 'ident'
  469 |                     Pastikan statusmu "Open to Work" dan CV terisi lengkap agar recruiter dapat mengundangmu.
  470 |                   </p>
> 471 |                 </Link href="/candidate/cv">
      |                        ^^^^
  472 |                 </CardContent>
  473 |               </Card>
  474 |             ) : (

Parsing ecmascript source code failed @ http://localhost:3000/_next/static/chunks/node_modules_next_dist_1e8vcs8._.js:1052
[ 1015484ms] [ERROR] ./src/app/candidate/page.tsx:471:24
Error: Expected '</', got 'ident'
  469 |                     Pastikan statusmu "Open to Work" dan CV terisi lengkap agar recruiter dapat mengundangmu.
  470 |                   </p>
> 471 |                 </Link href="/candidate/cv">
      |                        ^^^^
  472 |                 </CardContent>
  473 |               </Card>
  474 |             ) : (

Parsing ecmascript source code failed @ http://localhost:3000/_next/static/chunks/node_modules_next_dist_1e8vcs8._.js:1052
[ 1015547ms] [ERROR] ./src/app/candidate/page.tsx:471:24
Error: Expected '</', got 'ident'
  469 |                     Pastikan statusmu "Open to Work" dan CV terisi lengkap agar recruiter dapat mengundangmu.
  470 |                   </p>
> 471 |                 </Link href="/candidate/cv">
      |                        ^^^^
  472 |                 </CardContent>
  473 |               </Card>
  474 |             ) : (

Parsing ecmascript source code failed @ http://localhost:3000/_next/static/chunks/node_modules_next_dist_1e8vcs8._.js:1052
[ 1015609ms] [ERROR] ./src/app/candidate/page.tsx:471:24
Error: Expected '</', got 'ident'
  469 |                     Pastikan statusmu "Open to Work" dan CV terisi lengkap agar recruiter dapat mengundangmu.
  470 |                   </p>
> 471 |                 </Link href="/candidate/cv">
      |                        ^^^^
  472 |                 </CardContent>
  473 |               </Card>
  474 |             ) : (

Parsing ecmascript source code failed @ http://localhost:3000/_next/static/chunks/node_modules_next_dist_1e8vcs8._.js:1052
[ 1015672ms] [ERROR] ./src/app/candidate/page.tsx:471:24
Error: Expected '</', got 'ident'
  469 |                     Pastikan statusmu "Open to Work" dan CV terisi lengkap agar recruiter dapat mengundangmu.
  470 |                   </p>
> 471 |                 </Link href="/candidate/cv">
      |                        ^^^^
  472 |                 </CardContent>
  473 |               </Card>
  474 |             ) : (

Parsing ecmascript source code failed @ http://localhost:3000/_next/static/chunks/node_modules_next_dist_1e8vcs8._.js:1052
[ 1015734ms] [ERROR] ./src/app/candidate/page.tsx:471:24
Error: Expected '</', got 'ident'
  469 |                     Pastikan statusmu "Open to Work" dan CV terisi lengkap agar recruiter dapat mengundangmu.
  470 |                   </p>
> 471 |                 </Link href="/candidate/cv">
      |                        ^^^^
  472 |                 </CardContent>
  473 |               </Card>
  474 |             ) : (

Parsing ecmascript source code failed @ http://localhost:3000/_next/static/chunks/node_modules_next_dist_1e8vcs8._.js:1052
[ 1015796ms] [ERROR] ./src/app/candidate/page.tsx:471:24
Error: Expected '</', got 'ident'
  469 |                     Pastikan statusmu "Open to Work" dan CV terisi lengkap agar recruiter dapat mengundangmu.
  470 |                   </p>
> 471 |                 </Link href="/candidate/cv">
      |                        ^^^^
  472 |                 </CardContent>
  473 |               </Card>
  474 |             ) : (

Parsing ecmascript source code failed @ http://localhost:3000/_next/static/chunks/node_modules_next_dist_1e8vcs8._.js:1052
[ 1015858ms] [ERROR] ./src/app/candidate/page.tsx:471:24
Error: Expected '</', got 'ident'
  469 |                     Pastikan statusmu "Open to Work" dan CV terisi lengkap agar recruiter dapat mengundangmu.
  470 |                   </p>
> 471 |                 </Link href="/candidate/cv">
      |                        ^^^^
  472 |                 </CardContent>
  473 |               </Card>
  474 |             ) : (

Parsing ecmascript source code failed @ http://localhost:3000/_next/static/chunks/node_modules_next_dist_1e8vcs8._.js:1052
[ 1015921ms] [ERROR] ./src/app/candidate/page.tsx:471:24
Error: Expected '</', got 'ident'
  469 |                     Pastikan statusmu "Open to Work" dan CV terisi lengkap agar recruiter dapat mengundangmu.
  470 |                   </p>
> 471 |                 </Link href="/candidate/cv">
      |                        ^^^^
  472 |                 </CardContent>
  473 |               </Card>
  474 |             ) : (

Parsing ecmascript source code failed @ http://localhost:3000/_next/static/chunks/node_modules_next_dist_1e8vcs8._.js:1052
[ 1015984ms] [ERROR] ./src/app/candidate/page.tsx:471:24
Error: Expected '</', got 'ident'
  469 |                     Pastikan statusmu "Open to Work" dan CV terisi lengkap agar recruiter dapat mengundangmu.
  470 |                   </p>
> 471 |                 </Link href="/candidate/cv">
      |                        ^^^^
  472 |                 </CardContent>
  473 |               </Card>
  474 |             ) : (

Parsing ecmascript source code failed @ http://localhost:3000/_next/static/chunks/node_modules_next_dist_1e8vcs8._.js:1052
[ 1016047ms] [ERROR] ./src/app/candidate/page.tsx:471:24
Error: Expected '</', got 'ident'
  469 |                     Pastikan statusmu "Open to Work" dan CV terisi lengkap agar recruiter dapat mengundangmu.
  470 |                   </p>
> 471 |                 </Link href="/candidate/cv">
      |                        ^^^^
  472 |                 </CardContent>
  473 |               </Card>
  474 |             ) : (

Parsing ecmascript source code failed @ http://localhost:3000/_next/static/chunks/node_modules_next_dist_1e8vcs8._.js:1052
[ 1016109ms] [ERROR] ./src/app/candidate/page.tsx:471:24
Error: Expected '</', got 'ident'
  469 |                     Pastikan statusmu "Open to Work" dan CV terisi lengkap agar recruiter dapat mengundangmu.
  470 |                   </p>
> 471 |                 </Link href="/candidate/cv">
      |                        ^^^^
  472 |                 </CardContent>
  473 |               </Card>
  474 |             ) : (

Parsing ecmascript source code failed @ http://localhost:3000/_next/static/chunks/node_modules_next_dist_1e8vcs8._.js:1052
[ 1016171ms] [ERROR] ./src/app/candidate/page.tsx:471:24
Error: Expected '</', got 'ident'
  469 |                     Pastikan statusmu "Open to Work" dan CV terisi lengkap agar recruiter dapat mengundangmu.
  470 |                   </p>
> 471 |                 </Link href="/candidate/cv">
      |                        ^^^^
  472 |                 </CardContent>
  473 |               </Card>
  474 |             ) : (

Parsing ecmascript source code failed @ http://localhost:3000/_next/static/chunks/node_modules_next_dist_1e8vcs8._.js:1052
[ 1016233ms] [ERROR] ./src/app/candidate/page.tsx:471:24
Error: Expected '</', got 'ident'
  469 |                     Pastikan statusmu "Open to Work" dan CV terisi lengkap agar recruiter dapat mengundangmu.
  470 |                   </p>
> 471 |                 </Link href="/candidate/cv">
      |                        ^^^^
  472 |                 </CardContent>
  473 |               </Card>
  474 |             ) : (

Parsing ecmascript source code failed @ http://localhost:3000/_next/static/chunks/node_modules_next_dist_1e8vcs8._.js:1052
[ 1016296ms] [ERROR] ./src/app/candidate/page.tsx:471:24
Error: Expected '</', got 'ident'
  469 |                     Pastikan statusmu "Open to Work" dan CV terisi lengkap agar recruiter dapat mengundangmu.
  470 |                   </p>
> 471 |                 </Link href="/candidate/cv">
      |                        ^^^^
  472 |                 </CardContent>
  473 |               </Card>
  474 |             ) : (

Parsing ecmascript source code failed @ http://localhost:3000/_next/static/chunks/node_modules_next_dist_1e8vcs8._.js:1052
[ 1016358ms] [ERROR] ./src/app/candidate/page.tsx:471:24
Error: Expected '</', got 'ident'
  469 |                     Pastikan statusmu "Open to Work" dan CV terisi lengkap agar recruiter dapat mengundangmu.
  470 |                   </p>
> 471 |                 </Link href="/candidate/cv">
      |                        ^^^^
  472 |                 </CardContent>
  473 |               </Card>
  474 |             ) : (

Parsing ecmascript source code failed @ http://localhost:3000/_next/static/chunks/node_modules_next_dist_1e8vcs8._.js:1052
[ 1016419ms] [ERROR] ./src/app/candidate/page.tsx:471:24
Error: Expected '</', got 'ident'
  469 |                     Pastikan statusmu "Open to Work" dan CV terisi lengkap agar recruiter dapat mengundangmu.
  470 |                   </p>
> 471 |                 </Link href="/candidate/cv">
      |                        ^^^^
  472 |                 </CardContent>
  473 |               </Card>
  474 |             ) : (

Parsing ecmascript source code failed @ http://localhost:3000/_next/static/chunks/node_modules_next_dist_1e8vcs8._.js:1052
[ 1016482ms] [ERROR] ./src/app/candidate/page.tsx:471:24
Error: Expected '</', got 'ident'
  469 |                     Pastikan statusmu "Open to Work" dan CV terisi lengkap agar recruiter dapat mengundangmu.
  470 |                   </p>
> 471 |                 </Link href="/candidate/cv">
      |                        ^^^^
  472 |                 </CardContent>
  473 |               </Card>
  474 |             ) : (

Parsing ecmascript source code failed @ http://localhost:3000/_next/static/chunks/node_modules_next_dist_1e8vcs8._.js:1052
[ 1016544ms] [ERROR] ./src/app/candidate/page.tsx:471:24
Error: Expected '</', got 'ident'
  469 |                     Pastikan statusmu "Open to Work" dan CV terisi lengkap agar recruiter dapat mengundangmu.
  470 |                   </p>
> 471 |                 </Link href="/candidate/cv">
      |                        ^^^^
  472 |                 </CardContent>
  473 |               </Card>
  474 |             ) : (

Parsing ecmascript source code failed @ http://localhost:3000/_next/static/chunks/node_modules_next_dist_1e8vcs8._.js:1052
[ 1016605ms] [ERROR] ./src/app/candidate/page.tsx:471:24
Error: Expected '</', got 'ident'
  469 |                     Pastikan statusmu "Open to Work" dan CV terisi lengkap agar recruiter dapat mengundangmu.
  470 |                   </p>
> 471 |                 </Link href="/candidate/cv">
      |                        ^^^^
  472 |                 </CardContent>
  473 |               </Card>
  474 |             ) : (

Parsing ecmascript source code failed @ http://localhost:3000/_next/static/chunks/node_modules_next_dist_1e8vcs8._.js:1052
[ 1016667ms] [ERROR] ./src/app/candidate/page.tsx:471:24
Error: Expected '</', got 'ident'
  469 |                     Pastikan statusmu "Open to Work" dan CV terisi lengkap agar recruiter dapat mengundangmu.
  470 |                   </p>
> 471 |                 </Link href="/candidate/cv">
      |                        ^^^^
  472 |                 </CardContent>
  473 |               </Card>
  474 |             ) : (

Parsing ecmascript source code failed @ http://localhost:3000/_next/static/chunks/node_modules_next_dist_1e8vcs8._.js:1052
[ 1016730ms] [ERROR] ./src/app/candidate/page.tsx:471:24
Error: Expected '</', got 'ident'
  469 |                     Pastikan statusmu "Open to Work" dan CV terisi lengkap agar recruiter dapat mengundangmu.
  470 |                   </p>
> 471 |                 </Link href="/candidate/cv">
      |                        ^^^^
  472 |                 </CardContent>
  473 |               </Card>
  474 |             ) : (

Parsing ecmascript source code failed @ http://localhost:3000/_next/static/chunks/node_modules_next_dist_1e8vcs8._.js:1052
[ 1016792ms] [ERROR] ./src/app/candidate/page.tsx:471:24
Error: Expected '</', got 'ident'
  469 |                     Pastikan statusmu "Open to Work" dan CV terisi lengkap agar recruiter dapat mengundangmu.
  470 |                   </p>
> 471 |                 </Link href="/candidate/cv">
      |                        ^^^^
  472 |                 </CardContent>
  473 |               </Card>
  474 |             ) : (

Parsing ecmascript source code failed @ http://localhost:3000/_next/static/chunks/node_modules_next_dist_1e8vcs8._.js:1052
[ 1016854ms] [ERROR] ./src/app/candidate/page.tsx:471:24
Error: Expected '</', got 'ident'
  469 |                     Pastikan statusmu "Open to Work" dan CV terisi lengkap agar recruiter dapat mengundangmu.
  470 |                   </p>
> 471 |                 </Link href="/candidate/cv">
      |                        ^^^^
  472 |                 </CardContent>
  473 |               </Card>
  474 |             ) : (

Parsing ecmascript source code failed @ http://localhost:3000/_next/static/chunks/node_modules_next_dist_1e8vcs8._.js:1052
[ 1016915ms] [ERROR] ./src/app/candidate/page.tsx:471:24
Error: Expected '</', got 'ident'
  469 |                     Pastikan statusmu "Open to Work" dan CV terisi lengkap agar recruiter dapat mengundangmu.
  470 |                   </p>
> 471 |                 </Link href="/candidate/cv">
      |                        ^^^^
  472 |                 </CardContent>
  473 |               </Card>
  474 |             ) : (

Parsing ecmascript source code failed @ http://localhost:3000/_next/static/chunks/node_modules_next_dist_1e8vcs8._.js:1052
[ 1016977ms] [ERROR] ./src/app/candidate/page.tsx:471:24
Error: Expected '</', got 'ident'
  469 |                     Pastikan statusmu "Open to Work" dan CV terisi lengkap agar recruiter dapat mengundangmu.
  470 |                   </p>
> 471 |                 </Link href="/candidate/cv">
      |                        ^^^^
  472 |                 </CardContent>
  473 |               </Card>
  474 |             ) : (

Parsing ecmascript source code failed @ http://localhost:3000/_next/static/chunks/node_modules_next_dist_1e8vcs8._.js:1052
[ 1017040ms] [ERROR] ./src/app/candidate/page.tsx:471:24
Error: Expected '</', got 'ident'
  469 |                     Pastikan statusmu "Open to Work" dan CV terisi lengkap agar recruiter dapat mengundangmu.
  470 |                   </p>
> 471 |                 </Link href="/candidate/cv">
      |                        ^^^^
  472 |                 </CardContent>
  473 |               </Card>
  474 |             ) : (

Parsing ecmascript source code failed @ http://localhost:3000/_next/static/chunks/node_modules_next_dist_1e8vcs8._.js:1052
[ 1017103ms] [ERROR] ./src/app/candidate/page.tsx:471:24
Error: Expected '</', got 'ident'
  469 |                     Pastikan statusmu "Open to Work" dan CV terisi lengkap agar recruiter dapat mengundangmu.
  470 |                   </p>
> 471 |                 </Link href="/candidate/cv">
      |                        ^^^^
  472 |                 </CardContent>
  473 |               </Card>
  474 |             ) : (

Parsing ecmascript source code failed @ http://localhost:3000/_next/static/chunks/node_modules_next_dist_1e8vcs8._.js:1052
[ 1017164ms] [ERROR] ./src/app/candidate/page.tsx:471:24
Error: Expected '</', got 'ident'
  469 |                     Pastikan statusmu "Open to Work" dan CV terisi lengkap agar recruiter dapat mengundangmu.
  470 |                   </p>
> 471 |                 </Link href="/candidate/cv">
      |                        ^^^^
  472 |                 </CardContent>
  473 |               </Card>
  474 |             ) : (

Parsing ecmascript source code failed @ http://localhost:3000/_next/static/chunks/node_modules_next_dist_1e8vcs8._.js:1052
[ 1017321ms] [ERROR] ./src/app/candidate/page.tsx:471:24
Error: Expected '</', got 'ident'
  469 |                     Pastikan statusmu "Open to Work" dan CV terisi lengkap agar recruiter dapat mengundangmu.
  470 |                   </p>
> 471 |                 </Link href="/candidate/cv">
      |                        ^^^^
  472 |                 </CardContent>
  473 |               </Card>
  474 |             ) : (

Parsing ecmascript source code failed @ http://localhost:3000/_next/static/chunks/node_modules_next_dist_1e8vcs8._.js:1052
[ 1017383ms] [ERROR] ./src/app/candidate/page.tsx:471:24
Error: Expected '</', got 'ident'
  469 |                     Pastikan statusmu "Open to Work" dan CV terisi lengkap agar recruiter dapat mengundangmu.
  470 |                   </p>
> 471 |                 </Link href="/candidate/cv">
      |                        ^^^^
  472 |                 </CardContent>
  473 |               </Card>
  474 |             ) : (

Parsing ecmascript source code failed @ http://localhost:3000/_next/static/chunks/node_modules_next_dist_1e8vcs8._.js:1052
[ 1017444ms] [ERROR] ./src/app/candidate/page.tsx:471:24
Error: Expected '</', got 'ident'
  469 |                     Pastikan statusmu "Open to Work" dan CV terisi lengkap agar recruiter dapat mengundangmu.
  470 |                   </p>
> 471 |                 </Link href="/candidate/cv">
      |                        ^^^^
  472 |                 </CardContent>
  473 |               </Card>
  474 |             ) : (

Parsing ecmascript source code failed @ http://localhost:3000/_next/static/chunks/node_modules_next_dist_1e8vcs8._.js:1052
[ 1017505ms] [ERROR] ./src/app/candidate/page.tsx:471:24
Error: Expected '</', got 'ident'
  469 |                     Pastikan statusmu "Open to Work" dan CV terisi lengkap agar recruiter dapat mengundangmu.
  470 |                   </p>
> 471 |                 </Link href="/candidate/cv">
      |                        ^^^^
  472 |                 </CardContent>
  473 |               </Card>
  474 |             ) : (

Parsing ecmascript source code failed @ http://localhost:3000/_next/static/chunks/node_modules_next_dist_1e8vcs8._.js:1052
[ 1017568ms] [ERROR] ./src/app/candidate/page.tsx:471:24
Error: Expected '</', got 'ident'
  469 |                     Pastikan statusmu "Open to Work" dan CV terisi lengkap agar recruiter dapat mengundangmu.
  470 |                   </p>
> 471 |                 </Link href="/candidate/cv">
      |                        ^^^^
  472 |                 </CardContent>
  473 |               </Card>
  474 |             ) : (

Parsing ecmascript source code failed @ http://localhost:3000/_next/static/chunks/node_modules_next_dist_1e8vcs8._.js:1052
[ 1017630ms] [ERROR] ./src/app/candidate/page.tsx:471:24
Error: Expected '</', got 'ident'
  469 |                     Pastikan statusmu "Open to Work" dan CV terisi lengkap agar recruiter dapat mengundangmu.
  470 |                   </p>
> 471 |                 </Link href="/candidate/cv">
      |                        ^^^^
  472 |                 </CardContent>
  473 |               </Card>
  474 |             ) : (

Parsing ecmascript source code failed @ http://localhost:3000/_next/static/chunks/node_modules_next_dist_1e8vcs8._.js:1052
[ 1017692ms] [ERROR] ./src/app/candidate/page.tsx:471:24
Error: Expected '</', got 'ident'
  469 |                     Pastikan statusmu "Open to Work" dan CV terisi lengkap agar recruiter dapat mengundangmu.
  470 |                   </p>
> 471 |                 </Link href="/candidate/cv">
      |                        ^^^^
  472 |                 </CardContent>
  473 |               </Card>
  474 |             ) : (

Parsing ecmascript source code failed @ http://localhost:3000/_next/static/chunks/node_modules_next_dist_1e8vcs8._.js:1052
[ 1017754ms] [ERROR] ./src/app/candidate/page.tsx:471:24
Error: Expected '</', got 'ident'
  469 |                     Pastikan statusmu "Open to Work" dan CV terisi lengkap agar recruiter dapat mengundangmu.
  470 |                   </p>
> 471 |                 </Link href="/candidate/cv">
      |                        ^^^^
  472 |                 </CardContent>
  473 |               </Card>
  474 |             ) : (

Parsing ecmascript source code failed @ http://localhost:3000/_next/static/chunks/node_modules_next_dist_1e8vcs8._.js:1052
[ 1017816ms] [ERROR] ./src/app/candidate/page.tsx:471:24
Error: Expected '</', got 'ident'
  469 |                     Pastikan statusmu "Open to Work" dan CV terisi lengkap agar recruiter dapat mengundangmu.
  470 |                   </p>
> 471 |                 </Link href="/candidate/cv">
      |                        ^^^^
  472 |                 </CardContent>
  473 |               </Card>
  474 |             ) : (

Parsing ecmascript source code failed @ http://localhost:3000/_next/static/chunks/node_modules_next_dist_1e8vcs8._.js:1052
[ 1017878ms] [ERROR] ./src/app/candidate/page.tsx:471:24
Error: Expected '</', got 'ident'
  469 |                     Pastikan statusmu "Open to Work" dan CV terisi lengkap agar recruiter dapat mengundangmu.
  470 |                   </p>
> 471 |                 </Link href="/candidate/cv">
      |                        ^^^^
  472 |                 </CardContent>
  473 |               </Card>
  474 |             ) : (

Parsing ecmascript source code failed @ http://localhost:3000/_next/static/chunks/node_modules_next_dist_1e8vcs8._.js:1052
[ 1017940ms] [ERROR] ./src/app/candidate/page.tsx:471:24
Error: Expected '</', got 'ident'
  469 |                     Pastikan statusmu "Open to Work" dan CV terisi lengkap agar recruiter dapat mengundangmu.
  470 |                   </p>
> 471 |                 </Link href="/candidate/cv">
      |                        ^^^^
  472 |                 </CardContent>
  473 |               </Card>
  474 |             ) : (

Parsing ecmascript source code failed @ http://localhost:3000/_next/static/chunks/node_modules_next_dist_1e8vcs8._.js:1052
[ 1018001ms] [ERROR] ./src/app/candidate/page.tsx:471:24
Error: Expected '</', got 'ident'
  469 |                     Pastikan statusmu "Open to Work" dan CV terisi lengkap agar recruiter dapat mengundangmu.
  470 |                   </p>
> 471 |                 </Link href="/candidate/cv">
      |                        ^^^^
  472 |                 </CardContent>
  473 |               </Card>
  474 |             ) : (

Parsing ecmascript source code failed @ http://localhost:3000/_next/static/chunks/node_modules_next_dist_1e8vcs8._.js:1052
[ 1018064ms] [ERROR] ./src/app/candidate/page.tsx:471:24
Error: Expected '</', got 'ident'
  469 |                     Pastikan statusmu "Open to Work" dan CV terisi lengkap agar recruiter dapat mengundangmu.
  470 |                   </p>
> 471 |                 </Link href="/candidate/cv">
      |                        ^^^^
  472 |                 </CardContent>
  473 |               </Card>
  474 |             ) : (

Parsing ecmascript source code failed @ http://localhost:3000/_next/static/chunks/node_modules_next_dist_1e8vcs8._.js:1052
[ 1018125ms] [ERROR] ./src/app/candidate/page.tsx:471:24
Error: Expected '</', got 'ident'
  469 |                     Pastikan statusmu "Open to Work" dan CV terisi lengkap agar recruiter dapat mengundangmu.
  470 |                   </p>
> 471 |                 </Link href="/candidate/cv">
      |                        ^^^^
  472 |                 </CardContent>
  473 |               </Card>
  474 |             ) : (

Parsing ecmascript source code failed @ http://localhost:3000/_next/static/chunks/node_modules_next_dist_1e8vcs8._.js:1052
[ 1018187ms] [ERROR] ./src/app/candidate/page.tsx:471:24
Error: Expected '</', got 'ident'
  469 |                     Pastikan statusmu "Open to Work" dan CV terisi lengkap agar recruiter dapat mengundangmu.
  470 |                   </p>
> 471 |                 </Link href="/candidate/cv">
      |                        ^^^^
  472 |                 </CardContent>
  473 |               </Card>
  474 |             ) : (

Parsing ecmascript source code failed @ http://localhost:3000/_next/static/chunks/node_modules_next_dist_1e8vcs8._.js:1052
[ 1018249ms] [ERROR] ./src/app/candidate/page.tsx:471:24
Error: Expected '</', got 'ident'
  469 |                     Pastikan statusmu "Open to Work" dan CV terisi lengkap agar recruiter dapat mengundangmu.
  470 |                   </p>
> 471 |                 </Link href="/candidate/cv">
      |                        ^^^^
  472 |                 </CardContent>
  473 |               </Card>
  474 |             ) : (

Parsing ecmascript source code failed @ http://localhost:3000/_next/static/chunks/node_modules_next_dist_1e8vcs8._.js:1052
[ 1018311ms] [ERROR] ./src/app/candidate/page.tsx:471:24
Error: Expected '</', got 'ident'
  469 |                     Pastikan statusmu "Open to Work" dan CV terisi lengkap agar recruiter dapat mengundangmu.
  470 |                   </p>
> 471 |                 </Link href="/candidate/cv">
      |                        ^^^^
  472 |                 </CardContent>
  473 |               </Card>
  474 |             ) : (

Parsing ecmascript source code failed @ http://localhost:3000/_next/static/chunks/node_modules_next_dist_1e8vcs8._.js:1052
[ 1018373ms] [ERROR] ./src/app/candidate/page.tsx:471:24
Error: Expected '</', got 'ident'
  469 |                     Pastikan statusmu "Open to Work" dan CV terisi lengkap agar recruiter dapat mengundangmu.
  470 |                   </p>
> 471 |                 </Link href="/candidate/cv">
      |                        ^^^^
  472 |                 </CardContent>
  473 |               </Card>
  474 |             ) : (

Parsing ecmascript source code failed @ http://localhost:3000/_next/static/chunks/node_modules_next_dist_1e8vcs8._.js:1052
[ 1018435ms] [ERROR] ./src/app/candidate/page.tsx:471:24
Error: Expected '</', got 'ident'
  469 |                     Pastikan statusmu "Open to Work" dan CV terisi lengkap agar recruiter dapat mengundangmu.
  470 |                   </p>
> 471 |                 </Link href="/candidate/cv">
      |                        ^^^^
  472 |                 </CardContent>
  473 |               </Card>
  474 |             ) : (

Parsing ecmascript source code failed @ http://localhost:3000/_next/static/chunks/node_modules_next_dist_1e8vcs8._.js:1052
[ 1018497ms] [ERROR] ./src/app/candidate/page.tsx:471:24
Error: Expected '</', got 'ident'
  469 |                     Pastikan statusmu "Open to Work" dan CV terisi lengkap agar recruiter dapat mengundangmu.
  470 |                   </p>
> 471 |                 </Link href="/candidate/cv">
      |                        ^^^^
  472 |                 </CardContent>
  473 |               </Card>
  474 |             ) : (

Parsing ecmascript source code failed @ http://localhost:3000/_next/static/chunks/node_modules_next_dist_1e8vcs8._.js:1052
[ 1018558ms] [ERROR] ./src/app/candidate/page.tsx:471:24
Error: Expected '</', got 'ident'
  469 |                     Pastikan statusmu "Open to Work" dan CV terisi lengkap agar recruiter dapat mengundangmu.
  470 |                   </p>
> 471 |                 </Link href="/candidate/cv">
      |                        ^^^^
  472 |                 </CardContent>
  473 |               </Card>
  474 |             ) : (

Parsing ecmascript source code failed @ http://localhost:3000/_next/static/chunks/node_modules_next_dist_1e8vcs8._.js:1052
[ 1018620ms] [ERROR] ./src/app/candidate/page.tsx:471:24
Error: Expected '</', got 'ident'
  469 |                     Pastikan statusmu "Open to Work" dan CV terisi lengkap agar recruiter dapat mengundangmu.
  470 |                   </p>
> 471 |                 </Link href="/candidate/cv">
      |                        ^^^^
  472 |                 </CardContent>
  473 |               </Card>
  474 |             ) : (

Parsing ecmascript source code failed @ http://localhost:3000/_next/static/chunks/node_modules_next_dist_1e8vcs8._.js:1052
[ 1018682ms] [ERROR] ./src/app/candidate/page.tsx:471:24
Error: Expected '</', got 'ident'
  469 |                     Pastikan statusmu "Open to Work" dan CV terisi lengkap agar recruiter dapat mengundangmu.
  470 |                   </p>
> 471 |                 </Link href="/candidate/cv">
      |                        ^^^^
  472 |                 </CardContent>
  473 |               </Card>
  474 |             ) : (

Parsing ecmascript source code failed @ http://localhost:3000/_next/static/chunks/node_modules_next_dist_1e8vcs8._.js:1052
[ 1018744ms] [ERROR] ./src/app/candidate/page.tsx:471:24
Error: Expected '</', got 'ident'
  469 |                     Pastikan statusmu "Open to Work" dan CV terisi lengkap agar recruiter dapat mengundangmu.
  470 |                   </p>
> 471 |                 </Link href="/candidate/cv">
      |                        ^^^^
  472 |                 </CardContent>
  473 |               </Card>
  474 |             ) : (

Parsing ecmascript source code failed @ http://localhost:3000/_next/static/chunks/node_modules_next_dist_1e8vcs8._.js:1052
[ 1018807ms] [ERROR] ./src/app/candidate/page.tsx:471:24
Error: Expected '</', got 'ident'
  469 |                     Pastikan statusmu "Open to Work" dan CV terisi lengkap agar recruiter dapat mengundangmu.
  470 |                   </p>
> 471 |                 </Link href="/candidate/cv">
      |                        ^^^^
  472 |                 </CardContent>
  473 |               </Card>
  474 |             ) : (

Parsing ecmascript source code failed @ http://localhost:3000/_next/static/chunks/node_modules_next_dist_1e8vcs8._.js:1052
[ 1018867ms] [ERROR] ./src/app/candidate/page.tsx:471:24
Error: Expected '</', got 'ident'
  469 |                     Pastikan statusmu "Open to Work" dan CV terisi lengkap agar recruiter dapat mengundangmu.
  470 |                   </p>
> 471 |                 </Link href="/candidate/cv">
      |                        ^^^^
  472 |                 </CardContent>
  473 |               </Card>
  474 |             ) : (

Parsing ecmascript source code failed @ http://localhost:3000/_next/static/chunks/node_modules_next_dist_1e8vcs8._.js:1052
[ 1018930ms] [ERROR] ./src/app/candidate/page.tsx:471:24
Error: Expected '</', got 'ident'
  469 |                     Pastikan statusmu "Open to Work" dan CV terisi lengkap agar recruiter dapat mengundangmu.
  470 |                   </p>
> 471 |                 </Link href="/candidate/cv">
      |                        ^^^^
  472 |                 </CardContent>
  473 |               </Card>
  474 |             ) : (

Parsing ecmascript source code failed @ http://localhost:3000/_next/static/chunks/node_modules_next_dist_1e8vcs8._.js:1052
[ 1018991ms] [ERROR] ./src/app/candidate/page.tsx:471:24
Error: Expected '</', got 'ident'
  469 |                     Pastikan statusmu "Open to Work" dan CV terisi lengkap agar recruiter dapat mengundangmu.
  470 |                   </p>
> 471 |                 </Link href="/candidate/cv">
      |                        ^^^^
  472 |                 </CardContent>
  473 |               </Card>
  474 |             ) : (

Parsing ecmascript source code failed @ http://localhost:3000/_next/static/chunks/node_modules_next_dist_1e8vcs8._.js:1052
[ 1019053ms] [ERROR] ./src/app/candidate/page.tsx:471:24
Error: Expected '</', got 'ident'
  469 |                     Pastikan statusmu "Open to Work" dan CV terisi lengkap agar recruiter dapat mengundangmu.
  470 |                   </p>
> 471 |                 </Link href="/candidate/cv">
      |                        ^^^^
  472 |                 </CardContent>
  473 |               </Card>
  474 |             ) : (

Parsing ecmascript source code failed @ http://localhost:3000/_next/static/chunks/node_modules_next_dist_1e8vcs8._.js:1052
[ 1019115ms] [ERROR] ./src/app/candidate/page.tsx:471:24
Error: Expected '</', got 'ident'
  469 |                     Pastikan statusmu "Open to Work" dan CV terisi lengkap agar recruiter dapat mengundangmu.
  470 |                   </p>
> 471 |                 </Link href="/candidate/cv">
      |                        ^^^^
  472 |                 </CardContent>
  473 |               </Card>
  474 |             ) : (

Parsing ecmascript source code failed @ http://localhost:3000/_next/static/chunks/node_modules_next_dist_1e8vcs8._.js:1052
[ 1019177ms] [ERROR] ./src/app/candidate/page.tsx:471:24
Error: Expected '</', got 'ident'
  469 |                     Pastikan statusmu "Open to Work" dan CV terisi lengkap agar recruiter dapat mengundangmu.
  470 |                   </p>
> 471 |                 </Link href="/candidate/cv">
      |                        ^^^^
  472 |                 </CardContent>
  473 |               </Card>
  474 |             ) : (

Parsing ecmascript source code failed @ http://localhost:3000/_next/static/chunks/node_modules_next_dist_1e8vcs8._.js:1052
[ 1019240ms] [ERROR] ./src/app/candidate/page.tsx:471:24
Error: Expected '</', got 'ident'
  469 |                     Pastikan statusmu "Open to Work" dan CV terisi lengkap agar recruiter dapat mengundangmu.
  470 |                   </p>
> 471 |                 </Link href="/candidate/cv">
      |                        ^^^^
  472 |                 </CardContent>
  473 |               </Card>
  474 |             ) : (

Parsing ecmascript source code failed @ http://localhost:3000/_next/static/chunks/node_modules_next_dist_1e8vcs8._.js:1052
[ 1019301ms] [ERROR] ./src/app/candidate/page.tsx:471:24
Error: Expected '</', got 'ident'
  469 |                     Pastikan statusmu "Open to Work" dan CV terisi lengkap agar recruiter dapat mengundangmu.
  470 |                   </p>
> 471 |                 </Link href="/candidate/cv">
      |                        ^^^^
  472 |                 </CardContent>
  473 |               </Card>
  474 |             ) : (

Parsing ecmascript source code failed @ http://localhost:3000/_next/static/chunks/node_modules_next_dist_1e8vcs8._.js:1052
[ 1019364ms] [ERROR] ./src/app/candidate/page.tsx:471:24
Error: Expected '</', got 'ident'
  469 |                     Pastikan statusmu "Open to Work" dan CV terisi lengkap agar recruiter dapat mengundangmu.
  470 |                   </p>
> 471 |                 </Link href="/candidate/cv">
      |                        ^^^^
  472 |                 </CardContent>
  473 |               </Card>
  474 |             ) : (

Parsing ecmascript source code failed @ http://localhost:3000/_next/static/chunks/node_modules_next_dist_1e8vcs8._.js:1052
[ 1019427ms] [ERROR] ./src/app/candidate/page.tsx:471:24
Error: Expected '</', got 'ident'
  469 |                     Pastikan statusmu "Open to Work" dan CV terisi lengkap agar recruiter dapat mengundangmu.
  470 |                   </p>
> 471 |                 </Link href="/candidate/cv">
      |                        ^^^^
  472 |                 </CardContent>
  473 |               </Card>
  474 |             ) : (

Parsing ecmascript source code failed @ http://localhost:3000/_next/static/chunks/node_modules_next_dist_1e8vcs8._.js:1052
[ 1019489ms] [ERROR] ./src/app/candidate/page.tsx:471:24
Error: Expected '</', got 'ident'
  469 |                     Pastikan statusmu "Open to Work" dan CV terisi lengkap agar recruiter dapat mengundangmu.
  470 |                   </p>
> 471 |                 </Link href="/candidate/cv">
      |                        ^^^^
  472 |                 </CardContent>
  473 |               </Card>
  474 |             ) : (

Parsing ecmascript source code failed @ http://localhost:3000/_next/static/chunks/node_modules_next_dist_1e8vcs8._.js:1052
[ 1019551ms] [ERROR] ./src/app/candidate/page.tsx:471:24
Error: Expected '</', got 'ident'
  469 |                     Pastikan statusmu "Open to Work" dan CV terisi lengkap agar recruiter dapat mengundangmu.
  470 |                   </p>
> 471 |                 </Link href="/candidate/cv">
      |                        ^^^^
  472 |                 </CardContent>
  473 |               </Card>
  474 |             ) : (

Parsing ecmascript source code failed @ http://localhost:3000/_next/static/chunks/node_modules_next_dist_1e8vcs8._.js:1052
[ 1019614ms] [ERROR] ./src/app/candidate/page.tsx:471:24
Error: Expected '</', got 'ident'
  469 |                     Pastikan statusmu "Open to Work" dan CV terisi lengkap agar recruiter dapat mengundangmu.
  470 |                   </p>
> 471 |                 </Link href="/candidate/cv">
      |                        ^^^^
  472 |                 </CardContent>
  473 |               </Card>
  474 |             ) : (

Parsing ecmascript source code failed @ http://localhost:3000/_next/static/chunks/node_modules_next_dist_1e8vcs8._.js:1052
[ 1019708ms] [ERROR] ./src/app/candidate/page.tsx:471:24
Error: Expected '</', got 'ident'
  469 |                     Pastikan statusmu "Open to Work" dan CV terisi lengkap agar recruiter dapat mengundangmu.
  470 |                   </p>
> 471 |                 </Link href="/candidate/cv">
      |                        ^^^^
  472 |                 </CardContent>
  473 |               </Card>
  474 |             ) : (

Parsing ecmascript source code failed @ http://localhost:3000/_next/static/chunks/node_modules_next_dist_1e8vcs8._.js:1052
[ 1019769ms] [ERROR] ./src/app/candidate/page.tsx:471:24
Error: Expected '</', got 'ident'
  469 |                     Pastikan statusmu "Open to Work" dan CV terisi lengkap agar recruiter dapat mengundangmu.
  470 |                   </p>
> 471 |                 </Link href="/candidate/cv">
      |                        ^^^^
  472 |                 </CardContent>
  473 |               </Card>
  474 |             ) : (

Parsing ecmascript source code failed @ http://localhost:3000/_next/static/chunks/node_modules_next_dist_1e8vcs8._.js:1052
[ 1019831ms] [ERROR] ./src/app/candidate/page.tsx:471:24
Error: Expected '</', got 'ident'
  469 |                     Pastikan statusmu "Open to Work" dan CV terisi lengkap agar recruiter dapat mengundangmu.
  470 |                   </p>
> 471 |                 </Link href="/candidate/cv">
      |                        ^^^^
  472 |                 </CardContent>
  473 |               </Card>
  474 |             ) : (

Parsing ecmascript source code failed @ http://localhost:3000/_next/static/chunks/node_modules_next_dist_1e8vcs8._.js:1052
[ 1019893ms] [ERROR] ./src/app/candidate/page.tsx:471:24
Error: Expected '</', got 'ident'
  469 |                     Pastikan statusmu "Open to Work" dan CV terisi lengkap agar recruiter dapat mengundangmu.
  470 |                   </p>
> 471 |                 </Link href="/candidate/cv">
      |                        ^^^^
  472 |                 </CardContent>
  473 |               </Card>
  474 |             ) : (

Parsing ecmascript source code failed @ http://localhost:3000/_next/static/chunks/node_modules_next_dist_1e8vcs8._.js:1052
[ 1019955ms] [ERROR] ./src/app/candidate/page.tsx:471:24
Error: Expected '</', got 'ident'
  469 |                     Pastikan statusmu "Open to Work" dan CV terisi lengkap agar recruiter dapat mengundangmu.
  470 |                   </p>
> 471 |                 </Link href="/candidate/cv">
      |                        ^^^^
  472 |                 </CardContent>
  473 |               </Card>
  474 |             ) : (

Parsing ecmascript source code failed @ http://localhost:3000/_next/static/chunks/node_modules_next_dist_1e8vcs8._.js:1052
[ 1020017ms] [ERROR] ./src/app/candidate/page.tsx:471:24
Error: Expected '</', got 'ident'
  469 |                     Pastikan statusmu "Open to Work" dan CV terisi lengkap agar recruiter dapat mengundangmu.
  470 |                   </p>
> 471 |                 </Link href="/candidate/cv">
      |                        ^^^^
  472 |                 </CardContent>
  473 |               </Card>
  474 |             ) : (

Parsing ecmascript source code failed @ http://localhost:3000/_next/static/chunks/node_modules_next_dist_1e8vcs8._.js:1052
[ 1020080ms] [ERROR] ./src/app/candidate/page.tsx:471:24
Error: Expected '</', got 'ident'
  469 |                     Pastikan statusmu "Open to Work" dan CV terisi lengkap agar recruiter dapat mengundangmu.
  470 |                   </p>
> 471 |                 </Link href="/candidate/cv">
      |                        ^^^^
  472 |                 </CardContent>
  473 |               </Card>
  474 |             ) : (

Parsing ecmascript source code failed @ http://localhost:3000/_next/static/chunks/node_modules_next_dist_1e8vcs8._.js:1052
[ 1020142ms] [ERROR] ./src/app/candidate/page.tsx:471:24
Error: Expected '</', got 'ident'
  469 |                     Pastikan statusmu "Open to Work" dan CV terisi lengkap agar recruiter dapat mengundangmu.
  470 |                   </p>
> 471 |                 </Link href="/candidate/cv">
      |                        ^^^^
  472 |                 </CardContent>
  473 |               </Card>
  474 |             ) : (

Parsing ecmascript source code failed @ http://localhost:3000/_next/static/chunks/node_modules_next_dist_1e8vcs8._.js:1052
[ 1020204ms] [ERROR] ./src/app/candidate/page.tsx:471:24
Error: Expected '</', got 'ident'
  469 |                     Pastikan statusmu "Open to Work" dan CV terisi lengkap agar recruiter dapat mengundangmu.
  470 |                   </p>
> 471 |                 </Link href="/candidate/cv">
      |                        ^^^^
  472 |                 </CardContent>
  473 |               </Card>
  474 |             ) : (

Parsing ecmascript source code failed @ http://localhost:3000/_next/static/chunks/node_modules_next_dist_1e8vcs8._.js:1052
[ 1020266ms] [ERROR] ./src/app/candidate/page.tsx:471:24
Error: Expected '</', got 'ident'
  469 |                     Pastikan statusmu "Open to Work" dan CV terisi lengkap agar recruiter dapat mengundangmu.
  470 |                   </p>
> 471 |                 </Link href="/candidate/cv">
      |                        ^^^^
  472 |                 </CardContent>
  473 |               </Card>
  474 |             ) : (

Parsing ecmascript source code failed @ http://localhost:3000/_next/static/chunks/node_modules_next_dist_1e8vcs8._.js:1052
[ 1020328ms] [ERROR] ./src/app/candidate/page.tsx:471:24
Error: Expected '</', got 'ident'
  469 |                     Pastikan statusmu "Open to Work" dan CV terisi lengkap agar recruiter dapat mengundangmu.
  470 |                   </p>
> 471 |                 </Link href="/candidate/cv">
      |                        ^^^^
  472 |                 </CardContent>
  473 |               </Card>
  474 |             ) : (

Parsing ecmascript source code failed @ http://localhost:3000/_next/static/chunks/node_modules_next_dist_1e8vcs8._.js:1052
[ 1020390ms] [ERROR] ./src/app/candidate/page.tsx:471:24
Error: Expected '</', got 'ident'
  469 |                     Pastikan statusmu "Open to Work" dan CV terisi lengkap agar recruiter dapat mengundangmu.
  470 |                   </p>
> 471 |                 </Link href="/candidate/cv">
      |                        ^^^^
  472 |                 </CardContent>
  473 |               </Card>
  474 |             ) : (

Parsing ecmascript source code failed @ http://localhost:3000/_next/static/chunks/node_modules_next_dist_1e8vcs8._.js:1052
[ 1020453ms] [ERROR] ./src/app/candidate/page.tsx:471:24
Error: Expected '</', got 'ident'
  469 |                     Pastikan statusmu "Open to Work" dan CV terisi lengkap agar recruiter dapat mengundangmu.
  470 |                   </p>
> 471 |                 </Link href="/candidate/cv">
      |                        ^^^^
  472 |                 </CardContent>
  473 |               </Card>
  474 |             ) : (

Parsing ecmascript source code failed @ http://localhost:3000/_next/static/chunks/node_modules_next_dist_1e8vcs8._.js:1052
[ 1020516ms] [ERROR] ./src/app/candidate/page.tsx:471:24
Error: Expected '</', got 'ident'
  469 |                     Pastikan statusmu "Open to Work" dan CV terisi lengkap agar recruiter dapat mengundangmu.
  470 |                   </p>
> 471 |                 </Link href="/candidate/cv">
      |                        ^^^^
  472 |                 </CardContent>
  473 |               </Card>
  474 |             ) : (

Parsing ecmascript source code failed @ http://localhost:3000/_next/static/chunks/node_modules_next_dist_1e8vcs8._.js:1052
[ 1020578ms] [ERROR] ./src/app/candidate/page.tsx:471:24
Error: Expected '</', got 'ident'
  469 |                     Pastikan statusmu "Open to Work" dan CV terisi lengkap agar recruiter dapat mengundangmu.
  470 |                   </p>
> 471 |                 </Link href="/candidate/cv">
      |                        ^^^^
  472 |                 </CardContent>
  473 |               </Card>
  474 |             ) : (

Parsing ecmascript source code failed @ http://localhost:3000/_next/static/chunks/node_modules_next_dist_1e8vcs8._.js:1052
[ 1020640ms] [ERROR] ./src/app/candidate/page.tsx:471:24
Error: Expected '</', got 'ident'
  469 |                     Pastikan statusmu "Open to Work" dan CV terisi lengkap agar recruiter dapat mengundangmu.
  470 |                   </p>
> 471 |                 </Link href="/candidate/cv">
      |                        ^^^^
  472 |                 </CardContent>
  473 |               </Card>
  474 |             ) : (

Parsing ecmascript source code failed @ http://localhost:3000/_next/static/chunks/node_modules_next_dist_1e8vcs8._.js:1052
[ 1020702ms] [ERROR] ./src/app/candidate/page.tsx:471:24
Error: Expected '</', got 'ident'
  469 |                     Pastikan statusmu "Open to Work" dan CV terisi lengkap agar recruiter dapat mengundangmu.
  470 |                   </p>
> 471 |                 </Link href="/candidate/cv">
      |                        ^^^^
  472 |                 </CardContent>
  473 |               </Card>
  474 |             ) : (

Parsing ecmascript source code failed @ http://localhost:3000/_next/static/chunks/node_modules_next_dist_1e8vcs8._.js:1052
[ 1020764ms] [ERROR] ./src/app/candidate/page.tsx:471:24
Error: Expected '</', got 'ident'
  469 |                     Pastikan statusmu "Open to Work" dan CV terisi lengkap agar recruiter dapat mengundangmu.
  470 |                   </p>
> 471 |                 </Link href="/candidate/cv">
      |                        ^^^^
  472 |                 </CardContent>
  473 |               </Card>
  474 |             ) : (

Parsing ecmascript source code failed @ http://localhost:3000/_next/static/chunks/node_modules_next_dist_1e8vcs8._.js:1052
[ 1020825ms] [ERROR] ./src/app/candidate/page.tsx:471:24
Error: Expected '</', got 'ident'
  469 |                     Pastikan statusmu "Open to Work" dan CV terisi lengkap agar recruiter dapat mengundangmu.
  470 |                   </p>
> 471 |                 </Link href="/candidate/cv">
      |                        ^^^^
  472 |                 </CardContent>
  473 |               </Card>
  474 |             ) : (

Parsing ecmascript source code failed @ http://localhost:3000/_next/static/chunks/node_modules_next_dist_1e8vcs8._.js:1052
[ 1020888ms] [ERROR] ./src/app/candidate/page.tsx:471:24
Error: Expected '</', got 'ident'
  469 |                     Pastikan statusmu "Open to Work" dan CV terisi lengkap agar recruiter dapat mengundangmu.
  470 |                   </p>
> 471 |                 </Link href="/candidate/cv">
      |                        ^^^^
  472 |                 </CardContent>
  473 |               </Card>
  474 |             ) : (

Parsing ecmascript source code failed @ http://localhost:3000/_next/static/chunks/node_modules_next_dist_1e8vcs8._.js:1052
[ 1020949ms] [ERROR] ./src/app/candidate/page.tsx:471:24
Error: Expected '</', got 'ident'
  469 |                     Pastikan statusmu "Open to Work" dan CV terisi lengkap agar recruiter dapat mengundangmu.
  470 |                   </p>
> 471 |                 </Link href="/candidate/cv">
      |                        ^^^^
  472 |                 </CardContent>
  473 |               </Card>
  474 |             ) : (

Parsing ecmascript source code failed @ http://localhost:3000/_next/static/chunks/node_modules_next_dist_1e8vcs8._.js:1052
[ 1021013ms] [ERROR] ./src/app/candidate/page.tsx:471:24
Error: Expected '</', got 'ident'
  469 |                     Pastikan statusmu "Open to Work" dan CV terisi lengkap agar recruiter dapat mengundangmu.
  470 |                   </p>
> 471 |                 </Link href="/candidate/cv">
      |                        ^^^^
  472 |                 </CardContent>
  473 |               </Card>
  474 |             ) : (

Parsing ecmascript source code failed @ http://localhost:3000/_next/static/chunks/node_modules_next_dist_1e8vcs8._.js:1052
[ 1021076ms] [ERROR] ./src/app/candidate/page.tsx:471:24
Error: Expected '</', got 'ident'
  469 |                     Pastikan statusmu "Open to Work" dan CV terisi lengkap agar recruiter dapat mengundangmu.
  470 |                   </p>
> 471 |                 </Link href="/candidate/cv">
      |                        ^^^^
  472 |                 </CardContent>
  473 |               </Card>
  474 |             ) : (

Parsing ecmascript source code failed @ http://localhost:3000/_next/static/chunks/node_modules_next_dist_1e8vcs8._.js:1052
[ 1021139ms] [ERROR] ./src/app/candidate/page.tsx:471:24
Error: Expected '</', got 'ident'
  469 |                     Pastikan statusmu "Open to Work" dan CV terisi lengkap agar recruiter dapat mengundangmu.
  470 |                   </p>
> 471 |                 </Link href="/candidate/cv">
      |                        ^^^^
  472 |                 </CardContent>
  473 |               </Card>
  474 |             ) : (

Parsing ecmascript source code failed @ http://localhost:3000/_next/static/chunks/node_modules_next_dist_1e8vcs8._.js:1052
[ 1021201ms] [ERROR] ./src/app/candidate/page.tsx:471:24
Error: Expected '</', got 'ident'
  469 |                     Pastikan statusmu "Open to Work" dan CV terisi lengkap agar recruiter dapat mengundangmu.
  470 |                   </p>
> 471 |                 </Link href="/candidate/cv">
      |                        ^^^^
  472 |                 </CardContent>
  473 |               </Card>
  474 |             ) : (

Parsing ecmascript source code failed @ http://localhost:3000/_next/static/chunks/node_modules_next_dist_1e8vcs8._.js:1052
[ 1021263ms] [ERROR] ./src/app/candidate/page.tsx:471:24
Error: Expected '</', got 'ident'
  469 |                     Pastikan statusmu "Open to Work" dan CV terisi lengkap agar recruiter dapat mengundangmu.
  470 |                   </p>
> 471 |                 </Link href="/candidate/cv">
      |                        ^^^^
  472 |                 </CardContent>
  473 |               </Card>
  474 |             ) : (

Parsing ecmascript source code failed @ http://localhost:3000/_next/static/chunks/node_modules_next_dist_1e8vcs8._.js:1052
[ 1021420ms] [ERROR] ./src/app/candidate/page.tsx:471:24
Error: Expected '</', got 'ident'
  469 |                     Pastikan statusmu "Open to Work" dan CV terisi lengkap agar recruiter dapat mengundangmu.
  470 |                   </p>
> 471 |                 </Link href="/candidate/cv">
      |                        ^^^^
  472 |                 </CardContent>
  473 |               </Card>
  474 |             ) : (

Parsing ecmascript source code failed @ http://localhost:3000/_next/static/chunks/node_modules_next_dist_1e8vcs8._.js:1052
[ 1021482ms] [ERROR] ./src/app/candidate/page.tsx:471:24
Error: Expected '</', got 'ident'
  469 |                     Pastikan statusmu "Open to Work" dan CV terisi lengkap agar recruiter dapat mengundangmu.
  470 |                   </p>
> 471 |                 </Link href="/candidate/cv">
      |                        ^^^^
  472 |                 </CardContent>
  473 |               </Card>
  474 |             ) : (

Parsing ecmascript source code failed @ http://localhost:3000/_next/static/chunks/node_modules_next_dist_1e8vcs8._.js:1052
[ 1021544ms] [ERROR] ./src/app/candidate/page.tsx:471:24
Error: Expected '</', got 'ident'
  469 |                     Pastikan statusmu "Open to Work" dan CV terisi lengkap agar recruiter dapat mengundangmu.
  470 |                   </p>
> 471 |                 </Link href="/candidate/cv">
      |                        ^^^^
  472 |                 </CardContent>
  473 |               </Card>
  474 |             ) : (

Parsing ecmascript source code failed @ http://localhost:3000/_next/static/chunks/node_modules_next_dist_1e8vcs8._.js:1052
[ 1021607ms] [ERROR] ./src/app/candidate/page.tsx:471:24
Error: Expected '</', got 'ident'
  469 |                     Pastikan statusmu "Open to Work" dan CV terisi lengkap agar recruiter dapat mengundangmu.
  470 |                   </p>
> 471 |                 </Link href="/candidate/cv">
      |                        ^^^^
  472 |                 </CardContent>
  473 |               </Card>
  474 |             ) : (

Parsing ecmascript source code failed @ http://localhost:3000/_next/static/chunks/node_modules_next_dist_1e8vcs8._.js:1052
[ 1021668ms] [ERROR] ./src/app/candidate/page.tsx:471:24
Error: Expected '</', got 'ident'
  469 |                     Pastikan statusmu "Open to Work" dan CV terisi lengkap agar recruiter dapat mengundangmu.
  470 |                   </p>
> 471 |                 </Link href="/candidate/cv">
      |                        ^^^^
  472 |                 </CardContent>
  473 |               </Card>
  474 |             ) : (

Parsing ecmascript source code failed @ http://localhost:3000/_next/static/chunks/node_modules_next_dist_1e8vcs8._.js:1052
[ 1021731ms] [ERROR] ./src/app/candidate/page.tsx:471:24
Error: Expected '</', got 'ident'
  469 |                     Pastikan statusmu "Open to Work" dan CV terisi lengkap agar recruiter dapat mengundangmu.
  470 |                   </p>
> 471 |                 </Link href="/candidate/cv">
      |                        ^^^^
  472 |                 </CardContent>
  473 |               </Card>
  474 |             ) : (

Parsing ecmascript source code failed @ http://localhost:3000/_next/static/chunks/node_modules_next_dist_1e8vcs8._.js:1052
[ 1021793ms] [ERROR] ./src/app/candidate/page.tsx:471:24
Error: Expected '</', got 'ident'
  469 |                     Pastikan statusmu "Open to Work" dan CV terisi lengkap agar recruiter dapat mengundangmu.
  470 |                   </p>
> 471 |                 </Link href="/candidate/cv">
      |                        ^^^^
  472 |                 </CardContent>
  473 |               </Card>
  474 |             ) : (

Parsing ecmascript source code failed @ http://localhost:3000/_next/static/chunks/node_modules_next_dist_1e8vcs8._.js:1052
[ 1021854ms] [ERROR] ./src/app/candidate/page.tsx:471:24
Error: Expected '</', got 'ident'
  469 |                     Pastikan statusmu "Open to Work" dan CV terisi lengkap agar recruiter dapat mengundangmu.
  470 |                   </p>
> 471 |                 </Link href="/candidate/cv">
      |                        ^^^^
  472 |                 </CardContent>
  473 |               </Card>
  474 |             ) : (

Parsing ecmascript source code failed @ http://localhost:3000/_next/static/chunks/node_modules_next_dist_1e8vcs8._.js:1052
[ 1021916ms] [ERROR] ./src/app/candidate/page.tsx:471:24
Error: Expected '</', got 'ident'
  469 |                     Pastikan statusmu "Open to Work" dan CV terisi lengkap agar recruiter dapat mengundangmu.
  470 |                   </p>
> 471 |                 </Link href="/candidate/cv">
      |                        ^^^^
  472 |                 </CardContent>
  473 |               </Card>
  474 |             ) : (

Parsing ecmascript source code failed @ http://localhost:3000/_next/static/chunks/node_modules_next_dist_1e8vcs8._.js:1052
[ 1021979ms] [ERROR] ./src/app/candidate/page.tsx:471:24
Error: Expected '</', got 'ident'
  469 |                     Pastikan statusmu "Open to Work" dan CV terisi lengkap agar recruiter dapat mengundangmu.
  470 |                   </p>
> 471 |                 </Link href="/candidate/cv">
      |                        ^^^^
  472 |                 </CardContent>
  473 |               </Card>
  474 |             ) : (

Parsing ecmascript source code failed @ http://localhost:3000/_next/static/chunks/node_modules_next_dist_1e8vcs8._.js:1052
[ 1022042ms] [ERROR] ./src/app/candidate/page.tsx:471:24
Error: Expected '</', got 'ident'
  469 |                     Pastikan statusmu "Open to Work" dan CV terisi lengkap agar recruiter dapat mengundangmu.
  470 |                   </p>
> 471 |                 </Link href="/candidate/cv">
      |                        ^^^^
  472 |                 </CardContent>
  473 |               </Card>
  474 |             ) : (

Parsing ecmascript source code failed @ http://localhost:3000/_next/static/chunks/node_modules_next_dist_1e8vcs8._.js:1052
[ 1022102ms] [ERROR] ./src/app/candidate/page.tsx:471:24
Error: Expected '</', got 'ident'
  469 |                     Pastikan statusmu "Open to Work" dan CV terisi lengkap agar recruiter dapat mengundangmu.
  470 |                   </p>
> 471 |                 </Link href="/candidate/cv">
      |                        ^^^^
  472 |                 </CardContent>
  473 |               </Card>
  474 |             ) : (

Parsing ecmascript source code failed @ http://localhost:3000/_next/static/chunks/node_modules_next_dist_1e8vcs8._.js:1052
[ 1022164ms] [ERROR] ./src/app/candidate/page.tsx:471:24
Error: Expected '</', got 'ident'
  469 |                     Pastikan statusmu "Open to Work" dan CV terisi lengkap agar recruiter dapat mengundangmu.
  470 |                   </p>
> 471 |                 </Link href="/candidate/cv">
      |                        ^^^^
  472 |                 </CardContent>
  473 |               </Card>
  474 |             ) : (

Parsing ecmascript source code failed @ http://localhost:3000/_next/static/chunks/node_modules_next_dist_1e8vcs8._.js:1052
[ 1022227ms] [ERROR] ./src/app/candidate/page.tsx:471:24
Error: Expected '</', got 'ident'
  469 |                     Pastikan statusmu "Open to Work" dan CV terisi lengkap agar recruiter dapat mengundangmu.
  470 |                   </p>
> 471 |                 </Link href="/candidate/cv">
      |                        ^^^^
  472 |                 </CardContent>
  473 |               </Card>
  474 |             ) : (

Parsing ecmascript source code failed @ http://localhost:3000/_next/static/chunks/node_modules_next_dist_1e8vcs8._.js:1052
[ 1022289ms] [ERROR] ./src/app/candidate/page.tsx:471:24
Error: Expected '</', got 'ident'
  469 |                     Pastikan statusmu "Open to Work" dan CV terisi lengkap agar recruiter dapat mengundangmu.
  470 |                   </p>
> 471 |                 </Link href="/candidate/cv">
      |                        ^^^^
  472 |                 </CardContent>
  473 |               </Card>
  474 |             ) : (

Parsing ecmascript source code failed @ http://localhost:3000/_next/static/chunks/node_modules_next_dist_1e8vcs8._.js:1052
[ 1022351ms] [ERROR] ./src/app/candidate/page.tsx:471:24
Error: Expected '</', got 'ident'
  469 |                     Pastikan statusmu "Open to Work" dan CV terisi lengkap agar recruiter dapat mengundangmu.
  470 |                   </p>
> 471 |                 </Link href="/candidate/cv">
      |                        ^^^^
  472 |                 </CardContent>
  473 |               </Card>
  474 |             ) : (

Parsing ecmascript source code failed @ http://localhost:3000/_next/static/chunks/node_modules_next_dist_1e8vcs8._.js:1052
[ 1022413ms] [ERROR] ./src/app/candidate/page.tsx:471:24
Error: Expected '</', got 'ident'
  469 |                     Pastikan statusmu "Open to Work" dan CV terisi lengkap agar recruiter dapat mengundangmu.
  470 |                   </p>
> 471 |                 </Link href="/candidate/cv">
      |                        ^^^^
  472 |                 </CardContent>
  473 |               </Card>
  474 |             ) : (

Parsing ecmascript source code failed @ http://localhost:3000/_next/static/chunks/node_modules_next_dist_1e8vcs8._.js:1052
[ 1022474ms] [ERROR] ./src/app/candidate/page.tsx:471:24
Error: Expected '</', got 'ident'
  469 |                     Pastikan statusmu "Open to Work" dan CV terisi lengkap agar recruiter dapat mengundangmu.
  470 |                   </p>
> 471 |                 </Link href="/candidate/cv">
      |                        ^^^^
  472 |                 </CardContent>
  473 |               </Card>
  474 |             ) : (

Parsing ecmascript source code failed @ http://localhost:3000/_next/static/chunks/node_modules_next_dist_1e8vcs8._.js:1052
[ 1022537ms] [ERROR] ./src/app/candidate/page.tsx:471:24
Error: Expected '</', got 'ident'
  469 |                     Pastikan statusmu "Open to Work" dan CV terisi lengkap agar recruiter dapat mengundangmu.
  470 |                   </p>
> 471 |                 </Link href="/candidate/cv">
      |                        ^^^^
  472 |                 </CardContent>
  473 |               </Card>
  474 |             ) : (

Parsing ecmascript source code failed @ http://localhost:3000/_next/static/chunks/node_modules_next_dist_1e8vcs8._.js:1052
[ 1022599ms] [ERROR] ./src/app/candidate/page.tsx:471:24
Error: Expected '</', got 'ident'
  469 |                     Pastikan statusmu "Open to Work" dan CV terisi lengkap agar recruiter dapat mengundangmu.
  470 |                   </p>
> 471 |                 </Link href="/candidate/cv">
      |                        ^^^^
  472 |                 </CardContent>
  473 |               </Card>
  474 |             ) : (

Parsing ecmascript source code failed @ http://localhost:3000/_next/static/chunks/node_modules_next_dist_1e8vcs8._.js:1052
[ 1022661ms] [ERROR] ./src/app/candidate/page.tsx:471:24
Error: Expected '</', got 'ident'
  469 |                     Pastikan statusmu "Open to Work" dan CV terisi lengkap agar recruiter dapat mengundangmu.
  470 |                   </p>
> 471 |                 </Link href="/candidate/cv">
      |                        ^^^^
  472 |                 </CardContent>
  473 |               </Card>
  474 |             ) : (

Parsing ecmascript source code failed @ http://localhost:3000/_next/static/chunks/node_modules_next_dist_1e8vcs8._.js:1052
[ 1022723ms] [ERROR] ./src/app/candidate/page.tsx:471:24
Error: Expected '</', got 'ident'
  469 |                     Pastikan statusmu "Open to Work" dan CV terisi lengkap agar recruiter dapat mengundangmu.
  470 |                   </p>
> 471 |                 </Link href="/candidate/cv">
      |                        ^^^^
  472 |                 </CardContent>
  473 |               </Card>
  474 |             ) : (

Parsing ecmascript source code failed @ http://localhost:3000/_next/static/chunks/node_modules_next_dist_1e8vcs8._.js:1052
[ 1022785ms] [ERROR] ./src/app/candidate/page.tsx:471:24
Error: Expected '</', got 'ident'
  469 |                     Pastikan statusmu "Open to Work" dan CV terisi lengkap agar recruiter dapat mengundangmu.
  470 |                   </p>
> 471 |                 </Link href="/candidate/cv">
      |                        ^^^^
  472 |                 </CardContent>
  473 |               </Card>
  474 |             ) : (

Parsing ecmascript source code failed @ http://localhost:3000/_next/static/chunks/node_modules_next_dist_1e8vcs8._.js:1052
[ 1022847ms] [ERROR] ./src/app/candidate/page.tsx:471:24
Error: Expected '</', got 'ident'
  469 |                     Pastikan statusmu "Open to Work" dan CV terisi lengkap agar recruiter dapat mengundangmu.
  470 |                   </p>
> 471 |                 </Link href="/candidate/cv">
      |                        ^^^^
  472 |                 </CardContent>
  473 |               </Card>
  474 |             ) : (

Parsing ecmascript source code failed @ http://localhost:3000/_next/static/chunks/node_modules_next_dist_1e8vcs8._.js:1052
[ 1022909ms] [ERROR] ./src/app/candidate/page.tsx:471:24
Error: Expected '</', got 'ident'
  469 |                     Pastikan statusmu "Open to Work" dan CV terisi lengkap agar recruiter dapat mengundangmu.
  470 |                   </p>
> 471 |                 </Link href="/candidate/cv">
      |                        ^^^^
  472 |                 </CardContent>
  473 |               </Card>
  474 |             ) : (

Parsing ecmascript source code failed @ http://localhost:3000/_next/static/chunks/node_modules_next_dist_1e8vcs8._.js:1052
[ 1022971ms] [ERROR] ./src/app/candidate/page.tsx:471:24
Error: Expected '</', got 'ident'
  469 |                     Pastikan statusmu "Open to Work" dan CV terisi lengkap agar recruiter dapat mengundangmu.
  470 |                   </p>
> 471 |                 </Link href="/candidate/cv">
      |                        ^^^^
  472 |                 </CardContent>
  473 |               </Card>
  474 |             ) : (

Parsing ecmascript source code failed @ http://localhost:3000/_next/static/chunks/node_modules_next_dist_1e8vcs8._.js:1052
[ 1023033ms] [ERROR] ./src/app/candidate/page.tsx:471:24
Error: Expected '</', got 'ident'
  469 |                     Pastikan statusmu "Open to Work" dan CV terisi lengkap agar recruiter dapat mengundangmu.
  470 |                   </p>
> 471 |                 </Link href="/candidate/cv">
      |                        ^^^^
  472 |                 </CardContent>
  473 |               </Card>
  474 |             ) : (

Parsing ecmascript source code failed @ http://localhost:3000/_next/static/chunks/node_modules_next_dist_1e8vcs8._.js:1052
[ 1023095ms] [ERROR] ./src/app/candidate/page.tsx:471:24
Error: Expected '</', got 'ident'
  469 |                     Pastikan statusmu "Open to Work" dan CV terisi lengkap agar recruiter dapat mengundangmu.
  470 |                   </p>
> 471 |                 </Link href="/candidate/cv">
      |                        ^^^^
  472 |                 </CardContent>
  473 |               </Card>
  474 |             ) : (

Parsing ecmascript source code failed @ http://localhost:3000/_next/static/chunks/node_modules_next_dist_1e8vcs8._.js:1052
[ 1023158ms] [ERROR] ./src/app/candidate/page.tsx:471:24
Error: Expected '</', got 'ident'
  469 |                     Pastikan statusmu "Open to Work" dan CV terisi lengkap agar recruiter dapat mengundangmu.
  470 |                   </p>
> 471 |                 </Link href="/candidate/cv">
      |                        ^^^^
  472 |                 </CardContent>
  473 |               </Card>
  474 |             ) : (

Parsing ecmascript source code failed @ http://localhost:3000/_next/static/chunks/node_modules_next_dist_1e8vcs8._.js:1052
[ 1023220ms] [ERROR] ./src/app/candidate/page.tsx:471:24
Error: Expected '</', got 'ident'
  469 |                     Pastikan statusmu "Open to Work" dan CV terisi lengkap agar recruiter dapat mengundangmu.
  470 |                   </p>
> 471 |                 </Link href="/candidate/cv">
      |                        ^^^^
  472 |                 </CardContent>
  473 |               </Card>
  474 |             ) : (

Parsing ecmascript source code failed @ http://localhost:3000/_next/static/chunks/node_modules_next_dist_1e8vcs8._.js:1052
[ 1023282ms] [ERROR] ./src/app/candidate/page.tsx:471:24
Error: Expected '</', got 'ident'
  469 |                     Pastikan statusmu "Open to Work" dan CV terisi lengkap agar recruiter dapat mengundangmu.
  470 |                   </p>
> 471 |                 </Link href="/candidate/cv">
      |                        ^^^^
  472 |                 </CardContent>
  473 |               </Card>
  474 |             ) : (

Parsing ecmascript source code failed @ http://localhost:3000/_next/static/chunks/node_modules_next_dist_1e8vcs8._.js:1052
[ 1023344ms] [ERROR] ./src/app/candidate/page.tsx:471:24
Error: Expected '</', got 'ident'
  469 |                     Pastikan statusmu "Open to Work" dan CV terisi lengkap agar recruiter dapat mengundangmu.
  470 |                   </p>
> 471 |                 </Link href="/candidate/cv">
      |                        ^^^^
  472 |                 </CardContent>
  473 |               </Card>
  474 |             ) : (

Parsing ecmascript source code failed @ http://localhost:3000/_next/static/chunks/node_modules_next_dist_1e8vcs8._.js:1052
[ 1023407ms] [ERROR] ./src/app/candidate/page.tsx:471:24
Error: Expected '</', got 'ident'
  469 |                     Pastikan statusmu "Open to Work" dan CV terisi lengkap agar recruiter dapat mengundangmu.
  470 |                   </p>
> 471 |                 </Link href="/candidate/cv">
      |                        ^^^^
  472 |                 </CardContent>
  473 |               </Card>
  474 |             ) : (

Parsing ecmascript source code failed @ http://localhost:3000/_next/static/chunks/node_modules_next_dist_1e8vcs8._.js:1052
[ 1023468ms] [ERROR] ./src/app/candidate/page.tsx:471:24
Error: Expected '</', got 'ident'
  469 |                     Pastikan statusmu "Open to Work" dan CV terisi lengkap agar recruiter dapat mengundangmu.
  470 |                   </p>
> 471 |                 </Link href="/candidate/cv">
      |                        ^^^^
  472 |                 </CardContent>
  473 |               </Card>
  474 |             ) : (

Parsing ecmascript source code failed @ http://localhost:3000/_next/static/chunks/node_modules_next_dist_1e8vcs8._.js:1052
[ 1023531ms] [ERROR] ./src/app/candidate/page.tsx:471:24
Error: Expected '</', got 'ident'
  469 |                     Pastikan statusmu "Open to Work" dan CV terisi lengkap agar recruiter dapat mengundangmu.
  470 |                   </p>
> 471 |                 </Link href="/candidate/cv">
      |                        ^^^^
  472 |                 </CardContent>
  473 |               </Card>
  474 |             ) : (

Parsing ecmascript source code failed @ http://localhost:3000/_next/static/chunks/node_modules_next_dist_1e8vcs8._.js:1052
[ 1023592ms] [ERROR] ./src/app/candidate/page.tsx:471:24
Error: Expected '</', got 'ident'
  469 |                     Pastikan statusmu "Open to Work" dan CV terisi lengkap agar recruiter dapat mengundangmu.
  470 |                   </p>
> 471 |                 </Link href="/candidate/cv">
      |                        ^^^^
  472 |                 </CardContent>
  473 |               </Card>
  474 |             ) : (

Parsing ecmascript source code failed @ http://localhost:3000/_next/static/chunks/node_modules_next_dist_1e8vcs8._.js:1052
[ 1023654ms] [ERROR] ./src/app/candidate/page.tsx:471:24
Error: Expected '</', got 'ident'
  469 |                     Pastikan statusmu "Open to Work" dan CV terisi lengkap agar recruiter dapat mengundangmu.
  470 |                   </p>
> 471 |                 </Link href="/candidate/cv">
      |                        ^^^^
  472 |                 </CardContent>
  473 |               </Card>
  474 |             ) : (

Parsing ecmascript source code failed @ http://localhost:3000/_next/static/chunks/node_modules_next_dist_1e8vcs8._.js:1052
[ 1023716ms] [ERROR] ./src/app/candidate/page.tsx:471:24
Error: Expected '</', got 'ident'
  469 |                     Pastikan statusmu "Open to Work" dan CV terisi lengkap agar recruiter dapat mengundangmu.
  470 |                   </p>
> 471 |                 </Link href="/candidate/cv">
      |                        ^^^^
  472 |                 </CardContent>
  473 |               </Card>
  474 |             ) : (

Parsing ecmascript source code failed @ http://localhost:3000/_next/static/chunks/node_modules_next_dist_1e8vcs8._.js:1052
[ 1023777ms] [ERROR] ./src/app/candidate/page.tsx:471:24
Error: Expected '</', got 'ident'
  469 |                     Pastikan statusmu "Open to Work" dan CV terisi lengkap agar recruiter dapat mengundangmu.
  470 |                   </p>
> 471 |                 </Link href="/candidate/cv">
      |                        ^^^^
  472 |                 </CardContent>
  473 |               </Card>
  474 |             ) : (

Parsing ecmascript source code failed @ http://localhost:3000/_next/static/chunks/node_modules_next_dist_1e8vcs8._.js:1052
[ 1023839ms] [ERROR] ./src/app/candidate/page.tsx:471:24
Error: Expected '</', got 'ident'
  469 |                     Pastikan statusmu "Open to Work" dan CV terisi lengkap agar recruiter dapat mengundangmu.
  470 |                   </p>
> 471 |                 </Link href="/candidate/cv">
      |                        ^^^^
  472 |                 </CardContent>
  473 |               </Card>
  474 |             ) : (

Parsing ecmascript source code failed @ http://localhost:3000/_next/static/chunks/node_modules_next_dist_1e8vcs8._.js:1052
[ 1023901ms] [ERROR] ./src/app/candidate/page.tsx:471:24
Error: Expected '</', got 'ident'
  469 |                     Pastikan statusmu "Open to Work" dan CV terisi lengkap agar recruiter dapat mengundangmu.
  470 |                   </p>
> 471 |                 </Link href="/candidate/cv">
      |                        ^^^^
  472 |                 </CardContent>
  473 |               </Card>
  474 |             ) : (

Parsing ecmascript source code failed @ http://localhost:3000/_next/static/chunks/node_modules_next_dist_1e8vcs8._.js:1052
[ 1023964ms] [ERROR] ./src/app/candidate/page.tsx:471:24
Error: Expected '</', got 'ident'
  469 |                     Pastikan statusmu "Open to Work" dan CV terisi lengkap agar recruiter dapat mengundangmu.
  470 |                   </p>
> 471 |                 </Link href="/candidate/cv">
      |                        ^^^^
  472 |                 </CardContent>
  473 |               </Card>
  474 |             ) : (

Parsing ecmascript source code failed @ http://localhost:3000/_next/static/chunks/node_modules_next_dist_1e8vcs8._.js:1052
[ 1024027ms] [ERROR] ./src/app/candidate/page.tsx:471:24
Error: Expected '</', got 'ident'
  469 |                     Pastikan statusmu "Open to Work" dan CV terisi lengkap agar recruiter dapat mengundangmu.
  470 |                   </p>
> 471 |                 </Link href="/candidate/cv">
      |                        ^^^^
  472 |                 </CardContent>
  473 |               </Card>
  474 |             ) : (

Parsing ecmascript source code failed @ http://localhost:3000/_next/static/chunks/node_modules_next_dist_1e8vcs8._.js:1052
[ 1024090ms] [ERROR] ./src/app/candidate/page.tsx:471:24
Error: Expected '</', got 'ident'
  469 |                     Pastikan statusmu "Open to Work" dan CV terisi lengkap agar recruiter dapat mengundangmu.
  470 |                   </p>
> 471 |                 </Link href="/candidate/cv">
      |                        ^^^^
  472 |                 </CardContent>
  473 |               </Card>
  474 |             ) : (

Parsing ecmascript source code failed @ http://localhost:3000/_next/static/chunks/node_modules_next_dist_1e8vcs8._.js:1052
[ 1024152ms] [ERROR] ./src/app/candidate/page.tsx:471:24
Error: Expected '</', got 'ident'
  469 |                     Pastikan statusmu "Open to Work" dan CV terisi lengkap agar recruiter dapat mengundangmu.
  470 |                   </p>
> 471 |                 </Link href="/candidate/cv">
      |                        ^^^^
  472 |                 </CardContent>
  473 |               </Card>
  474 |             ) : (

Parsing ecmascript source code failed @ http://localhost:3000/_next/static/chunks/node_modules_next_dist_1e8vcs8._.js:1052
[ 1024214ms] [ERROR] ./src/app/candidate/page.tsx:471:24
Error: Expected '</', got 'ident'
  469 |                     Pastikan statusmu "Open to Work" dan CV terisi lengkap agar recruiter dapat mengundangmu.
  470 |                   </p>
> 471 |                 </Link href="/candidate/cv">
      |                        ^^^^
  472 |                 </CardContent>
  473 |               </Card>
  474 |             ) : (

Parsing ecmascript source code failed @ http://localhost:3000/_next/static/chunks/node_modules_next_dist_1e8vcs8._.js:1052
[ 1024277ms] [ERROR] ./src/app/candidate/page.tsx:471:24
Error: Expected '</', got 'ident'
  469 |                     Pastikan statusmu "Open to Work" dan CV terisi lengkap agar recruiter dapat mengundangmu.
  470 |                   </p>
> 471 |                 </Link href="/candidate/cv">
      |                        ^^^^
  472 |                 </CardContent>
  473 |               </Card>
  474 |             ) : (

Parsing ecmascript source code failed @ http://localhost:3000/_next/static/chunks/node_modules_next_dist_1e8vcs8._.js:1052
[ 1024338ms] [ERROR] ./src/app/candidate/page.tsx:471:24
Error: Expected '</', got 'ident'
  469 |                     Pastikan statusmu "Open to Work" dan CV terisi lengkap agar recruiter dapat mengundangmu.
  470 |                   </p>
> 471 |                 </Link href="/candidate/cv">
      |                        ^^^^
  472 |                 </CardContent>
  473 |               </Card>
  474 |             ) : (

Parsing ecmascript source code failed @ http://localhost:3000/_next/static/chunks/node_modules_next_dist_1e8vcs8._.js:1052
[ 1024400ms] [ERROR] ./src/app/candidate/page.tsx:471:24
Error: Expected '</', got 'ident'
  469 |                     Pastikan statusmu "Open to Work" dan CV terisi lengkap agar recruiter dapat mengundangmu.
  470 |                   </p>
> 471 |                 </Link href="/candidate/cv">
      |                        ^^^^
  472 |                 </CardContent>
  473 |               </Card>
  474 |             ) : (

Parsing ecmascript source code failed @ http://localhost:3000/_next/static/chunks/node_modules_next_dist_1e8vcs8._.js:1052
[ 1024462ms] [ERROR] ./src/app/candidate/page.tsx:471:24
Error: Expected '</', got 'ident'
  469 |                     Pastikan statusmu "Open to Work" dan CV terisi lengkap agar recruiter dapat mengundangmu.
  470 |                   </p>
> 471 |                 </Link href="/candidate/cv">
      |                        ^^^^
  472 |                 </CardContent>
  473 |               </Card>
  474 |             ) : (

Parsing ecmascript source code failed @ http://localhost:3000/_next/static/chunks/node_modules_next_dist_1e8vcs8._.js:1052
[ 1024524ms] [ERROR] ./src/app/candidate/page.tsx:471:24
Error: Expected '</', got 'ident'
  469 |                     Pastikan statusmu "Open to Work" dan CV terisi lengkap agar recruiter dapat mengundangmu.
  470 |                   </p>
> 471 |                 </Link href="/candidate/cv">
      |                        ^^^^
  472 |                 </CardContent>
  473 |               </Card>
  474 |             ) : (

Parsing ecmascript source code failed @ http://localhost:3000/_next/static/chunks/node_modules_next_dist_1e8vcs8._.js:1052
[ 1024586ms] [ERROR] ./src/app/candidate/page.tsx:471:24
Error: Expected '</', got 'ident'
  469 |                     Pastikan statusmu "Open to Work" dan CV terisi lengkap agar recruiter dapat mengundangmu.
  470 |                   </p>
> 471 |                 </Link href="/candidate/cv">
      |                        ^^^^
  472 |                 </CardContent>
  473 |               </Card>
  474 |             ) : (

Parsing ecmascript source code failed @ http://localhost:3000/_next/static/chunks/node_modules_next_dist_1e8vcs8._.js:1052
[ 1024648ms] [ERROR] ./src/app/candidate/page.tsx:471:24
Error: Expected '</', got 'ident'
  469 |                     Pastikan statusmu "Open to Work" dan CV terisi lengkap agar recruiter dapat mengundangmu.
  470 |                   </p>
> 471 |                 </Link href="/candidate/cv">
      |                        ^^^^
  472 |                 </CardContent>
  473 |               </Card>
  474 |             ) : (

Parsing ecmascript source code failed @ http://localhost:3000/_next/static/chunks/node_modules_next_dist_1e8vcs8._.js:1052
[ 1024711ms] [ERROR] ./src/app/candidate/page.tsx:471:24
Error: Expected '</', got 'ident'
  469 |                     Pastikan statusmu "Open to Work" dan CV terisi lengkap agar recruiter dapat mengundangmu.
  470 |                   </p>
> 471 |                 </Link href="/candidate/cv">
      |                        ^^^^
  472 |                 </CardContent>
  473 |               </Card>
  474 |             ) : (

Parsing ecmascript source code failed @ http://localhost:3000/_next/static/chunks/node_modules_next_dist_1e8vcs8._.js:1052
[ 1024773ms] [ERROR] ./src/app/candidate/page.tsx:471:24
Error: Expected '</', got 'ident'
  469 |                     Pastikan statusmu "Open to Work" dan CV terisi lengkap agar recruiter dapat mengundangmu.
  470 |                   </p>
> 471 |                 </Link href="/candidate/cv">
      |                        ^^^^
  472 |                 </CardContent>
  473 |               </Card>
  474 |             ) : (

Parsing ecmascript source code failed @ http://localhost:3000/_next/static/chunks/node_modules_next_dist_1e8vcs8._.js:1052
[ 1024835ms] [ERROR] ./src/app/candidate/page.tsx:471:24
Error: Expected '</', got 'ident'
  469 |                     Pastikan statusmu "Open to Work" dan CV terisi lengkap agar recruiter dapat mengundangmu.
  470 |                   </p>
> 471 |                 </Link href="/candidate/cv">
      |                        ^^^^
  472 |                 </CardContent>
  473 |               </Card>
  474 |             ) : (

Parsing ecmascript source code failed @ http://localhost:3000/_next/static/chunks/node_modules_next_dist_1e8vcs8._.js:1052
[ 1024896ms] [ERROR] ./src/app/candidate/page.tsx:471:24
Error: Expected '</', got 'ident'
  469 |                     Pastikan statusmu "Open to Work" dan CV terisi lengkap agar recruiter dapat mengundangmu.
  470 |                   </p>
> 471 |                 </Link href="/candidate/cv">
      |                        ^^^^
  472 |                 </CardContent>
  473 |               </Card>
  474 |             ) : (

Parsing ecmascript source code failed @ http://localhost:3000/_next/static/chunks/node_modules_next_dist_1e8vcs8._.js:1052
[ 1024959ms] [ERROR] ./src/app/candidate/page.tsx:471:24
Error: Expected '</', got 'ident'
  469 |                     Pastikan statusmu "Open to Work" dan CV terisi lengkap agar recruiter dapat mengundangmu.
  470 |                   </p>
> 471 |                 </Link href="/candidate/cv">
      |                        ^^^^
  472 |                 </CardContent>
  473 |               </Card>
  474 |             ) : (

Parsing ecmascript source code failed @ http://localhost:3000/_next/static/chunks/node_modules_next_dist_1e8vcs8._.js:1052
[ 1025021ms] [ERROR] ./src/app/candidate/page.tsx:471:24
Error: Expected '</', got 'ident'
  469 |                     Pastikan statusmu "Open to Work" dan CV terisi lengkap agar recruiter dapat mengundangmu.
  470 |                   </p>
> 471 |                 </Link href="/candidate/cv">
      |                        ^^^^
  472 |                 </CardContent>
  473 |               </Card>
  474 |             ) : (

Parsing ecmascript source code failed @ http://localhost:3000/_next/static/chunks/node_modules_next_dist_1e8vcs8._.js:1052
[ 1025084ms] [ERROR] ./src/app/candidate/page.tsx:471:24
Error: Expected '</', got 'ident'
  469 |                     Pastikan statusmu "Open to Work" dan CV terisi lengkap agar recruiter dapat mengundangmu.
  470 |                   </p>
> 471 |                 </Link href="/candidate/cv">
      |                        ^^^^
  472 |                 </CardContent>
  473 |               </Card>
  474 |             ) : (

Parsing ecmascript source code failed @ http://localhost:3000/_next/static/chunks/node_modules_next_dist_1e8vcs8._.js:1052
[ 1025145ms] [ERROR] ./src/app/candidate/page.tsx:471:24
Error: Expected '</', got 'ident'
  469 |                     Pastikan statusmu "Open to Work" dan CV terisi lengkap agar recruiter dapat mengundangmu.
  470 |                   </p>
> 471 |                 </Link href="/candidate/cv">
      |                        ^^^^
  472 |                 </CardContent>
  473 |               </Card>
  474 |             ) : (

Parsing ecmascript source code failed @ http://localhost:3000/_next/static/chunks/node_modules_next_dist_1e8vcs8._.js:1052
[ 1025208ms] [ERROR] ./src/app/candidate/page.tsx:471:24
Error: Expected '</', got 'ident'
  469 |                     Pastikan statusmu "Open to Work" dan CV terisi lengkap agar recruiter dapat mengundangmu.
  470 |                   </p>
> 471 |                 </Link href="/candidate/cv">
      |                        ^^^^
  472 |                 </CardContent>
  473 |               </Card>
  474 |             ) : (

Parsing ecmascript source code failed @ http://localhost:3000/_next/static/chunks/node_modules_next_dist_1e8vcs8._.js:1052
[ 1025271ms] [ERROR] ./src/app/candidate/page.tsx:471:24
Error: Expected '</', got 'ident'
  469 |                     Pastikan statusmu "Open to Work" dan CV terisi lengkap agar recruiter dapat mengundangmu.
  470 |                   </p>
> 471 |                 </Link href="/candidate/cv">
      |                        ^^^^
  472 |                 </CardContent>
  473 |               </Card>
  474 |             ) : (

Parsing ecmascript source code failed @ http://localhost:3000/_next/static/chunks/node_modules_next_dist_1e8vcs8._.js:1052
[ 1025333ms] [ERROR] ./src/app/candidate/page.tsx:471:24
Error: Expected '</', got 'ident'
  469 |                     Pastikan statusmu "Open to Work" dan CV terisi lengkap agar recruiter dapat mengundangmu.
  470 |                   </p>
> 471 |                 </Link href="/candidate/cv">
      |                        ^^^^
  472 |                 </CardContent>
  473 |               </Card>
  474 |             ) : (

Parsing ecmascript source code failed @ http://localhost:3000/_next/static/chunks/node_modules_next_dist_1e8vcs8._.js:1052
[ 1025395ms] [ERROR] ./src/app/candidate/page.tsx:471:24
Error: Expected '</', got 'ident'
  469 |                     Pastikan statusmu "Open to Work" dan CV terisi lengkap agar recruiter dapat mengundangmu.
  470 |                   </p>
> 471 |                 </Link href="/candidate/cv">
      |                        ^^^^
  472 |                 </CardContent>
  473 |               </Card>
  474 |             ) : (

Parsing ecmascript source code failed @ http://localhost:3000/_next/static/chunks/node_modules_next_dist_1e8vcs8._.js:1052
[ 1025456ms] [ERROR] ./src/app/candidate/page.tsx:471:24
Error: Expected '</', got 'ident'
  469 |                     Pastikan statusmu "Open to Work" dan CV terisi lengkap agar recruiter dapat mengundangmu.
  470 |                   </p>
> 471 |                 </Link href="/candidate/cv">
      |                        ^^^^
  472 |                 </CardContent>
  473 |               </Card>
  474 |             ) : (

Parsing ecmascript source code failed @ http://localhost:3000/_next/static/chunks/node_modules_next_dist_1e8vcs8._.js:1052
[ 1025518ms] [ERROR] ./src/app/candidate/page.tsx:471:24
Error: Expected '</', got 'ident'
  469 |                     Pastikan statusmu "Open to Work" dan CV terisi lengkap agar recruiter dapat mengundangmu.
  470 |                   </p>
> 471 |                 </Link href="/candidate/cv">
      |                        ^^^^
  472 |                 </CardContent>
  473 |               </Card>
  474 |             ) : (

Parsing ecmascript source code failed @ http://localhost:3000/_next/static/chunks/node_modules_next_dist_1e8vcs8._.js:1052
[ 1025580ms] [ERROR] ./src/app/candidate/page.tsx:471:24
Error: Expected '</', got 'ident'
  469 |                     Pastikan statusmu "Open to Work" dan CV terisi lengkap agar recruiter dapat mengundangmu.
  470 |                   </p>
> 471 |                 </Link href="/candidate/cv">
      |                        ^^^^
  472 |                 </CardContent>
  473 |               </Card>
  474 |             ) : (

Parsing ecmascript source code failed @ http://localhost:3000/_next/static/chunks/node_modules_next_dist_1e8vcs8._.js:1052
[ 1025642ms] [ERROR] ./src/app/candidate/page.tsx:471:24
Error: Expected '</', got 'ident'
  469 |                     Pastikan statusmu "Open to Work" dan CV terisi lengkap agar recruiter dapat mengundangmu.
  470 |                   </p>
> 471 |                 </Link href="/candidate/cv">
      |                        ^^^^
  472 |                 </CardContent>
  473 |               </Card>
  474 |             ) : (

Parsing ecmascript source code failed @ http://localhost:3000/_next/static/chunks/node_modules_next_dist_1e8vcs8._.js:1052
[ 1025703ms] [ERROR] ./src/app/candidate/page.tsx:471:24
Error: Expected '</', got 'ident'
  469 |                     Pastikan statusmu "Open to Work" dan CV terisi lengkap agar recruiter dapat mengundangmu.
  470 |                   </p>
> 471 |                 </Link href="/candidate/cv">
      |                        ^^^^
  472 |                 </CardContent>
  473 |               </Card>
  474 |             ) : (

Parsing ecmascript source code failed @ http://localhost:3000/_next/static/chunks/node_modules_next_dist_1e8vcs8._.js:1052
[ 1025765ms] [ERROR] ./src/app/candidate/page.tsx:471:24
Error: Expected '</', got 'ident'
  469 |                     Pastikan statusmu "Open to Work" dan CV terisi lengkap agar recruiter dapat mengundangmu.
  470 |                   </p>
> 471 |                 </Link href="/candidate/cv">
      |                        ^^^^
  472 |                 </CardContent>
  473 |               </Card>
  474 |             ) : (

Parsing ecmascript source code failed @ http://localhost:3000/_next/static/chunks/node_modules_next_dist_1e8vcs8._.js:1052
[ 1025827ms] [ERROR] ./src/app/candidate/page.tsx:471:24
Error: Expected '</', got 'ident'
  469 |                     Pastikan statusmu "Open to Work" dan CV terisi lengkap agar recruiter dapat mengundangmu.
  470 |                   </p>
> 471 |                 </Link href="/candidate/cv">
      |                        ^^^^
  472 |                 </CardContent>
  473 |               </Card>
  474 |             ) : (

Parsing ecmascript source code failed @ http://localhost:3000/_next/static/chunks/node_modules_next_dist_1e8vcs8._.js:1052
[ 1025888ms] [ERROR] ./src/app/candidate/page.tsx:471:24
Error: Expected '</', got 'ident'
  469 |                     Pastikan statusmu "Open to Work" dan CV terisi lengkap agar recruiter dapat mengundangmu.
  470 |                   </p>
> 471 |                 </Link href="/candidate/cv">
      |                        ^^^^
  472 |                 </CardContent>
  473 |               </Card>
  474 |             ) : (

Parsing ecmascript source code failed @ http://localhost:3000/_next/static/chunks/node_modules_next_dist_1e8vcs8._.js:1052
[ 1025951ms] [ERROR] ./src/app/candidate/page.tsx:471:24
Error: Expected '</', got 'ident'
  469 |                     Pastikan statusmu "Open to Work" dan CV terisi lengkap agar recruiter dapat mengundangmu.
  470 |                   </p>
> 471 |                 </Link href="/candidate/cv">
      |                        ^^^^
  472 |                 </CardContent>
  473 |               </Card>
  474 |             ) : (

Parsing ecmascript source code failed @ http://localhost:3000/_next/static/chunks/node_modules_next_dist_1e8vcs8._.js:1052
[ 1026012ms] [ERROR] ./src/app/candidate/page.tsx:471:24
Error: Expected '</', got 'ident'
  469 |                     Pastikan statusmu "Open to Work" dan CV terisi lengkap agar recruiter dapat mengundangmu.
  470 |                   </p>
> 471 |                 </Link href="/candidate/cv">
      |                        ^^^^
  472 |                 </CardContent>
  473 |               </Card>
  474 |             ) : (

Parsing ecmascript source code failed @ http://localhost:3000/_next/static/chunks/node_modules_next_dist_1e8vcs8._.js:1052
[ 1026074ms] [ERROR] ./src/app/candidate/page.tsx:471:24
Error: Expected '</', got 'ident'
  469 |                     Pastikan statusmu "Open to Work" dan CV terisi lengkap agar recruiter dapat mengundangmu.
  470 |                   </p>
> 471 |                 </Link href="/candidate/cv">
      |                        ^^^^
  472 |                 </CardContent>
  473 |               </Card>
  474 |             ) : (

Parsing ecmascript source code failed @ http://localhost:3000/_next/static/chunks/node_modules_next_dist_1e8vcs8._.js:1052
[ 1026136ms] [ERROR] ./src/app/candidate/page.tsx:471:24
Error: Expected '</', got 'ident'
  469 |                     Pastikan statusmu "Open to Work" dan CV terisi lengkap agar recruiter dapat mengundangmu.
  470 |                   </p>
> 471 |                 </Link href="/candidate/cv">
      |                        ^^^^
  472 |                 </CardContent>
  473 |               </Card>
  474 |             ) : (

Parsing ecmascript source code failed @ http://localhost:3000/_next/static/chunks/node_modules_next_dist_1e8vcs8._.js:1052
[ 1026197ms] [ERROR] ./src/app/candidate/page.tsx:471:24
Error: Expected '</', got 'ident'
  469 |                     Pastikan statusmu "Open to Work" dan CV terisi lengkap agar recruiter dapat mengundangmu.
  470 |                   </p>
> 471 |                 </Link href="/candidate/cv">
      |                        ^^^^
  472 |                 </CardContent>
  473 |               </Card>
  474 |             ) : (

Parsing ecmascript source code failed @ http://localhost:3000/_next/static/chunks/node_modules_next_dist_1e8vcs8._.js:1052
[ 1026260ms] [ERROR] ./src/app/candidate/page.tsx:471:24
Error: Expected '</', got 'ident'
  469 |                     Pastikan statusmu "Open to Work" dan CV terisi lengkap agar recruiter dapat mengundangmu.
  470 |                   </p>
> 471 |                 </Link href="/candidate/cv">
      |                        ^^^^
  472 |                 </CardContent>
  473 |               </Card>
  474 |             ) : (

Parsing ecmascript source code failed @ http://localhost:3000/_next/static/chunks/node_modules_next_dist_1e8vcs8._.js:1052
[ 1026322ms] [ERROR] ./src/app/candidate/page.tsx:471:24
Error: Expected '</', got 'ident'
  469 |                     Pastikan statusmu "Open to Work" dan CV terisi lengkap agar recruiter dapat mengundangmu.
  470 |                   </p>
> 471 |                 </Link href="/candidate/cv">
      |                        ^^^^
  472 |                 </CardContent>
  473 |               </Card>
  474 |             ) : (

Parsing ecmascript source code failed @ http://localhost:3000/_next/static/chunks/node_modules_next_dist_1e8vcs8._.js:1052
[ 1026384ms] [ERROR] ./src/app/candidate/page.tsx:471:24
Error: Expected '</', got 'ident'
  469 |                     Pastikan statusmu "Open to Work" dan CV terisi lengkap agar recruiter dapat mengundangmu.
  470 |                   </p>
> 471 |                 </Link href="/candidate/cv">
      |                        ^^^^
  472 |                 </CardContent>
  473 |               </Card>
  474 |             ) : (

Parsing ecmascript source code failed @ http://localhost:3000/_next/static/chunks/node_modules_next_dist_1e8vcs8._.js:1052
[ 1026446ms] [ERROR] ./src/app/candidate/page.tsx:471:24
Error: Expected '</', got 'ident'
  469 |                     Pastikan statusmu "Open to Work" dan CV terisi lengkap agar recruiter dapat mengundangmu.
  470 |                   </p>
> 471 |                 </Link href="/candidate/cv">
      |                        ^^^^
  472 |                 </CardContent>
  473 |               </Card>
  474 |             ) : (

Parsing ecmascript source code failed @ http://localhost:3000/_next/static/chunks/node_modules_next_dist_1e8vcs8._.js:1052
[ 1026507ms] [ERROR] ./src/app/candidate/page.tsx:471:24
Error: Expected '</', got 'ident'
  469 |                     Pastikan statusmu "Open to Work" dan CV terisi lengkap agar recruiter dapat mengundangmu.
  470 |                   </p>
> 471 |                 </Link href="/candidate/cv">
      |                        ^^^^
  472 |                 </CardContent>
  473 |               </Card>
  474 |             ) : (

Parsing ecmascript source code failed @ http://localhost:3000/_next/static/chunks/node_modules_next_dist_1e8vcs8._.js:1052
[ 1026568ms] [ERROR] ./src/app/candidate/page.tsx:471:24
Error: Expected '</', got 'ident'
  469 |                     Pastikan statusmu "Open to Work" dan CV terisi lengkap agar recruiter dapat mengundangmu.
  470 |                   </p>
> 471 |                 </Link href="/candidate/cv">
      |                        ^^^^
  472 |                 </CardContent>
  473 |               </Card>
  474 |             ) : (

Parsing ecmascript source code failed @ http://localhost:3000/_next/static/chunks/node_modules_next_dist_1e8vcs8._.js:1052
[ 1026630ms] [ERROR] ./src/app/candidate/page.tsx:471:24
Error: Expected '</', got 'ident'
  469 |                     Pastikan statusmu "Open to Work" dan CV terisi lengkap agar recruiter dapat mengundangmu.
  470 |                   </p>
> 471 |                 </Link href="/candidate/cv">
      |                        ^^^^
  472 |                 </CardContent>
  473 |               </Card>
  474 |             ) : (

Parsing ecmascript source code failed @ http://localhost:3000/_next/static/chunks/node_modules_next_dist_1e8vcs8._.js:1052
[ 1026692ms] [ERROR] ./src/app/candidate/page.tsx:471:24
Error: Expected '</', got 'ident'
  469 |                     Pastikan statusmu "Open to Work" dan CV terisi lengkap agar recruiter dapat mengundangmu.
  470 |                   </p>
> 471 |                 </Link href="/candidate/cv">
      |                        ^^^^
  472 |                 </CardContent>
  473 |               </Card>
  474 |             ) : (

Parsing ecmascript source code failed @ http://localhost:3000/_next/static/chunks/node_modules_next_dist_1e8vcs8._.js:1052
[ 1026895ms] [ERROR] ./src/app/candidate/page.tsx:471:24
Error: Expected '</', got 'ident'
  469 |                     Pastikan statusmu "Open to Work" dan CV terisi lengkap agar recruiter dapat mengundangmu.
  470 |                   </p>
> 471 |                 </Link href="/candidate/cv">
      |                        ^^^^
  472 |                 </CardContent>
  473 |               </Card>
  474 |             ) : (

Parsing ecmascript source code failed @ http://localhost:3000/_next/static/chunks/node_modules_next_dist_1e8vcs8._.js:1052
[ 1026973ms] [ERROR] ./src/app/candidate/page.tsx:471:24
Error: Expected '</', got 'ident'
  469 |                     Pastikan statusmu "Open to Work" dan CV terisi lengkap agar recruiter dapat mengundangmu.
  470 |                   </p>
> 471 |                 </Link href="/candidate/cv">
      |                        ^^^^
  472 |                 </CardContent>
  473 |               </Card>
  474 |             ) : (

Parsing ecmascript source code failed @ http://localhost:3000/_next/static/chunks/node_modules_next_dist_1e8vcs8._.js:1052
[ 1027051ms] [ERROR] ./src/app/candidate/page.tsx:471:24
Error: Expected '</', got 'ident'
  469 |                     Pastikan statusmu "Open to Work" dan CV terisi lengkap agar recruiter dapat mengundangmu.
  470 |                   </p>
> 471 |                 </Link href="/candidate/cv">
      |                        ^^^^
  472 |                 </CardContent>
  473 |               </Card>
  474 |             ) : (

Parsing ecmascript source code failed @ http://localhost:3000/_next/static/chunks/node_modules_next_dist_1e8vcs8._.js:1052
[ 1027130ms] [ERROR] ./src/app/candidate/page.tsx:471:24
Error: Expected '</', got 'ident'
  469 |                     Pastikan statusmu "Open to Work" dan CV terisi lengkap agar recruiter dapat mengundangmu.
  470 |                   </p>
> 471 |                 </Link href="/candidate/cv">
      |                        ^^^^
  472 |                 </CardContent>
  473 |               </Card>
  474 |             ) : (

Parsing ecmascript source code failed @ http://localhost:3000/_next/static/chunks/node_modules_next_dist_1e8vcs8._.js:1052
[ 1027204ms] [ERROR] ./src/app/candidate/page.tsx:471:24
Error: Expected '</', got 'ident'
  469 |                     Pastikan statusmu "Open to Work" dan CV terisi lengkap agar recruiter dapat mengundangmu.
  470 |                   </p>
> 471 |                 </Link href="/candidate/cv">
      |                        ^^^^
  472 |                 </CardContent>
  473 |               </Card>
  474 |             ) : (

Parsing ecmascript source code failed @ http://localhost:3000/_next/static/chunks/node_modules_next_dist_1e8vcs8._.js:1052
[ 1027266ms] [ERROR] ./src/app/candidate/page.tsx:471:24
Error: Expected '</', got 'ident'
  469 |                     Pastikan statusmu "Open to Work" dan CV terisi lengkap agar recruiter dapat mengundangmu.
  470 |                   </p>
> 471 |                 </Link href="/candidate/cv">
      |                        ^^^^
  472 |                 </CardContent>
  473 |               </Card>
  474 |             ) : (

Parsing ecmascript source code failed @ http://localhost:3000/_next/static/chunks/node_modules_next_dist_1e8vcs8._.js:1052
[ 1027343ms] [ERROR] ./src/app/candidate/page.tsx:471:24
Error: Expected '</', got 'ident'
  469 |                     Pastikan statusmu "Open to Work" dan CV terisi lengkap agar recruiter dapat mengundangmu.
  470 |                   </p>
> 471 |                 </Link href="/candidate/cv">
      |                        ^^^^
  472 |                 </CardContent>
  473 |               </Card>
  474 |             ) : (

Parsing ecmascript source code failed @ http://localhost:3000/_next/static/chunks/node_modules_next_dist_1e8vcs8._.js:1052
[ 1027406ms] [ERROR] ./src/app/candidate/page.tsx:471:24
Error: Expected '</', got 'ident'
  469 |                     Pastikan statusmu "Open to Work" dan CV terisi lengkap agar recruiter dapat mengundangmu.
  470 |                   </p>
> 471 |                 </Link href="/candidate/cv">
      |                        ^^^^
  472 |                 </CardContent>
  473 |               </Card>
  474 |             ) : (

Parsing ecmascript source code failed @ http://localhost:3000/_next/static/chunks/node_modules_next_dist_1e8vcs8._.js:1052
[ 1027468ms] [ERROR] ./src/app/candidate/page.tsx:471:24
Error: Expected '</', got 'ident'
  469 |                     Pastikan statusmu "Open to Work" dan CV terisi lengkap agar recruiter dapat mengundangmu.
  470 |                   </p>
> 471 |                 </Link href="/candidate/cv">
      |                        ^^^^
  472 |                 </CardContent>
  473 |               </Card>
  474 |             ) : (

Parsing ecmascript source code failed @ http://localhost:3000/_next/static/chunks/node_modules_next_dist_1e8vcs8._.js:1052
[ 1027530ms] [ERROR] ./src/app/candidate/page.tsx:471:24
Error: Expected '</', got 'ident'
  469 |                     Pastikan statusmu "Open to Work" dan CV terisi lengkap agar recruiter dapat mengundangmu.
  470 |                   </p>
> 471 |                 </Link href="/candidate/cv">
      |                        ^^^^
  472 |                 </CardContent>
  473 |               </Card>
  474 |             ) : (

Parsing ecmascript source code failed @ http://localhost:3000/_next/static/chunks/node_modules_next_dist_1e8vcs8._.js:1052
[ 1027593ms] [ERROR] ./src/app/candidate/page.tsx:471:24
Error: Expected '</', got 'ident'
  469 |                     Pastikan statusmu "Open to Work" dan CV terisi lengkap agar recruiter dapat mengundangmu.
  470 |                   </p>
> 471 |                 </Link href="/candidate/cv">
      |                        ^^^^
  472 |                 </CardContent>
  473 |               </Card>
  474 |             ) : (

Parsing ecmascript source code failed @ http://localhost:3000/_next/static/chunks/node_modules_next_dist_1e8vcs8._.js:1052
[ 1027670ms] [ERROR] ./src/app/candidate/page.tsx:471:24
Error: Expected '</', got 'ident'
  469 |                     Pastikan statusmu "Open to Work" dan CV terisi lengkap agar recruiter dapat mengundangmu.
  470 |                   </p>
> 471 |                 </Link href="/candidate/cv">
      |                        ^^^^
  472 |                 </CardContent>
  473 |               </Card>
  474 |             ) : (

Parsing ecmascript source code failed @ http://localhost:3000/_next/static/chunks/node_modules_next_dist_1e8vcs8._.js:1052
[ 1027732ms] [ERROR] ./src/app/candidate/page.tsx:471:24
Error: Expected '</', got 'ident'
  469 |                     Pastikan statusmu "Open to Work" dan CV terisi lengkap agar recruiter dapat mengundangmu.
  470 |                   </p>
> 471 |                 </Link href="/candidate/cv">
      |                        ^^^^
  472 |                 </CardContent>
  473 |               </Card>
  474 |             ) : (

Parsing ecmascript source code failed @ http://localhost:3000/_next/static/chunks/node_modules_next_dist_1e8vcs8._.js:1052
[ 1027794ms] [ERROR] ./src/app/candidate/page.tsx:471:24
Error: Expected '</', got 'ident'
  469 |                     Pastikan statusmu "Open to Work" dan CV terisi lengkap agar recruiter dapat mengundangmu.
  470 |                   </p>
> 471 |                 </Link href="/candidate/cv">
      |                        ^^^^
  472 |                 </CardContent>
  473 |               </Card>
  474 |             ) : (

Parsing ecmascript source code failed @ http://localhost:3000/_next/static/chunks/node_modules_next_dist_1e8vcs8._.js:1052
[ 1027857ms] [ERROR] ./src/app/candidate/page.tsx:471:24
Error: Expected '</', got 'ident'
  469 |                     Pastikan statusmu "Open to Work" dan CV terisi lengkap agar recruiter dapat mengundangmu.
  470 |                   </p>
> 471 |                 </Link href="/candidate/cv">
      |                        ^^^^
  472 |                 </CardContent>
  473 |               </Card>
  474 |             ) : (

Parsing ecmascript source code failed @ http://localhost:3000/_next/static/chunks/node_modules_next_dist_1e8vcs8._.js:1052
[ 1027919ms] [ERROR] ./src/app/candidate/page.tsx:471:24
Error: Expected '</', got 'ident'
  469 |                     Pastikan statusmu "Open to Work" dan CV terisi lengkap agar recruiter dapat mengundangmu.
  470 |                   </p>
> 471 |                 </Link href="/candidate/cv">
      |                        ^^^^
  472 |                 </CardContent>
  473 |               </Card>
  474 |             ) : (

Parsing ecmascript source code failed @ http://localhost:3000/_next/static/chunks/node_modules_next_dist_1e8vcs8._.js:1052
[ 1027981ms] [ERROR] ./src/app/candidate/page.tsx:471:24
Error: Expected '</', got 'ident'
  469 |                     Pastikan statusmu "Open to Work" dan CV terisi lengkap agar recruiter dapat mengundangmu.
  470 |                   </p>
> 471 |                 </Link href="/candidate/cv">
      |                        ^^^^
  472 |                 </CardContent>
  473 |               </Card>
  474 |             ) : (

Parsing ecmascript source code failed @ http://localhost:3000/_next/static/chunks/node_modules_next_dist_1e8vcs8._.js:1052
[ 1028044ms] [ERROR] ./src/app/candidate/page.tsx:471:24
Error: Expected '</', got 'ident'
  469 |                     Pastikan statusmu "Open to Work" dan CV terisi lengkap agar recruiter dapat mengundangmu.
  470 |                   </p>
> 471 |                 </Link href="/candidate/cv">
      |                        ^^^^
  472 |                 </CardContent>
  473 |               </Card>
  474 |             ) : (

Parsing ecmascript source code failed @ http://localhost:3000/_next/static/chunks/node_modules_next_dist_1e8vcs8._.js:1052
[ 1028107ms] [ERROR] ./src/app/candidate/page.tsx:471:24
Error: Expected '</', got 'ident'
  469 |                     Pastikan statusmu "Open to Work" dan CV terisi lengkap agar recruiter dapat mengundangmu.
  470 |                   </p>
> 471 |                 </Link href="/candidate/cv">
      |                        ^^^^
  472 |                 </CardContent>
  473 |               </Card>
  474 |             ) : (

Parsing ecmascript source code failed @ http://localhost:3000/_next/static/chunks/node_modules_next_dist_1e8vcs8._.js:1052
[ 1028293ms] [ERROR] ./src/app/candidate/page.tsx:471:24
Error: Expected '</', got 'ident'
  469 |                     Pastikan statusmu "Open to Work" dan CV terisi lengkap agar recruiter dapat mengundangmu.
  470 |                   </p>
> 471 |                 </Link href="/candidate/cv">
      |                        ^^^^
  472 |                 </CardContent>
  473 |               </Card>
  474 |             ) : (

Parsing ecmascript source code failed @ http://localhost:3000/_next/static/chunks/node_modules_next_dist_1e8vcs8._.js:1052
[ 1028354ms] [ERROR] ./src/app/candidate/page.tsx:471:24
Error: Expected '</', got 'ident'
  469 |                     Pastikan statusmu "Open to Work" dan CV terisi lengkap agar recruiter dapat mengundangmu.
  470 |                   </p>
> 471 |                 </Link href="/candidate/cv">
      |                        ^^^^
  472 |                 </CardContent>
  473 |               </Card>
  474 |             ) : (

Parsing ecmascript source code failed @ http://localhost:3000/_next/static/chunks/node_modules_next_dist_1e8vcs8._.js:1052
[ 1028416ms] [ERROR] ./src/app/candidate/page.tsx:471:24
Error: Expected '</', got 'ident'
  469 |                     Pastikan statusmu "Open to Work" dan CV terisi lengkap agar recruiter dapat mengundangmu.
  470 |                   </p>
> 471 |                 </Link href="/candidate/cv">
      |                        ^^^^
  472 |                 </CardContent>
  473 |               </Card>
  474 |             ) : (

Parsing ecmascript source code failed @ http://localhost:3000/_next/static/chunks/node_modules_next_dist_1e8vcs8._.js:1052
[ 1028478ms] [ERROR] ./src/app/candidate/page.tsx:471:24
Error: Expected '</', got 'ident'
  469 |                     Pastikan statusmu "Open to Work" dan CV terisi lengkap agar recruiter dapat mengundangmu.
  470 |                   </p>
> 471 |                 </Link href="/candidate/cv">
      |                        ^^^^
  472 |                 </CardContent>
  473 |               </Card>
  474 |             ) : (

Parsing ecmascript source code failed @ http://localhost:3000/_next/static/chunks/node_modules_next_dist_1e8vcs8._.js:1052
[ 1028540ms] [ERROR] ./src/app/candidate/page.tsx:471:24
Error: Expected '</', got 'ident'
  469 |                     Pastikan statusmu "Open to Work" dan CV terisi lengkap agar recruiter dapat mengundangmu.
  470 |                   </p>
> 471 |                 </Link href="/candidate/cv">
      |                        ^^^^
  472 |                 </CardContent>
  473 |               </Card>
  474 |             ) : (

Parsing ecmascript source code failed @ http://localhost:3000/_next/static/chunks/node_modules_next_dist_1e8vcs8._.js:1052
[ 1028602ms] [ERROR] ./src/app/candidate/page.tsx:471:24
Error: Expected '</', got 'ident'
  469 |                     Pastikan statusmu "Open to Work" dan CV terisi lengkap agar recruiter dapat mengundangmu.
  470 |                   </p>
> 471 |                 </Link href="/candidate/cv">
      |                        ^^^^
  472 |                 </CardContent>
  473 |               </Card>
  474 |             ) : (

Parsing ecmascript source code failed @ http://localhost:3000/_next/static/chunks/node_modules_next_dist_1e8vcs8._.js:1052
[ 1028663ms] [ERROR] ./src/app/candidate/page.tsx:471:24
Error: Expected '</', got 'ident'
  469 |                     Pastikan statusmu "Open to Work" dan CV terisi lengkap agar recruiter dapat mengundangmu.
  470 |                   </p>
> 471 |                 </Link href="/candidate/cv">
      |                        ^^^^
  472 |                 </CardContent>
  473 |               </Card>
  474 |             ) : (

Parsing ecmascript source code failed @ http://localhost:3000/_next/static/chunks/node_modules_next_dist_1e8vcs8._.js:1052
[ 1028725ms] [ERROR] ./src/app/candidate/page.tsx:471:24
Error: Expected '</', got 'ident'
  469 |                     Pastikan statusmu "Open to Work" dan CV terisi lengkap agar recruiter dapat mengundangmu.
  470 |                   </p>
> 471 |                 </Link href="/candidate/cv">
      |                        ^^^^
  472 |                 </CardContent>
  473 |               </Card>
  474 |             ) : (

Parsing ecmascript source code failed @ http://localhost:3000/_next/static/chunks/node_modules_next_dist_1e8vcs8._.js:1052
[ 1028788ms] [ERROR] ./src/app/candidate/page.tsx:471:24
Error: Expected '</', got 'ident'
  469 |                     Pastikan statusmu "Open to Work" dan CV terisi lengkap agar recruiter dapat mengundangmu.
  470 |                   </p>
> 471 |                 </Link href="/candidate/cv">
      |                        ^^^^
  472 |                 </CardContent>
  473 |               </Card>
  474 |             ) : (

Parsing ecmascript source code failed @ http://localhost:3000/_next/static/chunks/node_modules_next_dist_1e8vcs8._.js:1052
[ 1028849ms] [ERROR] ./src/app/candidate/page.tsx:471:24
Error: Expected '</', got 'ident'
  469 |                     Pastikan statusmu "Open to Work" dan CV terisi lengkap agar recruiter dapat mengundangmu.
  470 |                   </p>
> 471 |                 </Link href="/candidate/cv">
      |                        ^^^^
  472 |                 </CardContent>
  473 |               </Card>
  474 |             ) : (

Parsing ecmascript source code failed @ http://localhost:3000/_next/static/chunks/node_modules_next_dist_1e8vcs8._.js:1052
[ 1028912ms] [ERROR] ./src/app/candidate/page.tsx:471:24
Error: Expected '</', got 'ident'
  469 |                     Pastikan statusmu "Open to Work" dan CV terisi lengkap agar recruiter dapat mengundangmu.
  470 |                   </p>
> 471 |                 </Link href="/candidate/cv">
      |                        ^^^^
  472 |                 </CardContent>
  473 |               </Card>
  474 |             ) : (

Parsing ecmascript source code failed @ http://localhost:3000/_next/static/chunks/node_modules_next_dist_1e8vcs8._.js:1052
[ 1028974ms] [ERROR] ./src/app/candidate/page.tsx:471:24
Error: Expected '</', got 'ident'
  469 |                     Pastikan statusmu "Open to Work" dan CV terisi lengkap agar recruiter dapat mengundangmu.
  470 |                   </p>
> 471 |                 </Link href="/candidate/cv">
      |                        ^^^^
  472 |                 </CardContent>
  473 |               </Card>
  474 |             ) : (

Parsing ecmascript source code failed @ http://localhost:3000/_next/static/chunks/node_modules_next_dist_1e8vcs8._.js:1052
[ 1029037ms] [ERROR] ./src/app/candidate/page.tsx:471:24
Error: Expected '</', got 'ident'
  469 |                     Pastikan statusmu "Open to Work" dan CV terisi lengkap agar recruiter dapat mengundangmu.
  470 |                   </p>
> 471 |                 </Link href="/candidate/cv">
      |                        ^^^^
  472 |                 </CardContent>
  473 |               </Card>
  474 |             ) : (

Parsing ecmascript source code failed @ http://localhost:3000/_next/static/chunks/node_modules_next_dist_1e8vcs8._.js:1052
[ 1029099ms] [ERROR] ./src/app/candidate/page.tsx:471:24
Error: Expected '</', got 'ident'
  469 |                     Pastikan statusmu "Open to Work" dan CV terisi lengkap agar recruiter dapat mengundangmu.
  470 |                   </p>
> 471 |                 </Link href="/candidate/cv">
      |                        ^^^^
  472 |                 </CardContent>
  473 |               </Card>
  474 |             ) : (

Parsing ecmascript source code failed @ http://localhost:3000/_next/static/chunks/node_modules_next_dist_1e8vcs8._.js:1052
[ 1029161ms] [ERROR] ./src/app/candidate/page.tsx:471:24
Error: Expected '</', got 'ident'
  469 |                     Pastikan statusmu "Open to Work" dan CV terisi lengkap agar recruiter dapat mengundangmu.
  470 |                   </p>
> 471 |                 </Link href="/candidate/cv">
      |                        ^^^^
  472 |                 </CardContent>
  473 |               </Card>
  474 |             ) : (

Parsing ecmascript source code failed @ http://localhost:3000/_next/static/chunks/node_modules_next_dist_1e8vcs8._.js:1052
[ 1029222ms] [ERROR] ./src/app/candidate/page.tsx:471:24
Error: Expected '</', got 'ident'
  469 |                     Pastikan statusmu "Open to Work" dan CV terisi lengkap agar recruiter dapat mengundangmu.
  470 |                   </p>
> 471 |                 </Link href="/candidate/cv">
      |                        ^^^^
  472 |                 </CardContent>
  473 |               </Card>
  474 |             ) : (

Parsing ecmascript source code failed @ http://localhost:3000/_next/static/chunks/node_modules_next_dist_1e8vcs8._.js:1052
[ 1029284ms] [ERROR] ./src/app/candidate/page.tsx:471:24
Error: Expected '</', got 'ident'
  469 |                     Pastikan statusmu "Open to Work" dan CV terisi lengkap agar recruiter dapat mengundangmu.
  470 |                   </p>
> 471 |                 </Link href="/candidate/cv">
      |                        ^^^^
  472 |                 </CardContent>
  473 |               </Card>
  474 |             ) : (

Parsing ecmascript source code failed @ http://localhost:3000/_next/static/chunks/node_modules_next_dist_1e8vcs8._.js:1052
[ 1029346ms] [ERROR] ./src/app/candidate/page.tsx:471:24
Error: Expected '</', got 'ident'
  469 |                     Pastikan statusmu "Open to Work" dan CV terisi lengkap agar recruiter dapat mengundangmu.
  470 |                   </p>
> 471 |                 </Link href="/candidate/cv">
      |                        ^^^^
  472 |                 </CardContent>
  473 |               </Card>
  474 |             ) : (

Parsing ecmascript source code failed @ http://localhost:3000/_next/static/chunks/node_modules_next_dist_1e8vcs8._.js:1052
[ 1029409ms] [ERROR] ./src/app/candidate/page.tsx:471:24
Error: Expected '</', got 'ident'
  469 |                     Pastikan statusmu "Open to Work" dan CV terisi lengkap agar recruiter dapat mengundangmu.
  470 |                   </p>
> 471 |                 </Link href="/candidate/cv">
      |                        ^^^^
  472 |                 </CardContent>
  473 |               </Card>
  474 |             ) : (

Parsing ecmascript source code failed @ http://localhost:3000/_next/static/chunks/node_modules_next_dist_1e8vcs8._.js:1052
[ 1029472ms] [ERROR] ./src/app/candidate/page.tsx:471:24
Error: Expected '</', got 'ident'
  469 |                     Pastikan statusmu "Open to Work" dan CV terisi lengkap agar recruiter dapat mengundangmu.
  470 |                   </p>
> 471 |                 </Link href="/candidate/cv">
      |                        ^^^^
  472 |                 </CardContent>
  473 |               </Card>
  474 |             ) : (

Parsing ecmascript source code failed @ http://localhost:3000/_next/static/chunks/node_modules_next_dist_1e8vcs8._.js:1052
[ 1029533ms] [ERROR] ./src/app/candidate/page.tsx:471:24
Error: Expected '</', got 'ident'
  469 |                     Pastikan statusmu "Open to Work" dan CV terisi lengkap agar recruiter dapat mengundangmu.
  470 |                   </p>
> 471 |                 </Link href="/candidate/cv">
      |                        ^^^^
  472 |                 </CardContent>
  473 |               </Card>
  474 |             ) : (

Parsing ecmascript source code failed @ http://localhost:3000/_next/static/chunks/node_modules_next_dist_1e8vcs8._.js:1052
[ 1029596ms] [ERROR] ./src/app/candidate/page.tsx:471:24
Error: Expected '</', got 'ident'
  469 |                     Pastikan statusmu "Open to Work" dan CV terisi lengkap agar recruiter dapat mengundangmu.
  470 |                   </p>
> 471 |                 </Link href="/candidate/cv">
      |                        ^^^^
  472 |                 </CardContent>
  473 |               </Card>
  474 |             ) : (

Parsing ecmascript source code failed @ http://localhost:3000/_next/static/chunks/node_modules_next_dist_1e8vcs8._.js:1052
[ 1029658ms] [ERROR] ./src/app/candidate/page.tsx:471:24
Error: Expected '</', got 'ident'
  469 |                     Pastikan statusmu "Open to Work" dan CV terisi lengkap agar recruiter dapat mengundangmu.
  470 |                   </p>
> 471 |                 </Link href="/candidate/cv">
      |                        ^^^^
  472 |                 </CardContent>
  473 |               </Card>
  474 |             ) : (

Parsing ecmascript source code failed @ http://localhost:3000/_next/static/chunks/node_modules_next_dist_1e8vcs8._.js:1052
[ 1029720ms] [ERROR] ./src/app/candidate/page.tsx:471:24
Error: Expected '</', got 'ident'
  469 |                     Pastikan statusmu "Open to Work" dan CV terisi lengkap agar recruiter dapat mengundangmu.
  470 |                   </p>
> 471 |                 </Link href="/candidate/cv">
      |                        ^^^^
  472 |                 </CardContent>
  473 |               </Card>
  474 |             ) : (

Parsing ecmascript source code failed @ http://localhost:3000/_next/static/chunks/node_modules_next_dist_1e8vcs8._.js:1052
[ 1029782ms] [ERROR] ./src/app/candidate/page.tsx:471:24
Error: Expected '</', got 'ident'
  469 |                     Pastikan statusmu "Open to Work" dan CV terisi lengkap agar recruiter dapat mengundangmu.
  470 |                   </p>
> 471 |                 </Link href="/candidate/cv">
      |                        ^^^^
  472 |                 </CardContent>
  473 |               </Card>
  474 |             ) : (

Parsing ecmascript source code failed @ http://localhost:3000/_next/static/chunks/node_modules_next_dist_1e8vcs8._.js:1052
[ 1029844ms] [ERROR] ./src/app/candidate/page.tsx:471:24
Error: Expected '</', got 'ident'
  469 |                     Pastikan statusmu "Open to Work" dan CV terisi lengkap agar recruiter dapat mengundangmu.
  470 |                   </p>
> 471 |                 </Link href="/candidate/cv">
      |                        ^^^^
  472 |                 </CardContent>
  473 |               </Card>
  474 |             ) : (

Parsing ecmascript source code failed @ http://localhost:3000/_next/static/chunks/node_modules_next_dist_1e8vcs8._.js:1052
[ 1029905ms] [ERROR] ./src/app/candidate/page.tsx:471:24
Error: Expected '</', got 'ident'
  469 |                     Pastikan statusmu "Open to Work" dan CV terisi lengkap agar recruiter dapat mengundangmu.
  470 |                   </p>
> 471 |                 </Link href="/candidate/cv">
      |                        ^^^^
  472 |                 </CardContent>
  473 |               </Card>
  474 |             ) : (

Parsing ecmascript source code failed @ http://localhost:3000/_next/static/chunks/node_modules_next_dist_1e8vcs8._.js:1052
[ 1029968ms] [ERROR] ./src/app/candidate/page.tsx:471:24
Error: Expected '</', got 'ident'
  469 |                     Pastikan statusmu "Open to Work" dan CV terisi lengkap agar recruiter dapat mengundangmu.
  470 |                   </p>
> 471 |                 </Link href="/candidate/cv">
      |                        ^^^^
  472 |                 </CardContent>
  473 |               </Card>
  474 |             ) : (

Parsing ecmascript source code failed @ http://localhost:3000/_next/static/chunks/node_modules_next_dist_1e8vcs8._.js:1052
[ 1030030ms] [ERROR] ./src/app/candidate/page.tsx:471:24
Error: Expected '</', got 'ident'
  469 |                     Pastikan statusmu "Open to Work" dan CV terisi lengkap agar recruiter dapat mengundangmu.
  470 |                   </p>
> 471 |                 </Link href="/candidate/cv">
      |                        ^^^^
  472 |                 </CardContent>
  473 |               </Card>
  474 |             ) : (

Parsing ecmascript source code failed @ http://localhost:3000/_next/static/chunks/node_modules_next_dist_1e8vcs8._.js:1052
[ 1030092ms] [ERROR] ./src/app/candidate/page.tsx:471:24
Error: Expected '</', got 'ident'
  469 |                     Pastikan statusmu "Open to Work" dan CV terisi lengkap agar recruiter dapat mengundangmu.
  470 |                   </p>
> 471 |                 </Link href="/candidate/cv">
      |                        ^^^^
  472 |                 </CardContent>
  473 |               </Card>
  474 |             ) : (

Parsing ecmascript source code failed @ http://localhost:3000/_next/static/chunks/node_modules_next_dist_1e8vcs8._.js:1052
[ 1030154ms] [ERROR] ./src/app/candidate/page.tsx:471:24
Error: Expected '</', got 'ident'
  469 |                     Pastikan statusmu "Open to Work" dan CV terisi lengkap agar recruiter dapat mengundangmu.
  470 |                   </p>
> 471 |                 </Link href="/candidate/cv">
      |                        ^^^^
  472 |                 </CardContent>
  473 |               </Card>
  474 |             ) : (

Parsing ecmascript source code failed @ http://localhost:3000/_next/static/chunks/node_modules_next_dist_1e8vcs8._.js:1052
[ 1030217ms] [ERROR] ./src/app/candidate/page.tsx:471:24
Error: Expected '</', got 'ident'
  469 |                     Pastikan statusmu "Open to Work" dan CV terisi lengkap agar recruiter dapat mengundangmu.
  470 |                   </p>
> 471 |                 </Link href="/candidate/cv">
      |                        ^^^^
  472 |                 </CardContent>
  473 |               </Card>
  474 |             ) : (

Parsing ecmascript source code failed @ http://localhost:3000/_next/static/chunks/node_modules_next_dist_1e8vcs8._.js:1052
[ 1030279ms] [ERROR] ./src/app/candidate/page.tsx:471:24
Error: Expected '</', got 'ident'
  469 |                     Pastikan statusmu "Open to Work" dan CV terisi lengkap agar recruiter dapat mengundangmu.
  470 |                   </p>
> 471 |                 </Link href="/candidate/cv">
      |                        ^^^^
  472 |                 </CardContent>
  473 |               </Card>
  474 |             ) : (

Parsing ecmascript source code failed @ http://localhost:3000/_next/static/chunks/node_modules_next_dist_1e8vcs8._.js:1052
[ 1030341ms] [ERROR] ./src/app/candidate/page.tsx:471:24
Error: Expected '</', got 'ident'
  469 |                     Pastikan statusmu "Open to Work" dan CV terisi lengkap agar recruiter dapat mengundangmu.
  470 |                   </p>
> 471 |                 </Link href="/candidate/cv">
      |                        ^^^^
  472 |                 </CardContent>
  473 |               </Card>
  474 |             ) : (

Parsing ecmascript source code failed @ http://localhost:3000/_next/static/chunks/node_modules_next_dist_1e8vcs8._.js:1052
[ 1030404ms] [ERROR] ./src/app/candidate/page.tsx:471:24
Error: Expected '</', got 'ident'
  469 |                     Pastikan statusmu "Open to Work" dan CV terisi lengkap agar recruiter dapat mengundangmu.
  470 |                   </p>
> 471 |                 </Link href="/candidate/cv">
      |                        ^^^^
  472 |                 </CardContent>
  473 |               </Card>
  474 |             ) : (

Parsing ecmascript source code failed @ http://localhost:3000/_next/static/chunks/node_modules_next_dist_1e8vcs8._.js:1052
[ 1030467ms] [ERROR] ./src/app/candidate/page.tsx:471:24
Error: Expected '</', got 'ident'
  469 |                     Pastikan statusmu "Open to Work" dan CV terisi lengkap agar recruiter dapat mengundangmu.
  470 |                   </p>
> 471 |                 </Link href="/candidate/cv">
      |                        ^^^^
  472 |                 </CardContent>
  473 |               </Card>
  474 |             ) : (

Parsing ecmascript source code failed @ http://localhost:3000/_next/static/chunks/node_modules_next_dist_1e8vcs8._.js:1052
[ 1030530ms] [ERROR] ./src/app/candidate/page.tsx:471:24
Error: Expected '</', got 'ident'
  469 |                     Pastikan statusmu "Open to Work" dan CV terisi lengkap agar recruiter dapat mengundangmu.
  470 |                   </p>
> 471 |                 </Link href="/candidate/cv">
      |                        ^^^^
  472 |                 </CardContent>
  473 |               </Card>
  474 |             ) : (

Parsing ecmascript source code failed @ http://localhost:3000/_next/static/chunks/node_modules_next_dist_1e8vcs8._.js:1052
[ 1030593ms] [ERROR] ./src/app/candidate/page.tsx:471:24
Error: Expected '</', got 'ident'
  469 |                     Pastikan statusmu "Open to Work" dan CV terisi lengkap agar recruiter dapat mengundangmu.
  470 |                   </p>
> 471 |                 </Link href="/candidate/cv">
      |                        ^^^^
  472 |                 </CardContent>
  473 |               </Card>
  474 |             ) : (

Parsing ecmascript source code failed @ http://localhost:3000/_next/static/chunks/node_modules_next_dist_1e8vcs8._.js:1052
[ 1030655ms] [ERROR] ./src/app/candidate/page.tsx:471:24
Error: Expected '</', got 'ident'
  469 |                     Pastikan statusmu "Open to Work" dan CV terisi lengkap agar recruiter dapat mengundangmu.
  470 |                   </p>
> 471 |                 </Link href="/candidate/cv">
      |                        ^^^^
  472 |                 </CardContent>
  473 |               </Card>
  474 |             ) : (

Parsing ecmascript source code failed @ http://localhost:3000/_next/static/chunks/node_modules_next_dist_1e8vcs8._.js:1052
[ 1030717ms] [ERROR] ./src/app/candidate/page.tsx:471:24
Error: Expected '</', got 'ident'
  469 |                     Pastikan statusmu "Open to Work" dan CV terisi lengkap agar recruiter dapat mengundangmu.
  470 |                   </p>
> 471 |                 </Link href="/candidate/cv">
      |                        ^^^^
  472 |                 </CardContent>
  473 |               </Card>
  474 |             ) : (

Parsing ecmascript source code failed @ http://localhost:3000/_next/static/chunks/node_modules_next_dist_1e8vcs8._.js:1052
[ 1030778ms] [ERROR] ./src/app/candidate/page.tsx:471:24
Error: Expected '</', got 'ident'
  469 |                     Pastikan statusmu "Open to Work" dan CV terisi lengkap agar recruiter dapat mengundangmu.
  470 |                   </p>
> 471 |                 </Link href="/candidate/cv">
      |                        ^^^^
  472 |                 </CardContent>
  473 |               </Card>
  474 |             ) : (

Parsing ecmascript source code failed @ http://localhost:3000/_next/static/chunks/node_modules_next_dist_1e8vcs8._.js:1052
[ 1030840ms] [ERROR] ./src/app/candidate/page.tsx:471:24
Error: Expected '</', got 'ident'
  469 |                     Pastikan statusmu "Open to Work" dan CV terisi lengkap agar recruiter dapat mengundangmu.
  470 |                   </p>
> 471 |                 </Link href="/candidate/cv">
      |                        ^^^^
  472 |                 </CardContent>
  473 |               </Card>
  474 |             ) : (

Parsing ecmascript source code failed @ http://localhost:3000/_next/static/chunks/node_modules_next_dist_1e8vcs8._.js:1052
[ 1030902ms] [ERROR] ./src/app/candidate/page.tsx:471:24
Error: Expected '</', got 'ident'
  469 |                     Pastikan statusmu "Open to Work" dan CV terisi lengkap agar recruiter dapat mengundangmu.
  470 |                   </p>
> 471 |                 </Link href="/candidate/cv">
      |                        ^^^^
  472 |                 </CardContent>
  473 |               </Card>
  474 |             ) : (

Parsing ecmascript source code failed @ http://localhost:3000/_next/static/chunks/node_modules_next_dist_1e8vcs8._.js:1052
[ 1030963ms] [ERROR] ./src/app/candidate/page.tsx:471:24
Error: Expected '</', got 'ident'
  469 |                     Pastikan statusmu "Open to Work" dan CV terisi lengkap agar recruiter dapat mengundangmu.
  470 |                   </p>
> 471 |                 </Link href="/candidate/cv">
      |                        ^^^^
  472 |                 </CardContent>
  473 |               </Card>
  474 |             ) : (

Parsing ecmascript source code failed @ http://localhost:3000/_next/static/chunks/node_modules_next_dist_1e8vcs8._.js:1052
[ 1031026ms] [ERROR] ./src/app/candidate/page.tsx:471:24
Error: Expected '</', got 'ident'
  469 |                     Pastikan statusmu "Open to Work" dan CV terisi lengkap agar recruiter dapat mengundangmu.
  470 |                   </p>
> 471 |                 </Link href="/candidate/cv">
      |                        ^^^^
  472 |                 </CardContent>
  473 |               </Card>
  474 |             ) : (

Parsing ecmascript source code failed @ http://localhost:3000/_next/static/chunks/node_modules_next_dist_1e8vcs8._.js:1052
[ 1031088ms] [ERROR] ./src/app/candidate/page.tsx:471:24
Error: Expected '</', got 'ident'
  469 |                     Pastikan statusmu "Open to Work" dan CV terisi lengkap agar recruiter dapat mengundangmu.
  470 |                   </p>
> 471 |                 </Link href="/candidate/cv">
      |                        ^^^^
  472 |                 </CardContent>
  473 |               </Card>
  474 |             ) : (

Parsing ecmascript source code failed @ http://localhost:3000/_next/static/chunks/node_modules_next_dist_1e8vcs8._.js:1052
[ 1031150ms] [ERROR] ./src/app/candidate/page.tsx:471:24
Error: Expected '</', got 'ident'
  469 |                     Pastikan statusmu "Open to Work" dan CV terisi lengkap agar recruiter dapat mengundangmu.
  470 |                   </p>
> 471 |                 </Link href="/candidate/cv">
      |                        ^^^^
  472 |                 </CardContent>
  473 |               </Card>
  474 |             ) : (

Parsing ecmascript source code failed @ http://localhost:3000/_next/static/chunks/node_modules_next_dist_1e8vcs8._.js:1052
[ 1031212ms] [ERROR] ./src/app/candidate/page.tsx:471:24
Error: Expected '</', got 'ident'
  469 |                     Pastikan statusmu "Open to Work" dan CV terisi lengkap agar recruiter dapat mengundangmu.
  470 |                   </p>
> 471 |                 </Link href="/candidate/cv">
      |                        ^^^^
  472 |                 </CardContent>
  473 |               </Card>
  474 |             ) : (

Parsing ecmascript source code failed @ http://localhost:3000/_next/static/chunks/node_modules_next_dist_1e8vcs8._.js:1052
[ 1031274ms] [ERROR] ./src/app/candidate/page.tsx:471:24
Error: Expected '</', got 'ident'
  469 |                     Pastikan statusmu "Open to Work" dan CV terisi lengkap agar recruiter dapat mengundangmu.
  470 |                   </p>
> 471 |                 </Link href="/candidate/cv">
      |                        ^^^^
  472 |                 </CardContent>
  473 |               </Card>
  474 |             ) : (

Parsing ecmascript source code failed @ http://localhost:3000/_next/static/chunks/node_modules_next_dist_1e8vcs8._.js:1052
[ 1031337ms] [ERROR] ./src/app/candidate/page.tsx:471:24
Error: Expected '</', got 'ident'
  469 |                     Pastikan statusmu "Open to Work" dan CV terisi lengkap agar recruiter dapat mengundangmu.
  470 |                   </p>
> 471 |                 </Link href="/candidate/cv">
      |                        ^^^^
  472 |                 </CardContent>
  473 |               </Card>
  474 |             ) : (

Parsing ecmascript source code failed @ http://localhost:3000/_next/static/chunks/node_modules_next_dist_1e8vcs8._.js:1052
[ 1031399ms] [ERROR] ./src/app/candidate/page.tsx:471:24
Error: Expected '</', got 'ident'
  469 |                     Pastikan statusmu "Open to Work" dan CV terisi lengkap agar recruiter dapat mengundangmu.
  470 |                   </p>
> 471 |                 </Link href="/candidate/cv">
      |                        ^^^^
  472 |                 </CardContent>
  473 |               </Card>
  474 |             ) : (

Parsing ecmascript source code failed @ http://localhost:3000/_next/static/chunks/node_modules_next_dist_1e8vcs8._.js:1052
[ 1031461ms] [ERROR] ./src/app/candidate/page.tsx:471:24
Error: Expected '</', got 'ident'
  469 |                     Pastikan statusmu "Open to Work" dan CV terisi lengkap agar recruiter dapat mengundangmu.
  470 |                   </p>
> 471 |                 </Link href="/candidate/cv">
      |                        ^^^^
  472 |                 </CardContent>
  473 |               </Card>
  474 |             ) : (

Parsing ecmascript source code failed @ http://localhost:3000/_next/static/chunks/node_modules_next_dist_1e8vcs8._.js:1052
[ 1031523ms] [ERROR] ./src/app/candidate/page.tsx:471:24
Error: Expected '</', got 'ident'
  469 |                     Pastikan statusmu "Open to Work" dan CV terisi lengkap agar recruiter dapat mengundangmu.
  470 |                   </p>
> 471 |                 </Link href="/candidate/cv">
      |                        ^^^^
  472 |                 </CardContent>
  473 |               </Card>
  474 |             ) : (

Parsing ecmascript source code failed @ http://localhost:3000/_next/static/chunks/node_modules_next_dist_1e8vcs8._.js:1052
[ 1031585ms] [ERROR] ./src/app/candidate/page.tsx:471:24
Error: Expected '</', got 'ident'
  469 |                     Pastikan statusmu "Open to Work" dan CV terisi lengkap agar recruiter dapat mengundangmu.
  470 |                   </p>
> 471 |                 </Link href="/candidate/cv">
      |                        ^^^^
  472 |                 </CardContent>
  473 |               </Card>
  474 |             ) : (

Parsing ecmascript source code failed @ http://localhost:3000/_next/static/chunks/node_modules_next_dist_1e8vcs8._.js:1052
[ 1031647ms] [ERROR] ./src/app/candidate/page.tsx:471:24
Error: Expected '</', got 'ident'
  469 |                     Pastikan statusmu "Open to Work" dan CV terisi lengkap agar recruiter dapat mengundangmu.
  470 |                   </p>
> 471 |                 </Link href="/candidate/cv">
      |                        ^^^^
  472 |                 </CardContent>
  473 |               </Card>
  474 |             ) : (

Parsing ecmascript source code failed @ http://localhost:3000/_next/static/chunks/node_modules_next_dist_1e8vcs8._.js:1052
[ 1031709ms] [ERROR] ./src/app/candidate/page.tsx:471:24
Error: Expected '</', got 'ident'
  469 |                     Pastikan statusmu "Open to Work" dan CV terisi lengkap agar recruiter dapat mengundangmu.
  470 |                   </p>
> 471 |                 </Link href="/candidate/cv">
      |                        ^^^^
  472 |                 </CardContent>
  473 |               </Card>
  474 |             ) : (

Parsing ecmascript source code failed @ http://localhost:3000/_next/static/chunks/node_modules_next_dist_1e8vcs8._.js:1052
[ 1031771ms] [ERROR] ./src/app/candidate/page.tsx:471:24
Error: Expected '</', got 'ident'
  469 |                     Pastikan statusmu "Open to Work" dan CV terisi lengkap agar recruiter dapat mengundangmu.
  470 |                   </p>
> 471 |                 </Link href="/candidate/cv">
      |                        ^^^^
  472 |                 </CardContent>
  473 |               </Card>
  474 |             ) : (

Parsing ecmascript source code failed @ http://localhost:3000/_next/static/chunks/node_modules_next_dist_1e8vcs8._.js:1052
[ 1031833ms] [ERROR] ./src/app/candidate/page.tsx:471:24
Error: Expected '</', got 'ident'
  469 |                     Pastikan statusmu "Open to Work" dan CV terisi lengkap agar recruiter dapat mengundangmu.
  470 |                   </p>
> 471 |                 </Link href="/candidate/cv">
      |                        ^^^^
  472 |                 </CardContent>
  473 |               </Card>
  474 |             ) : (

Parsing ecmascript source code failed @ http://localhost:3000/_next/static/chunks/node_modules_next_dist_1e8vcs8._.js:1052
[ 1031895ms] [ERROR] ./src/app/candidate/page.tsx:471:24
Error: Expected '</', got 'ident'
  469 |                     Pastikan statusmu "Open to Work" dan CV terisi lengkap agar recruiter dapat mengundangmu.
  470 |                   </p>
> 471 |                 </Link href="/candidate/cv">
      |                        ^^^^
  472 |                 </CardContent>
  473 |               </Card>
  474 |             ) : (

Parsing ecmascript source code failed @ http://localhost:3000/_next/static/chunks/node_modules_next_dist_1e8vcs8._.js:1052
[ 1031957ms] [ERROR] ./src/app/candidate/page.tsx:471:24
Error: Expected '</', got 'ident'
  469 |                     Pastikan statusmu "Open to Work" dan CV terisi lengkap agar recruiter dapat mengundangmu.
  470 |                   </p>
> 471 |                 </Link href="/candidate/cv">
      |                        ^^^^
  472 |                 </CardContent>
  473 |               </Card>
  474 |             ) : (

Parsing ecmascript source code failed @ http://localhost:3000/_next/static/chunks/node_modules_next_dist_1e8vcs8._.js:1052
[ 1032019ms] [ERROR] ./src/app/candidate/page.tsx:471:24
Error: Expected '</', got 'ident'
  469 |                     Pastikan statusmu "Open to Work" dan CV terisi lengkap agar recruiter dapat mengundangmu.
  470 |                   </p>
> 471 |                 </Link href="/candidate/cv">
      |                        ^^^^
  472 |                 </CardContent>
  473 |               </Card>
  474 |             ) : (

Parsing ecmascript source code failed @ http://localhost:3000/_next/static/chunks/node_modules_next_dist_1e8vcs8._.js:1052
[ 1032081ms] [ERROR] ./src/app/candidate/page.tsx:471:24
Error: Expected '</', got 'ident'
  469 |                     Pastikan statusmu "Open to Work" dan CV terisi lengkap agar recruiter dapat mengundangmu.
  470 |                   </p>
> 471 |                 </Link href="/candidate/cv">
      |                        ^^^^
  472 |                 </CardContent>
  473 |               </Card>
  474 |             ) : (

Parsing ecmascript source code failed @ http://localhost:3000/_next/static/chunks/node_modules_next_dist_1e8vcs8._.js:1052
[ 1032143ms] [ERROR] ./src/app/candidate/page.tsx:471:24
Error: Expected '</', got 'ident'
  469 |                     Pastikan statusmu "Open to Work" dan CV terisi lengkap agar recruiter dapat mengundangmu.
  470 |                   </p>
> 471 |                 </Link href="/candidate/cv">
      |                        ^^^^
  472 |                 </CardContent>
  473 |               </Card>
  474 |             ) : (

Parsing ecmascript source code failed @ http://localhost:3000/_next/static/chunks/node_modules_next_dist_1e8vcs8._.js:1052
[ 1032205ms] [ERROR] ./src/app/candidate/page.tsx:471:24
Error: Expected '</', got 'ident'
  469 |                     Pastikan statusmu "Open to Work" dan CV terisi lengkap agar recruiter dapat mengundangmu.
  470 |                   </p>
> 471 |                 </Link href="/candidate/cv">
      |                        ^^^^
  472 |                 </CardContent>
  473 |               </Card>
  474 |             ) : (

Parsing ecmascript source code failed @ http://localhost:3000/_next/static/chunks/node_modules_next_dist_1e8vcs8._.js:1052
[ 1032267ms] [ERROR] ./src/app/candidate/page.tsx:471:24
Error: Expected '</', got 'ident'
  469 |                     Pastikan statusmu "Open to Work" dan CV terisi lengkap agar recruiter dapat mengundangmu.
  470 |                   </p>
> 471 |                 </Link href="/candidate/cv">
      |                        ^^^^
  472 |                 </CardContent>
  473 |               </Card>
  474 |             ) : (

Parsing ecmascript source code failed @ http://localhost:3000/_next/static/chunks/node_modules_next_dist_1e8vcs8._.js:1052
[ 1032329ms] [ERROR] ./src/app/candidate/page.tsx:471:24
Error: Expected '</', got 'ident'
  469 |                     Pastikan statusmu "Open to Work" dan CV terisi lengkap agar recruiter dapat mengundangmu.
  470 |                   </p>
> 471 |                 </Link href="/candidate/cv">
      |                        ^^^^
  472 |                 </CardContent>
  473 |               </Card>
  474 |             ) : (

Parsing ecmascript source code failed @ http://localhost:3000/_next/static/chunks/node_modules_next_dist_1e8vcs8._.js:1052
[ 1032390ms] [ERROR] ./src/app/candidate/page.tsx:471:24
Error: Expected '</', got 'ident'
  469 |                     Pastikan statusmu "Open to Work" dan CV terisi lengkap agar recruiter dapat mengundangmu.
  470 |                   </p>
> 471 |                 </Link href="/candidate/cv">
      |                        ^^^^
  472 |                 </CardContent>
  473 |               </Card>
  474 |             ) : (

Parsing ecmascript source code failed @ http://localhost:3000/_next/static/chunks/node_modules_next_dist_1e8vcs8._.js:1052
[ 1032453ms] [ERROR] ./src/app/candidate/page.tsx:471:24
Error: Expected '</', got 'ident'
  469 |                     Pastikan statusmu "Open to Work" dan CV terisi lengkap agar recruiter dapat mengundangmu.
  470 |                   </p>
> 471 |                 </Link href="/candidate/cv">
      |                        ^^^^
  472 |                 </CardContent>
  473 |               </Card>
  474 |             ) : (

Parsing ecmascript source code failed @ http://localhost:3000/_next/static/chunks/node_modules_next_dist_1e8vcs8._.js:1052
[ 1032514ms] [ERROR] ./src/app/candidate/page.tsx:471:24
Error: Expected '</', got 'ident'
  469 |                     Pastikan statusmu "Open to Work" dan CV terisi lengkap agar recruiter dapat mengundangmu.
  470 |                   </p>
> 471 |                 </Link href="/candidate/cv">
      |                        ^^^^
  472 |                 </CardContent>
  473 |               </Card>
  474 |             ) : (

Parsing ecmascript source code failed @ http://localhost:3000/_next/static/chunks/node_modules_next_dist_1e8vcs8._.js:1052
[ 1032577ms] [ERROR] ./src/app/candidate/page.tsx:471:24
Error: Expected '</', got 'ident'
  469 |                     Pastikan statusmu "Open to Work" dan CV terisi lengkap agar recruiter dapat mengundangmu.
  470 |                   </p>
> 471 |                 </Link href="/candidate/cv">
      |                        ^^^^
  472 |                 </CardContent>
  473 |               </Card>
  474 |             ) : (

Parsing ecmascript source code failed @ http://localhost:3000/_next/static/chunks/node_modules_next_dist_1e8vcs8._.js:1052
[ 1032639ms] [ERROR] ./src/app/candidate/page.tsx:471:24
Error: Expected '</', got 'ident'
  469 |                     Pastikan statusmu "Open to Work" dan CV terisi lengkap agar recruiter dapat mengundangmu.
  470 |                   </p>
> 471 |                 </Link href="/candidate/cv">
      |                        ^^^^
  472 |                 </CardContent>
  473 |               </Card>
  474 |             ) : (

Parsing ecmascript source code failed @ http://localhost:3000/_next/static/chunks/node_modules_next_dist_1e8vcs8._.js:1052
[ 1032701ms] [ERROR] ./src/app/candidate/page.tsx:471:24
Error: Expected '</', got 'ident'
  469 |                     Pastikan statusmu "Open to Work" dan CV terisi lengkap agar recruiter dapat mengundangmu.
  470 |                   </p>
> 471 |                 </Link href="/candidate/cv">
      |                        ^^^^
  472 |                 </CardContent>
  473 |               </Card>
  474 |             ) : (

Parsing ecmascript source code failed @ http://localhost:3000/_next/static/chunks/node_modules_next_dist_1e8vcs8._.js:1052
[ 1032763ms] [ERROR] ./src/app/candidate/page.tsx:471:24
Error: Expected '</', got 'ident'
  469 |                     Pastikan statusmu "Open to Work" dan CV terisi lengkap agar recruiter dapat mengundangmu.
  470 |                   </p>
> 471 |                 </Link href="/candidate/cv">
      |                        ^^^^
  472 |                 </CardContent>
  473 |               </Card>
  474 |             ) : (

Parsing ecmascript source code failed @ http://localhost:3000/_next/static/chunks/node_modules_next_dist_1e8vcs8._.js:1052
[ 1032822ms] [ERROR] ./src/app/candidate/page.tsx:471:24
Error: Expected '</', got 'ident'
  469 |                     Pastikan statusmu "Open to Work" dan CV terisi lengkap agar recruiter dapat mengundangmu.
  470 |                   </p>
> 471 |                 </Link href="/candidate/cv">
      |                        ^^^^
  472 |                 </CardContent>
  473 |               </Card>
  474 |             ) : (

Parsing ecmascript source code failed @ http://localhost:3000/_next/static/chunks/node_modules_next_dist_1e8vcs8._.js:1052
[ 1033042ms] [LOG] [Fast Refresh] rebuilding @ http://localhost:3000/_next/static/chunks/node_modules_next_dist_1e8vcs8._.js:776
[ 1033850ms] [LOG] [Fast Refresh] done in 915ms @ http://localhost:3000/_next/static/chunks/node_modules_next_dist_1e8vcs8._.js:776
[ 1033940ms] [LOG] [Fast Refresh] done in 915ms @ http://localhost:3000/_next/static/chunks/node_modules_next_dist_1e8vcs8._.js:776
[ 1034022ms] [LOG] [Fast Refresh] done in 915ms @ http://localhost:3000/_next/static/chunks/node_modules_next_dist_1e8vcs8._.js:776
[ 1034081ms] [LOG] [Fast Refresh] done in 915ms @ http://localhost:3000/_next/static/chunks/node_modules_next_dist_1e8vcs8._.js:776
[ 1034142ms] [LOG] [Fast Refresh] done in 915ms @ http://localhost:3000/_next/static/chunks/node_modules_next_dist_1e8vcs8._.js:776
[ 1034205ms] [LOG] [Fast Refresh] done in 915ms @ http://localhost:3000/_next/static/chunks/node_modules_next_dist_1e8vcs8._.js:776
[ 1034267ms] [LOG] [Fast Refresh] done in 915ms @ http://localhost:3000/_next/static/chunks/node_modules_next_dist_1e8vcs8._.js:776
[ 1034329ms] [LOG] [Fast Refresh] done in 915ms @ http://localhost:3000/_next/static/chunks/node_modules_next_dist_1e8vcs8._.js:776
[ 1034392ms] [LOG] [Fast Refresh] done in 915ms @ http://localhost:3000/_next/static/chunks/node_modules_next_dist_1e8vcs8._.js:776
[ 1034453ms] [LOG] [Fast Refresh] done in 915ms @ http://localhost:3000/_next/static/chunks/node_modules_next_dist_1e8vcs8._.js:776
[ 1034515ms] [LOG] [Fast Refresh] done in 915ms @ http://localhost:3000/_next/static/chunks/node_modules_next_dist_1e8vcs8._.js:776
[ 1034578ms] [LOG] [Fast Refresh] done in 915ms @ http://localhost:3000/_next/static/chunks/node_modules_next_dist_1e8vcs8._.js:776
[ 1034640ms] [LOG] [Fast Refresh] done in 915ms @ http://localhost:3000/_next/static/chunks/node_modules_next_dist_1e8vcs8._.js:776
[ 1034701ms] [LOG] [Fast Refresh] done in 915ms @ http://localhost:3000/_next/static/chunks/node_modules_next_dist_1e8vcs8._.js:776
[ 1034764ms] [LOG] [Fast Refresh] done in 915ms @ http://localhost:3000/_next/static/chunks/node_modules_next_dist_1e8vcs8._.js:776
[ 1034826ms] [LOG] [Fast Refresh] done in 915ms @ http://localhost:3000/_next/static/chunks/node_modules_next_dist_1e8vcs8._.js:776
[ 1034889ms] [LOG] [Fast Refresh] done in 915ms @ http://localhost:3000/_next/static/chunks/node_modules_next_dist_1e8vcs8._.js:776
[ 1034951ms] [LOG] [Fast Refresh] done in 915ms @ http://localhost:3000/_next/static/chunks/node_modules_next_dist_1e8vcs8._.js:776
[ 1035013ms] [LOG] [Fast Refresh] done in 915ms @ http://localhost:3000/_next/static/chunks/node_modules_next_dist_1e8vcs8._.js:776
[ 1035074ms] [LOG] [Fast Refresh] done in 915ms @ http://localhost:3000/_next/static/chunks/node_modules_next_dist_1e8vcs8._.js:776
[ 1035137ms] [LOG] [Fast Refresh] done in 915ms @ http://localhost:3000/_next/static/chunks/node_modules_next_dist_1e8vcs8._.js:776
[ 1035199ms] [LOG] [Fast Refresh] done in 915ms @ http://localhost:3000/_next/static/chunks/node_modules_next_dist_1e8vcs8._.js:776
[ 1035261ms] [LOG] [Fast Refresh] done in 915ms @ http://localhost:3000/_next/static/chunks/node_modules_next_dist_1e8vcs8._.js:776
[ 1035323ms] [LOG] [Fast Refresh] done in 915ms @ http://localhost:3000/_next/static/chunks/node_modules_next_dist_1e8vcs8._.js:776
[ 1035385ms] [LOG] [Fast Refresh] done in 915ms @ http://localhost:3000/_next/static/chunks/node_modules_next_dist_1e8vcs8._.js:776
[ 1035447ms] [LOG] [Fast Refresh] done in 915ms @ http://localhost:3000/_next/static/chunks/node_modules_next_dist_1e8vcs8._.js:776
[ 1035509ms] [LOG] [Fast Refresh] done in 915ms @ http://localhost:3000/_next/static/chunks/node_modules_next_dist_1e8vcs8._.js:776
[ 1035573ms] [LOG] [Fast Refresh] done in 915ms @ http://localhost:3000/_next/static/chunks/node_modules_next_dist_1e8vcs8._.js:776
[ 1035635ms] [LOG] [Fast Refresh] done in 915ms @ http://localhost:3000/_next/static/chunks/node_modules_next_dist_1e8vcs8._.js:776
[ 1035697ms] [LOG] [Fast Refresh] done in 915ms @ http://localhost:3000/_next/static/chunks/node_modules_next_dist_1e8vcs8._.js:776
[ 1035758ms] [LOG] [Fast Refresh] done in 915ms @ http://localhost:3000/_next/static/chunks/node_modules_next_dist_1e8vcs8._.js:776
[ 1035821ms] [LOG] [Fast Refresh] done in 915ms @ http://localhost:3000/_next/static/chunks/node_modules_next_dist_1e8vcs8._.js:776
[ 1035883ms] [LOG] [Fast Refresh] done in 915ms @ http://localhost:3000/_next/static/chunks/node_modules_next_dist_1e8vcs8._.js:776
[ 1035944ms] [LOG] [Fast Refresh] done in 915ms @ http://localhost:3000/_next/static/chunks/node_modules_next_dist_1e8vcs8._.js:776
[ 1036006ms] [LOG] [Fast Refresh] done in 915ms @ http://localhost:3000/_next/static/chunks/node_modules_next_dist_1e8vcs8._.js:776
[ 1036068ms] [LOG] [Fast Refresh] done in 915ms @ http://localhost:3000/_next/static/chunks/node_modules_next_dist_1e8vcs8._.js:776
[ 1036130ms] [LOG] [Fast Refresh] done in 915ms @ http://localhost:3000/_next/static/chunks/node_modules_next_dist_1e8vcs8._.js:776
[ 1036192ms] [LOG] [Fast Refresh] done in 915ms @ http://localhost:3000/_next/static/chunks/node_modules_next_dist_1e8vcs8._.js:776
[ 1036254ms] [LOG] [Fast Refresh] done in 915ms @ http://localhost:3000/_next/static/chunks/node_modules_next_dist_1e8vcs8._.js:776
[ 1036316ms] [LOG] [Fast Refresh] done in 915ms @ http://localhost:3000/_next/static/chunks/node_modules_next_dist_1e8vcs8._.js:776
[ 1036378ms] [LOG] [Fast Refresh] done in 915ms @ http://localhost:3000/_next/static/chunks/node_modules_next_dist_1e8vcs8._.js:776
[ 1036440ms] [LOG] [Fast Refresh] done in 915ms @ http://localhost:3000/_next/static/chunks/node_modules_next_dist_1e8vcs8._.js:776
[ 1036503ms] [LOG] [Fast Refresh] done in 915ms @ http://localhost:3000/_next/static/chunks/node_modules_next_dist_1e8vcs8._.js:776
[ 1036565ms] [LOG] [Fast Refresh] done in 915ms @ http://localhost:3000/_next/static/chunks/node_modules_next_dist_1e8vcs8._.js:776
[ 1036627ms] [LOG] [Fast Refresh] done in 915ms @ http://localhost:3000/_next/static/chunks/node_modules_next_dist_1e8vcs8._.js:776
[ 1036690ms] [LOG] [Fast Refresh] done in 915ms @ http://localhost:3000/_next/static/chunks/node_modules_next_dist_1e8vcs8._.js:776
[ 1036753ms] [LOG] [Fast Refresh] done in 915ms @ http://localhost:3000/_next/static/chunks/node_modules_next_dist_1e8vcs8._.js:776
[ 1036815ms] [LOG] [Fast Refresh] done in 915ms @ http://localhost:3000/_next/static/chunks/node_modules_next_dist_1e8vcs8._.js:776
[ 1036878ms] [LOG] [Fast Refresh] done in 915ms @ http://localhost:3000/_next/static/chunks/node_modules_next_dist_1e8vcs8._.js:776
[ 1036941ms] [LOG] [Fast Refresh] done in 915ms @ http://localhost:3000/_next/static/chunks/node_modules_next_dist_1e8vcs8._.js:776
[ 1037003ms] [LOG] [Fast Refresh] done in 915ms @ http://localhost:3000/_next/static/chunks/node_modules_next_dist_1e8vcs8._.js:776
[ 1037065ms] [LOG] [Fast Refresh] done in 915ms @ http://localhost:3000/_next/static/chunks/node_modules_next_dist_1e8vcs8._.js:776
[ 1037126ms] [LOG] [Fast Refresh] done in 915ms @ http://localhost:3000/_next/static/chunks/node_modules_next_dist_1e8vcs8._.js:776
[ 1037190ms] [LOG] [Fast Refresh] done in 915ms @ http://localhost:3000/_next/static/chunks/node_modules_next_dist_1e8vcs8._.js:776
[ 1037251ms] [LOG] [Fast Refresh] done in 915ms @ http://localhost:3000/_next/static/chunks/node_modules_next_dist_1e8vcs8._.js:776
[ 1037313ms] [LOG] [Fast Refresh] done in 915ms @ http://localhost:3000/_next/static/chunks/node_modules_next_dist_1e8vcs8._.js:776
[ 1037374ms] [LOG] [Fast Refresh] done in 915ms @ http://localhost:3000/_next/static/chunks/node_modules_next_dist_1e8vcs8._.js:776
[ 1037436ms] [LOG] [Fast Refresh] done in 915ms @ http://localhost:3000/_next/static/chunks/node_modules_next_dist_1e8vcs8._.js:776
[ 1037499ms] [LOG] [Fast Refresh] done in 915ms @ http://localhost:3000/_next/static/chunks/node_modules_next_dist_1e8vcs8._.js:776
[ 1037562ms] [LOG] [Fast Refresh] done in 915ms @ http://localhost:3000/_next/static/chunks/node_modules_next_dist_1e8vcs8._.js:776
[ 1037624ms] [LOG] [Fast Refresh] done in 915ms @ http://localhost:3000/_next/static/chunks/node_modules_next_dist_1e8vcs8._.js:776
[ 1037685ms] [LOG] [Fast Refresh] done in 915ms @ http://localhost:3000/_next/static/chunks/node_modules_next_dist_1e8vcs8._.js:776
[ 1037746ms] [LOG] [Fast Refresh] done in 915ms @ http://localhost:3000/_next/static/chunks/node_modules_next_dist_1e8vcs8._.js:776
[ 1037809ms] [LOG] [Fast Refresh] done in 915ms @ http://localhost:3000/_next/static/chunks/node_modules_next_dist_1e8vcs8._.js:776
[ 1037871ms] [LOG] [Fast Refresh] done in 915ms @ http://localhost:3000/_next/static/chunks/node_modules_next_dist_1e8vcs8._.js:776
[ 1037933ms] [LOG] [Fast Refresh] done in 915ms @ http://localhost:3000/_next/static/chunks/node_modules_next_dist_1e8vcs8._.js:776
[ 1037995ms] [LOG] [Fast Refresh] done in 915ms @ http://localhost:3000/_next/static/chunks/node_modules_next_dist_1e8vcs8._.js:776
[ 1038057ms] [LOG] [Fast Refresh] done in 915ms @ http://localhost:3000/_next/static/chunks/node_modules_next_dist_1e8vcs8._.js:776
[ 1038119ms] [LOG] [Fast Refresh] done in 915ms @ http://localhost:3000/_next/static/chunks/node_modules_next_dist_1e8vcs8._.js:776
[ 1038182ms] [LOG] [Fast Refresh] done in 915ms @ http://localhost:3000/_next/static/chunks/node_modules_next_dist_1e8vcs8._.js:776
[ 1038244ms] [LOG] [Fast Refresh] done in 915ms @ http://localhost:3000/_next/static/chunks/node_modules_next_dist_1e8vcs8._.js:776
[ 1038305ms] [LOG] [Fast Refresh] done in 915ms @ http://localhost:3000/_next/static/chunks/node_modules_next_dist_1e8vcs8._.js:776
[ 1038367ms] [LOG] [Fast Refresh] done in 915ms @ http://localhost:3000/_next/static/chunks/node_modules_next_dist_1e8vcs8._.js:776
[ 1038430ms] [LOG] [Fast Refresh] done in 915ms @ http://localhost:3000/_next/static/chunks/node_modules_next_dist_1e8vcs8._.js:776
[ 1038491ms] [LOG] [Fast Refresh] done in 915ms @ http://localhost:3000/_next/static/chunks/node_modules_next_dist_1e8vcs8._.js:776
[ 1038554ms] [LOG] [Fast Refresh] done in 915ms @ http://localhost:3000/_next/static/chunks/node_modules_next_dist_1e8vcs8._.js:776
[ 1038616ms] [LOG] [Fast Refresh] done in 915ms @ http://localhost:3000/_next/static/chunks/node_modules_next_dist_1e8vcs8._.js:776
[ 1038677ms] [LOG] [Fast Refresh] done in 915ms @ http://localhost:3000/_next/static/chunks/node_modules_next_dist_1e8vcs8._.js:776
[ 1038738ms] [LOG] [Fast Refresh] done in 915ms @ http://localhost:3000/_next/static/chunks/node_modules_next_dist_1e8vcs8._.js:776
[ 1038800ms] [LOG] [Fast Refresh] done in 915ms @ http://localhost:3000/_next/static/chunks/node_modules_next_dist_1e8vcs8._.js:776
[ 1038862ms] [LOG] [Fast Refresh] done in 915ms @ http://localhost:3000/_next/static/chunks/node_modules_next_dist_1e8vcs8._.js:776
[ 1038924ms] [LOG] [Fast Refresh] done in 915ms @ http://localhost:3000/_next/static/chunks/node_modules_next_dist_1e8vcs8._.js:776
[ 1038986ms] [LOG] [Fast Refresh] done in 915ms @ http://localhost:3000/_next/static/chunks/node_modules_next_dist_1e8vcs8._.js:776
[ 1039050ms] [LOG] [Fast Refresh] done in 915ms @ http://localhost:3000/_next/static/chunks/node_modules_next_dist_1e8vcs8._.js:776
[ 1039112ms] [LOG] [Fast Refresh] done in 915ms @ http://localhost:3000/_next/static/chunks/node_modules_next_dist_1e8vcs8._.js:776
[ 1039174ms] [LOG] [Fast Refresh] done in 915ms @ http://localhost:3000/_next/static/chunks/node_modules_next_dist_1e8vcs8._.js:776
[ 1039236ms] [LOG] [Fast Refresh] done in 915ms @ http://localhost:3000/_next/static/chunks/node_modules_next_dist_1e8vcs8._.js:776
[ 1039299ms] [LOG] [Fast Refresh] done in 915ms @ http://localhost:3000/_next/static/chunks/node_modules_next_dist_1e8vcs8._.js:776
[ 1039361ms] [LOG] [Fast Refresh] done in 915ms @ http://localhost:3000/_next/static/chunks/node_modules_next_dist_1e8vcs8._.js:776
[ 1039423ms] [LOG] [Fast Refresh] done in 915ms @ http://localhost:3000/_next/static/chunks/node_modules_next_dist_1e8vcs8._.js:776
[ 1039485ms] [LOG] [Fast Refresh] done in 915ms @ http://localhost:3000/_next/static/chunks/node_modules_next_dist_1e8vcs8._.js:776
[ 1039548ms] [LOG] [Fast Refresh] done in 915ms @ http://localhost:3000/_next/static/chunks/node_modules_next_dist_1e8vcs8._.js:776
[ 1039612ms] [LOG] [Fast Refresh] done in 915ms @ http://localhost:3000/_next/static/chunks/node_modules_next_dist_1e8vcs8._.js:776
[ 1039673ms] [LOG] [Fast Refresh] done in 915ms @ http://localhost:3000/_next/static/chunks/node_modules_next_dist_1e8vcs8._.js:776
[ 1039736ms] [LOG] [Fast Refresh] done in 915ms @ http://localhost:3000/_next/static/chunks/node_modules_next_dist_1e8vcs8._.js:776
[ 1039798ms] [LOG] [Fast Refresh] done in 915ms @ http://localhost:3000/_next/static/chunks/node_modules_next_dist_1e8vcs8._.js:776
[ 1039860ms] [LOG] [Fast Refresh] done in 915ms @ http://localhost:3000/_next/static/chunks/node_modules_next_dist_1e8vcs8._.js:776
[ 1039923ms] [LOG] [Fast Refresh] done in 915ms @ http://localhost:3000/_next/static/chunks/node_modules_next_dist_1e8vcs8._.js:776
[ 1039984ms] [LOG] [Fast Refresh] done in 915ms @ http://localhost:3000/_next/static/chunks/node_modules_next_dist_1e8vcs8._.js:776
[ 1040045ms] [LOG] [Fast Refresh] done in 915ms @ http://localhost:3000/_next/static/chunks/node_modules_next_dist_1e8vcs8._.js:776
[ 1040106ms] [LOG] [Fast Refresh] done in 915ms @ http://localhost:3000/_next/static/chunks/node_modules_next_dist_1e8vcs8._.js:776
[ 1040169ms] [LOG] [Fast Refresh] done in 915ms @ http://localhost:3000/_next/static/chunks/node_modules_next_dist_1e8vcs8._.js:776
[ 1040231ms] [LOG] [Fast Refresh] done in 915ms @ http://localhost:3000/_next/static/chunks/node_modules_next_dist_1e8vcs8._.js:776
[ 1040293ms] [LOG] [Fast Refresh] done in 915ms @ http://localhost:3000/_next/static/chunks/node_modules_next_dist_1e8vcs8._.js:776
[ 1040355ms] [LOG] [Fast Refresh] done in 915ms @ http://localhost:3000/_next/static/chunks/node_modules_next_dist_1e8vcs8._.js:776
[ 1040449ms] [LOG] [Fast Refresh] done in 915ms @ http://localhost:3000/_next/static/chunks/node_modules_next_dist_1e8vcs8._.js:776
[ 1040510ms] [LOG] [Fast Refresh] done in 915ms @ http://localhost:3000/_next/static/chunks/node_modules_next_dist_1e8vcs8._.js:776
[ 1040571ms] [LOG] [Fast Refresh] done in 915ms @ http://localhost:3000/_next/static/chunks/node_modules_next_dist_1e8vcs8._.js:776
[ 1040634ms] [LOG] [Fast Refresh] done in 915ms @ http://localhost:3000/_next/static/chunks/node_modules_next_dist_1e8vcs8._.js:776
[ 1040697ms] [LOG] [Fast Refresh] done in 915ms @ http://localhost:3000/_next/static/chunks/node_modules_next_dist_1e8vcs8._.js:776
[ 1040759ms] [LOG] [Fast Refresh] done in 915ms @ http://localhost:3000/_next/static/chunks/node_modules_next_dist_1e8vcs8._.js:776
[ 1040821ms] [LOG] [Fast Refresh] done in 915ms @ http://localhost:3000/_next/static/chunks/node_modules_next_dist_1e8vcs8._.js:776
[ 1040884ms] [LOG] [Fast Refresh] done in 915ms @ http://localhost:3000/_next/static/chunks/node_modules_next_dist_1e8vcs8._.js:776
[ 1040946ms] [LOG] [Fast Refresh] done in 915ms @ http://localhost:3000/_next/static/chunks/node_modules_next_dist_1e8vcs8._.js:776
[ 1041007ms] [LOG] [Fast Refresh] done in 915ms @ http://localhost:3000/_next/static/chunks/node_modules_next_dist_1e8vcs8._.js:776
[ 1041068ms] [LOG] [Fast Refresh] done in 915ms @ http://localhost:3000/_next/static/chunks/node_modules_next_dist_1e8vcs8._.js:776
[ 1041130ms] [LOG] [Fast Refresh] done in 915ms @ http://localhost:3000/_next/static/chunks/node_modules_next_dist_1e8vcs8._.js:776
[ 1041193ms] [LOG] [Fast Refresh] done in 915ms @ http://localhost:3000/_next/static/chunks/node_modules_next_dist_1e8vcs8._.js:776
[ 1041255ms] [LOG] [Fast Refresh] done in 915ms @ http://localhost:3000/_next/static/chunks/node_modules_next_dist_1e8vcs8._.js:776
[ 1041316ms] [LOG] [Fast Refresh] done in 915ms @ http://localhost:3000/_next/static/chunks/node_modules_next_dist_1e8vcs8._.js:776
[ 1041378ms] [LOG] [Fast Refresh] done in 915ms @ http://localhost:3000/_next/static/chunks/node_modules_next_dist_1e8vcs8._.js:776
[ 1041441ms] [LOG] [Fast Refresh] done in 915ms @ http://localhost:3000/_next/static/chunks/node_modules_next_dist_1e8vcs8._.js:776
[ 1041519ms] [LOG] [Fast Refresh] done in 915ms @ http://localhost:3000/_next/static/chunks/node_modules_next_dist_1e8vcs8._.js:776
[ 1041582ms] [LOG] [Fast Refresh] done in 915ms @ http://localhost:3000/_next/static/chunks/node_modules_next_dist_1e8vcs8._.js:776
[ 1041643ms] [LOG] [Fast Refresh] done in 915ms @ http://localhost:3000/_next/static/chunks/node_modules_next_dist_1e8vcs8._.js:776
[ 1041705ms] [LOG] [Fast Refresh] done in 915ms @ http://localhost:3000/_next/static/chunks/node_modules_next_dist_1e8vcs8._.js:776
[ 1041767ms] [LOG] [Fast Refresh] done in 915ms @ http://localhost:3000/_next/static/chunks/node_modules_next_dist_1e8vcs8._.js:776
[ 1041829ms] [LOG] [Fast Refresh] done in 915ms @ http://localhost:3000/_next/static/chunks/node_modules_next_dist_1e8vcs8._.js:776
[ 1041892ms] [LOG] [Fast Refresh] done in 915ms @ http://localhost:3000/_next/static/chunks/node_modules_next_dist_1e8vcs8._.js:776
[ 1041954ms] [LOG] [Fast Refresh] done in 915ms @ http://localhost:3000/_next/static/chunks/node_modules_next_dist_1e8vcs8._.js:776
[ 1042017ms] [LOG] [Fast Refresh] done in 915ms @ http://localhost:3000/_next/static/chunks/node_modules_next_dist_1e8vcs8._.js:776
[ 1042079ms] [LOG] [Fast Refresh] done in 915ms @ http://localhost:3000/_next/static/chunks/node_modules_next_dist_1e8vcs8._.js:776
[ 1042141ms] [LOG] [Fast Refresh] done in 915ms @ http://localhost:3000/_next/static/chunks/node_modules_next_dist_1e8vcs8._.js:776
[ 1042203ms] [LOG] [Fast Refresh] done in 915ms @ http://localhost:3000/_next/static/chunks/node_modules_next_dist_1e8vcs8._.js:776
[ 1042265ms] [LOG] [Fast Refresh] done in 915ms @ http://localhost:3000/_next/static/chunks/node_modules_next_dist_1e8vcs8._.js:776
[ 1042326ms] [LOG] [Fast Refresh] done in 915ms @ http://localhost:3000/_next/static/chunks/node_modules_next_dist_1e8vcs8._.js:776
[ 1042388ms] [LOG] [Fast Refresh] done in 915ms @ http://localhost:3000/_next/static/chunks/node_modules_next_dist_1e8vcs8._.js:776
[ 1042450ms] [LOG] [Fast Refresh] done in 915ms @ http://localhost:3000/_next/static/chunks/node_modules_next_dist_1e8vcs8._.js:776
[ 1042513ms] [LOG] [Fast Refresh] done in 915ms @ http://localhost:3000/_next/static/chunks/node_modules_next_dist_1e8vcs8._.js:776
[ 1042575ms] [LOG] [Fast Refresh] done in 915ms @ http://localhost:3000/_next/static/chunks/node_modules_next_dist_1e8vcs8._.js:776
[ 1042637ms] [LOG] [Fast Refresh] done in 915ms @ http://localhost:3000/_next/static/chunks/node_modules_next_dist_1e8vcs8._.js:776
[ 1042700ms] [LOG] [Fast Refresh] done in 915ms @ http://localhost:3000/_next/static/chunks/node_modules_next_dist_1e8vcs8._.js:776
[ 1042762ms] [LOG] [Fast Refresh] done in 915ms @ http://localhost:3000/_next/static/chunks/node_modules_next_dist_1e8vcs8._.js:776
[ 1042825ms] [LOG] [Fast Refresh] done in 915ms @ http://localhost:3000/_next/static/chunks/node_modules_next_dist_1e8vcs8._.js:776
[ 1042887ms] [LOG] [Fast Refresh] done in 915ms @ http://localhost:3000/_next/static/chunks/node_modules_next_dist_1e8vcs8._.js:776
[ 1042949ms] [LOG] [Fast Refresh] done in 915ms @ http://localhost:3000/_next/static/chunks/node_modules_next_dist_1e8vcs8._.js:776
[ 1043011ms] [LOG] [Fast Refresh] done in 915ms @ http://localhost:3000/_next/static/chunks/node_modules_next_dist_1e8vcs8._.js:776
[ 1043073ms] [LOG] [Fast Refresh] done in 915ms @ http://localhost:3000/_next/static/chunks/node_modules_next_dist_1e8vcs8._.js:776
[ 1043134ms] [LOG] [Fast Refresh] done in 915ms @ http://localhost:3000/_next/static/chunks/node_modules_next_dist_1e8vcs8._.js:776
[ 1043196ms] [LOG] [Fast Refresh] done in 915ms @ http://localhost:3000/_next/static/chunks/node_modules_next_dist_1e8vcs8._.js:776
[ 1043259ms] [LOG] [Fast Refresh] done in 915ms @ http://localhost:3000/_next/static/chunks/node_modules_next_dist_1e8vcs8._.js:776
[ 1043320ms] [LOG] [Fast Refresh] done in 915ms @ http://localhost:3000/_next/static/chunks/node_modules_next_dist_1e8vcs8._.js:776
[ 1043382ms] [LOG] [Fast Refresh] done in 915ms @ http://localhost:3000/_next/static/chunks/node_modules_next_dist_1e8vcs8._.js:776
[ 1043444ms] [LOG] [Fast Refresh] done in 915ms @ http://localhost:3000/_next/static/chunks/node_modules_next_dist_1e8vcs8._.js:776
[ 1043506ms] [LOG] [Fast Refresh] done in 915ms @ http://localhost:3000/_next/static/chunks/node_modules_next_dist_1e8vcs8._.js:776
[ 1043568ms] [LOG] [Fast Refresh] done in 915ms @ http://localhost:3000/_next/static/chunks/node_modules_next_dist_1e8vcs8._.js:776
[ 1043630ms] [LOG] [Fast Refresh] done in 915ms @ http://localhost:3000/_next/static/chunks/node_modules_next_dist_1e8vcs8._.js:776
[ 1043691ms] [LOG] [Fast Refresh] done in 915ms @ http://localhost:3000/_next/static/chunks/node_modules_next_dist_1e8vcs8._.js:776
[ 1043754ms] [LOG] [Fast Refresh] done in 915ms @ http://localhost:3000/_next/static/chunks/node_modules_next_dist_1e8vcs8._.js:776
[ 1043816ms] [LOG] [Fast Refresh] done in 915ms @ http://localhost:3000/_next/static/chunks/node_modules_next_dist_1e8vcs8._.js:776
[ 1043879ms] [LOG] [Fast Refresh] done in 915ms @ http://localhost:3000/_next/static/chunks/node_modules_next_dist_1e8vcs8._.js:776
[ 1043940ms] [LOG] [Fast Refresh] done in 915ms @ http://localhost:3000/_next/static/chunks/node_modules_next_dist_1e8vcs8._.js:776
[ 1044003ms] [LOG] [Fast Refresh] done in 915ms @ http://localhost:3000/_next/static/chunks/node_modules_next_dist_1e8vcs8._.js:776
[ 1044065ms] [LOG] [Fast Refresh] done in 915ms @ http://localhost:3000/_next/static/chunks/node_modules_next_dist_1e8vcs8._.js:776
[ 1044127ms] [LOG] [Fast Refresh] done in 915ms @ http://localhost:3000/_next/static/chunks/node_modules_next_dist_1e8vcs8._.js:776
[ 1044189ms] [LOG] [Fast Refresh] done in 915ms @ http://localhost:3000/_next/static/chunks/node_modules_next_dist_1e8vcs8._.js:776
[ 1044251ms] [LOG] [Fast Refresh] done in 915ms @ http://localhost:3000/_next/static/chunks/node_modules_next_dist_1e8vcs8._.js:776
[ 1044313ms] [LOG] [Fast Refresh] done in 915ms @ http://localhost:3000/_next/static/chunks/node_modules_next_dist_1e8vcs8._.js:776
[ 1044375ms] [LOG] [Fast Refresh] done in 915ms @ http://localhost:3000/_next/static/chunks/node_modules_next_dist_1e8vcs8._.js:776
[ 1044437ms] [LOG] [Fast Refresh] done in 915ms @ http://localhost:3000/_next/static/chunks/node_modules_next_dist_1e8vcs8._.js:776
[ 1044577ms] [LOG] [Fast Refresh] done in 915ms @ http://localhost:3000/_next/static/chunks/node_modules_next_dist_1e8vcs8._.js:776
[ 1044639ms] [LOG] [Fast Refresh] done in 915ms @ http://localhost:3000/_next/static/chunks/node_modules_next_dist_1e8vcs8._.js:776
[ 1044701ms] [LOG] [Fast Refresh] done in 915ms @ http://localhost:3000/_next/static/chunks/node_modules_next_dist_1e8vcs8._.js:776
[ 1044764ms] [LOG] [Fast Refresh] done in 915ms @ http://localhost:3000/_next/static/chunks/node_modules_next_dist_1e8vcs8._.js:776
[ 1044828ms] [LOG] [Fast Refresh] done in 915ms @ http://localhost:3000/_next/static/chunks/node_modules_next_dist_1e8vcs8._.js:776
[ 1044891ms] [LOG] [Fast Refresh] done in 915ms @ http://localhost:3000/_next/static/chunks/node_modules_next_dist_1e8vcs8._.js:776
[ 1044953ms] [LOG] [Fast Refresh] done in 915ms @ http://localhost:3000/_next/static/chunks/node_modules_next_dist_1e8vcs8._.js:776
[ 1045016ms] [LOG] [Fast Refresh] done in 915ms @ http://localhost:3000/_next/static/chunks/node_modules_next_dist_1e8vcs8._.js:776
[ 1045077ms] [LOG] [Fast Refresh] done in 915ms @ http://localhost:3000/_next/static/chunks/node_modules_next_dist_1e8vcs8._.js:776
[ 1045140ms] [LOG] [Fast Refresh] done in 915ms @ http://localhost:3000/_next/static/chunks/node_modules_next_dist_1e8vcs8._.js:776
[ 1045202ms] [LOG] [Fast Refresh] done in 915ms @ http://localhost:3000/_next/static/chunks/node_modules_next_dist_1e8vcs8._.js:776
[ 1045265ms] [LOG] [Fast Refresh] done in 915ms @ http://localhost:3000/_next/static/chunks/node_modules_next_dist_1e8vcs8._.js:776
[ 1045327ms] [LOG] [Fast Refresh] done in 915ms @ http://localhost:3000/_next/static/chunks/node_modules_next_dist_1e8vcs8._.js:776
[ 1045389ms] [LOG] [Fast Refresh] done in 915ms @ http://localhost:3000/_next/static/chunks/node_modules_next_dist_1e8vcs8._.js:776
[ 1045451ms] [LOG] [Fast Refresh] done in 915ms @ http://localhost:3000/_next/static/chunks/node_modules_next_dist_1e8vcs8._.js:776
[ 1045513ms] [LOG] [Fast Refresh] done in 915ms @ http://localhost:3000/_next/static/chunks/node_modules_next_dist_1e8vcs8._.js:776
[ 1045576ms] [LOG] [Fast Refresh] done in 915ms @ http://localhost:3000/_next/static/chunks/node_modules_next_dist_1e8vcs8._.js:776
[ 1045638ms] [LOG] [Fast Refresh] done in 915ms @ http://localhost:3000/_next/static/chunks/node_modules_next_dist_1e8vcs8._.js:776
[ 1045700ms] [LOG] [Fast Refresh] done in 915ms @ http://localhost:3000/_next/static/chunks/node_modules_next_dist_1e8vcs8._.js:776
[ 1045763ms] [LOG] [Fast Refresh] done in 915ms @ http://localhost:3000/_next/static/chunks/node_modules_next_dist_1e8vcs8._.js:776
[ 1045826ms] [LOG] [Fast Refresh] done in 915ms @ http://localhost:3000/_next/static/chunks/node_modules_next_dist_1e8vcs8._.js:776
[ 1045997ms] [LOG] [Fast Refresh] done in 915ms @ http://localhost:3000/_next/static/chunks/node_modules_next_dist_1e8vcs8._.js:776
[ 1046059ms] [LOG] [Fast Refresh] done in 915ms @ http://localhost:3000/_next/static/chunks/node_modules_next_dist_1e8vcs8._.js:776
[ 1046121ms] [LOG] [Fast Refresh] done in 915ms @ http://localhost:3000/_next/static/chunks/node_modules_next_dist_1e8vcs8._.js:776
[ 1046182ms] [LOG] [Fast Refresh] done in 915ms @ http://localhost:3000/_next/static/chunks/node_modules_next_dist_1e8vcs8._.js:776
[ 1046244ms] [LOG] [Fast Refresh] done in 915ms @ http://localhost:3000/_next/static/chunks/node_modules_next_dist_1e8vcs8._.js:776
[ 1046306ms] [LOG] [Fast Refresh] done in 915ms @ http://localhost:3000/_next/static/chunks/node_modules_next_dist_1e8vcs8._.js:776
[ 1046368ms] [LOG] [Fast Refresh] done in 915ms @ http://localhost:3000/_next/static/chunks/node_modules_next_dist_1e8vcs8._.js:776
[ 1046429ms] [LOG] [Fast Refresh] done in 915ms @ http://localhost:3000/_next/static/chunks/node_modules_next_dist_1e8vcs8._.js:776
[ 1046492ms] [LOG] [Fast Refresh] done in 915ms @ http://localhost:3000/_next/static/chunks/node_modules_next_dist_1e8vcs8._.js:776
[ 1046554ms] [LOG] [Fast Refresh] done in 915ms @ http://localhost:3000/_next/static/chunks/node_modules_next_dist_1e8vcs8._.js:776
[ 1046616ms] [LOG] [Fast Refresh] done in 915ms @ http://localhost:3000/_next/static/chunks/node_modules_next_dist_1e8vcs8._.js:776
[ 1046677ms] [LOG] [Fast Refresh] done in 915ms @ http://localhost:3000/_next/static/chunks/node_modules_next_dist_1e8vcs8._.js:776
[ 1046739ms] [LOG] [Fast Refresh] done in 915ms @ http://localhost:3000/_next/static/chunks/node_modules_next_dist_1e8vcs8._.js:776
[ 1046802ms] [LOG] [Fast Refresh] done in 915ms @ http://localhost:3000/_next/static/chunks/node_modules_next_dist_1e8vcs8._.js:776
[ 1046877ms] [LOG] [Fast Refresh] done in 915ms @ http://localhost:3000/_next/static/chunks/node_modules_next_dist_1e8vcs8._.js:776
[ 1047012ms] [LOG] [Fast Refresh] rebuilding @ http://localhost:3000/_next/static/chunks/node_modules_next_dist_1e8vcs8._.js:776
[ 1047099ms] [LOG] [Fast Refresh] done in 21ms @ http://localhost:3000/_next/static/chunks/node_modules_next_dist_1e8vcs8._.js:776
[ 1047161ms] [LOG] [Fast Refresh] done in 21ms @ http://localhost:3000/_next/static/chunks/node_modules_next_dist_1e8vcs8._.js:776
[ 1047223ms] [LOG] [Fast Refresh] done in 21ms @ http://localhost:3000/_next/static/chunks/node_modules_next_dist_1e8vcs8._.js:776
[ 1047285ms] [LOG] [Fast Refresh] done in 21ms @ http://localhost:3000/_next/static/chunks/node_modules_next_dist_1e8vcs8._.js:776
[ 1047348ms] [LOG] [Fast Refresh] done in 21ms @ http://localhost:3000/_next/static/chunks/node_modules_next_dist_1e8vcs8._.js:776
[ 1047409ms] [LOG] [Fast Refresh] done in 21ms @ http://localhost:3000/_next/static/chunks/node_modules_next_dist_1e8vcs8._.js:776
[ 1047471ms] [LOG] [Fast Refresh] done in 21ms @ http://localhost:3000/_next/static/chunks/node_modules_next_dist_1e8vcs8._.js:776
[ 1047533ms] [LOG] [Fast Refresh] done in 21ms @ http://localhost:3000/_next/static/chunks/node_modules_next_dist_1e8vcs8._.js:776
[ 1047594ms] [LOG] [Fast Refresh] done in 21ms @ http://localhost:3000/_next/static/chunks/node_modules_next_dist_1e8vcs8._.js:776
[ 1047656ms] [LOG] [Fast Refresh] done in 21ms @ http://localhost:3000/_next/static/chunks/node_modules_next_dist_1e8vcs8._.js:776
[ 1047718ms] [LOG] [Fast Refresh] done in 21ms @ http://localhost:3000/_next/static/chunks/node_modules_next_dist_1e8vcs8._.js:776
[ 1047779ms] [LOG] [Fast Refresh] done in 21ms @ http://localhost:3000/_next/static/chunks/node_modules_next_dist_1e8vcs8._.js:776
[ 1047842ms] [LOG] [Fast Refresh] done in 21ms @ http://localhost:3000/_next/static/chunks/node_modules_next_dist_1e8vcs8._.js:776
[ 1047903ms] [LOG] [Fast Refresh] done in 21ms @ http://localhost:3000/_next/static/chunks/node_modules_next_dist_1e8vcs8._.js:776
[ 1047965ms] [LOG] [Fast Refresh] done in 21ms @ http://localhost:3000/_next/static/chunks/node_modules_next_dist_1e8vcs8._.js:776
[ 1048027ms] [LOG] [Fast Refresh] done in 21ms @ http://localhost:3000/_next/static/chunks/node_modules_next_dist_1e8vcs8._.js:776
[ 1048089ms] [LOG] [Fast Refresh] done in 21ms @ http://localhost:3000/_next/static/chunks/node_modules_next_dist_1e8vcs8._.js:776
[ 1048151ms] [LOG] [Fast Refresh] done in 21ms @ http://localhost:3000/_next/static/chunks/node_modules_next_dist_1e8vcs8._.js:776
[ 1048213ms] [LOG] [Fast Refresh] done in 21ms @ http://localhost:3000/_next/static/chunks/node_modules_next_dist_1e8vcs8._.js:776
[ 1048274ms] [LOG] [Fast Refresh] done in 21ms @ http://localhost:3000/_next/static/chunks/node_modules_next_dist_1e8vcs8._.js:776
[ 1048337ms] [LOG] [Fast Refresh] done in 21ms @ http://localhost:3000/_next/static/chunks/node_modules_next_dist_1e8vcs8._.js:776
[ 1048399ms] [LOG] [Fast Refresh] done in 21ms @ http://localhost:3000/_next/static/chunks/node_modules_next_dist_1e8vcs8._.js:776
[ 1048461ms] [LOG] [Fast Refresh] done in 21ms @ http://localhost:3000/_next/static/chunks/node_modules_next_dist_1e8vcs8._.js:776
[ 1048523ms] [LOG] [Fast Refresh] done in 21ms @ http://localhost:3000/_next/static/chunks/node_modules_next_dist_1e8vcs8._.js:776
[ 1048585ms] [LOG] [Fast Refresh] done in 21ms @ http://localhost:3000/_next/static/chunks/node_modules_next_dist_1e8vcs8._.js:776
[ 1048647ms] [LOG] [Fast Refresh] done in 21ms @ http://localhost:3000/_next/static/chunks/node_modules_next_dist_1e8vcs8._.js:776
[ 1048708ms] [LOG] [Fast Refresh] done in 21ms @ http://localhost:3000/_next/static/chunks/node_modules_next_dist_1e8vcs8._.js:776
[ 1048771ms] [LOG] [Fast Refresh] done in 21ms @ http://localhost:3000/_next/static/chunks/node_modules_next_dist_1e8vcs8._.js:776
[ 1048833ms] [LOG] [Fast Refresh] done in 21ms @ http://localhost:3000/_next/static/chunks/node_modules_next_dist_1e8vcs8._.js:776
[ 1048894ms] [LOG] [Fast Refresh] done in 21ms @ http://localhost:3000/_next/static/chunks/node_modules_next_dist_1e8vcs8._.js:776
[ 1048957ms] [LOG] [Fast Refresh] done in 21ms @ http://localhost:3000/_next/static/chunks/node_modules_next_dist_1e8vcs8._.js:776
[ 1049020ms] [LOG] [Fast Refresh] done in 21ms @ http://localhost:3000/_next/static/chunks/node_modules_next_dist_1e8vcs8._.js:776
[ 1049081ms] [LOG] [Fast Refresh] done in 21ms @ http://localhost:3000/_next/static/chunks/node_modules_next_dist_1e8vcs8._.js:776
[ 1049144ms] [LOG] [Fast Refresh] done in 21ms @ http://localhost:3000/_next/static/chunks/node_modules_next_dist_1e8vcs8._.js:776
[ 1049206ms] [LOG] [Fast Refresh] done in 21ms @ http://localhost:3000/_next/static/chunks/node_modules_next_dist_1e8vcs8._.js:776
[ 1049268ms] [LOG] [Fast Refresh] done in 21ms @ http://localhost:3000/_next/static/chunks/node_modules_next_dist_1e8vcs8._.js:776
[ 1049329ms] [LOG] [Fast Refresh] done in 21ms @ http://localhost:3000/_next/static/chunks/node_modules_next_dist_1e8vcs8._.js:776
[ 1049392ms] [LOG] [Fast Refresh] done in 21ms @ http://localhost:3000/_next/static/chunks/node_modules_next_dist_1e8vcs8._.js:776
[ 1049453ms] [LOG] [Fast Refresh] done in 21ms @ http://localhost:3000/_next/static/chunks/node_modules_next_dist_1e8vcs8._.js:776
[ 1049514ms] [LOG] [Fast Refresh] done in 21ms @ http://localhost:3000/_next/static/chunks/node_modules_next_dist_1e8vcs8._.js:776
[ 1049577ms] [LOG] [Fast Refresh] done in 21ms @ http://localhost:3000/_next/static/chunks/node_modules_next_dist_1e8vcs8._.js:776
[ 1049639ms] [LOG] [Fast Refresh] done in 21ms @ http://localhost:3000/_next/static/chunks/node_modules_next_dist_1e8vcs8._.js:776
[ 1049701ms] [LOG] [Fast Refresh] done in 21ms @ http://localhost:3000/_next/static/chunks/node_modules_next_dist_1e8vcs8._.js:776
[ 1049762ms] [LOG] [Fast Refresh] done in 21ms @ http://localhost:3000/_next/static/chunks/node_modules_next_dist_1e8vcs8._.js:776
[ 1049823ms] [LOG] [Fast Refresh] done in 21ms @ http://localhost:3000/_next/static/chunks/node_modules_next_dist_1e8vcs8._.js:776
[ 1049885ms] [LOG] [Fast Refresh] done in 21ms @ http://localhost:3000/_next/static/chunks/node_modules_next_dist_1e8vcs8._.js:776
[ 1049948ms] [LOG] [Fast Refresh] done in 21ms @ http://localhost:3000/_next/static/chunks/node_modules_next_dist_1e8vcs8._.js:776
[ 1050011ms] [LOG] [Fast Refresh] done in 21ms @ http://localhost:3000/_next/static/chunks/node_modules_next_dist_1e8vcs8._.js:776
[ 1050073ms] [LOG] [Fast Refresh] done in 21ms @ http://localhost:3000/_next/static/chunks/node_modules_next_dist_1e8vcs8._.js:776
[ 1050136ms] [LOG] [Fast Refresh] done in 21ms @ http://localhost:3000/_next/static/chunks/node_modules_next_dist_1e8vcs8._.js:776
[ 1050197ms] [LOG] [Fast Refresh] done in 21ms @ http://localhost:3000/_next/static/chunks/node_modules_next_dist_1e8vcs8._.js:776
[ 1050260ms] [LOG] [Fast Refresh] done in 21ms @ http://localhost:3000/_next/static/chunks/node_modules_next_dist_1e8vcs8._.js:776
[ 1050323ms] [LOG] [Fast Refresh] done in 21ms @ http://localhost:3000/_next/static/chunks/node_modules_next_dist_1e8vcs8._.js:776
[ 1050384ms] [LOG] [Fast Refresh] done in 21ms @ http://localhost:3000/_next/static/chunks/node_modules_next_dist_1e8vcs8._.js:776
[ 1050445ms] [LOG] [Fast Refresh] done in 21ms @ http://localhost:3000/_next/static/chunks/node_modules_next_dist_1e8vcs8._.js:776
[ 1050507ms] [LOG] [Fast Refresh] done in 21ms @ http://localhost:3000/_next/static/chunks/node_modules_next_dist_1e8vcs8._.js:776
[ 1050569ms] [LOG] [Fast Refresh] done in 21ms @ http://localhost:3000/_next/static/chunks/node_modules_next_dist_1e8vcs8._.js:776
[ 1050632ms] [LOG] [Fast Refresh] done in 21ms @ http://localhost:3000/_next/static/chunks/node_modules_next_dist_1e8vcs8._.js:776
[ 1050694ms] [LOG] [Fast Refresh] done in 21ms @ http://localhost:3000/_next/static/chunks/node_modules_next_dist_1e8vcs8._.js:776
[ 1050757ms] [LOG] [Fast Refresh] done in 21ms @ http://localhost:3000/_next/static/chunks/node_modules_next_dist_1e8vcs8._.js:776
[ 1050821ms] [LOG] [Fast Refresh] done in 21ms @ http://localhost:3000/_next/static/chunks/node_modules_next_dist_1e8vcs8._.js:776
[ 1050883ms] [LOG] [Fast Refresh] done in 21ms @ http://localhost:3000/_next/static/chunks/node_modules_next_dist_1e8vcs8._.js:776
[ 1050946ms] [LOG] [Fast Refresh] done in 21ms @ http://localhost:3000/_next/static/chunks/node_modules_next_dist_1e8vcs8._.js:776
[ 1051008ms] [LOG] [Fast Refresh] done in 21ms @ http://localhost:3000/_next/static/chunks/node_modules_next_dist_1e8vcs8._.js:776
[ 1051071ms] [LOG] [Fast Refresh] done in 21ms @ http://localhost:3000/_next/static/chunks/node_modules_next_dist_1e8vcs8._.js:776
[ 1051132ms] [LOG] [Fast Refresh] done in 21ms @ http://localhost:3000/_next/static/chunks/node_modules_next_dist_1e8vcs8._.js:776
[ 1051195ms] [LOG] [Fast Refresh] done in 21ms @ http://localhost:3000/_next/static/chunks/node_modules_next_dist_1e8vcs8._.js:776
[ 1051256ms] [LOG] [Fast Refresh] done in 21ms @ http://localhost:3000/_next/static/chunks/node_modules_next_dist_1e8vcs8._.js:776
[ 1051317ms] [LOG] [Fast Refresh] done in 21ms @ http://localhost:3000/_next/static/chunks/node_modules_next_dist_1e8vcs8._.js:776
[ 1051379ms] [LOG] [Fast Refresh] done in 21ms @ http://localhost:3000/_next/static/chunks/node_modules_next_dist_1e8vcs8._.js:776
[ 1051440ms] [LOG] [Fast Refresh] done in 21ms @ http://localhost:3000/_next/static/chunks/node_modules_next_dist_1e8vcs8._.js:776
[ 1051502ms] [LOG] [Fast Refresh] done in 21ms @ http://localhost:3000/_next/static/chunks/node_modules_next_dist_1e8vcs8._.js:776
[ 1051565ms] [LOG] [Fast Refresh] done in 21ms @ http://localhost:3000/_next/static/chunks/node_modules_next_dist_1e8vcs8._.js:776
[ 1051626ms] [LOG] [Fast Refresh] done in 21ms @ http://localhost:3000/_next/static/chunks/node_modules_next_dist_1e8vcs8._.js:776
[ 1051688ms] [LOG] [Fast Refresh] done in 21ms @ http://localhost:3000/_next/static/chunks/node_modules_next_dist_1e8vcs8._.js:776
[ 1051750ms] [LOG] [Fast Refresh] done in 21ms @ http://localhost:3000/_next/static/chunks/node_modules_next_dist_1e8vcs8._.js:776
[ 1051812ms] [LOG] [Fast Refresh] done in 21ms @ http://localhost:3000/_next/static/chunks/node_modules_next_dist_1e8vcs8._.js:776
[ 1051875ms] [LOG] [Fast Refresh] done in 21ms @ http://localhost:3000/_next/static/chunks/node_modules_next_dist_1e8vcs8._.js:776
[ 1051937ms] [LOG] [Fast Refresh] done in 21ms @ http://localhost:3000/_next/static/chunks/node_modules_next_dist_1e8vcs8._.js:776
[ 1052000ms] [LOG] [Fast Refresh] done in 21ms @ http://localhost:3000/_next/static/chunks/node_modules_next_dist_1e8vcs8._.js:776
[ 1052062ms] [LOG] [Fast Refresh] done in 21ms @ http://localhost:3000/_next/static/chunks/node_modules_next_dist_1e8vcs8._.js:776
[ 1052124ms] [LOG] [Fast Refresh] done in 21ms @ http://localhost:3000/_next/static/chunks/node_modules_next_dist_1e8vcs8._.js:776
[ 1052186ms] [LOG] [Fast Refresh] done in 21ms @ http://localhost:3000/_next/static/chunks/node_modules_next_dist_1e8vcs8._.js:776
[ 1052248ms] [LOG] [Fast Refresh] done in 21ms @ http://localhost:3000/_next/static/chunks/node_modules_next_dist_1e8vcs8._.js:776
[ 1052309ms] [LOG] [Fast Refresh] done in 21ms @ http://localhost:3000/_next/static/chunks/node_modules_next_dist_1e8vcs8._.js:776
[ 1052372ms] [LOG] [Fast Refresh] done in 21ms @ http://localhost:3000/_next/static/chunks/node_modules_next_dist_1e8vcs8._.js:776
[ 1052434ms] [LOG] [Fast Refresh] done in 21ms @ http://localhost:3000/_next/static/chunks/node_modules_next_dist_1e8vcs8._.js:776
[ 1052498ms] [LOG] [Fast Refresh] done in 21ms @ http://localhost:3000/_next/static/chunks/node_modules_next_dist_1e8vcs8._.js:776
[ 1052560ms] [LOG] [Fast Refresh] done in 21ms @ http://localhost:3000/_next/static/chunks/node_modules_next_dist_1e8vcs8._.js:776
[ 1052621ms] [LOG] [Fast Refresh] done in 21ms @ http://localhost:3000/_next/static/chunks/node_modules_next_dist_1e8vcs8._.js:776
[ 1052826ms] [LOG] [Fast Refresh] done in 21ms @ http://localhost:3000/_next/static/chunks/node_modules_next_dist_1e8vcs8._.js:776
[ 1052886ms] [LOG] [Fast Refresh] done in 21ms @ http://localhost:3000/_next/static/chunks/node_modules_next_dist_1e8vcs8._.js:776
[ 1052949ms] [LOG] [Fast Refresh] done in 21ms @ http://localhost:3000/_next/static/chunks/node_modules_next_dist_1e8vcs8._.js:776
[ 1053010ms] [LOG] [Fast Refresh] done in 21ms @ http://localhost:3000/_next/static/chunks/node_modules_next_dist_1e8vcs8._.js:776
[ 1053072ms] [LOG] [Fast Refresh] done in 21ms @ http://localhost:3000/_next/static/chunks/node_modules_next_dist_1e8vcs8._.js:776
[ 1053135ms] [LOG] [Fast Refresh] done in 21ms @ http://localhost:3000/_next/static/chunks/node_modules_next_dist_1e8vcs8._.js:776
[ 1053197ms] [LOG] [Fast Refresh] done in 21ms @ http://localhost:3000/_next/static/chunks/node_modules_next_dist_1e8vcs8._.js:776
[ 1053260ms] [LOG] [Fast Refresh] done in 21ms @ http://localhost:3000/_next/static/chunks/node_modules_next_dist_1e8vcs8._.js:776
[ 1053323ms] [LOG] [Fast Refresh] done in 21ms @ http://localhost:3000/_next/static/chunks/node_modules_next_dist_1e8vcs8._.js:776
[ 1053385ms] [LOG] [Fast Refresh] done in 21ms @ http://localhost:3000/_next/static/chunks/node_modules_next_dist_1e8vcs8._.js:776
[ 1053447ms] [LOG] [Fast Refresh] done in 21ms @ http://localhost:3000/_next/static/chunks/node_modules_next_dist_1e8vcs8._.js:776
[ 1053509ms] [LOG] [Fast Refresh] done in 21ms @ http://localhost:3000/_next/static/chunks/node_modules_next_dist_1e8vcs8._.js:776
[ 1053570ms] [LOG] [Fast Refresh] done in 21ms @ http://localhost:3000/_next/static/chunks/node_modules_next_dist_1e8vcs8._.js:776
[ 1053632ms] [LOG] [Fast Refresh] done in 21ms @ http://localhost:3000/_next/static/chunks/node_modules_next_dist_1e8vcs8._.js:776
[ 1053695ms] [LOG] [Fast Refresh] done in 21ms @ http://localhost:3000/_next/static/chunks/node_modules_next_dist_1e8vcs8._.js:776
[ 1053758ms] [LOG] [Fast Refresh] done in 21ms @ http://localhost:3000/_next/static/chunks/node_modules_next_dist_1e8vcs8._.js:776
[ 1053819ms] [LOG] [Fast Refresh] done in 21ms @ http://localhost:3000/_next/static/chunks/node_modules_next_dist_1e8vcs8._.js:776
[ 1053881ms] [LOG] [Fast Refresh] done in 21ms @ http://localhost:3000/_next/static/chunks/node_modules_next_dist_1e8vcs8._.js:776
[ 1053944ms] [LOG] [Fast Refresh] done in 21ms @ http://localhost:3000/_next/static/chunks/node_modules_next_dist_1e8vcs8._.js:776
[ 1054098ms] [LOG] [Fast Refresh] done in 21ms @ http://localhost:3000/_next/static/chunks/node_modules_next_dist_1e8vcs8._.js:776
[ 1054164ms] [LOG] [Fast Refresh] done in 21ms @ http://localhost:3000/_next/static/chunks/node_modules_next_dist_1e8vcs8._.js:776
[ 1054223ms] [LOG] [Fast Refresh] done in 21ms @ http://localhost:3000/_next/static/chunks/node_modules_next_dist_1e8vcs8._.js:776
[ 1054289ms] [LOG] [Fast Refresh] done in 21ms @ http://localhost:3000/_next/static/chunks/node_modules_next_dist_1e8vcs8._.js:776
[ 1054346ms] [LOG] [Fast Refresh] done in 21ms @ http://localhost:3000/_next/static/chunks/node_modules_next_dist_1e8vcs8._.js:776
[ 1054409ms] [LOG] [Fast Refresh] done in 21ms @ http://localhost:3000/_next/static/chunks/node_modules_next_dist_1e8vcs8._.js:776
[ 1054471ms] [LOG] [Fast Refresh] done in 21ms @ http://localhost:3000/_next/static/chunks/node_modules_next_dist_1e8vcs8._.js:776
[ 1054533ms] [LOG] [Fast Refresh] done in 21ms @ http://localhost:3000/_next/static/chunks/node_modules_next_dist_1e8vcs8._.js:776
[ 1054596ms] [LOG] [Fast Refresh] done in 21ms @ http://localhost:3000/_next/static/chunks/node_modules_next_dist_1e8vcs8._.js:776
[ 1054657ms] [LOG] [Fast Refresh] done in 21ms @ http://localhost:3000/_next/static/chunks/node_modules_next_dist_1e8vcs8._.js:776
[ 1054720ms] [LOG] [Fast Refresh] done in 21ms @ http://localhost:3000/_next/static/chunks/node_modules_next_dist_1e8vcs8._.js:776
[ 1054782ms] [LOG] [Fast Refresh] done in 21ms @ http://localhost:3000/_next/static/chunks/node_modules_next_dist_1e8vcs8._.js:776
[ 1054844ms] [LOG] [Fast Refresh] done in 21ms @ http://localhost:3000/_next/static/chunks/node_modules_next_dist_1e8vcs8._.js:776
[ 1054905ms] [LOG] [Fast Refresh] done in 21ms @ http://localhost:3000/_next/static/chunks/node_modules_next_dist_1e8vcs8._.js:776
[ 1054968ms] [LOG] [Fast Refresh] done in 21ms @ http://localhost:3000/_next/static/chunks/node_modules_next_dist_1e8vcs8._.js:776
[ 1055031ms] [LOG] [Fast Refresh] done in 21ms @ http://localhost:3000/_next/static/chunks/node_modules_next_dist_1e8vcs8._.js:776
[ 1055094ms] [LOG] [Fast Refresh] done in 21ms @ http://localhost:3000/_next/static/chunks/node_modules_next_dist_1e8vcs8._.js:776
[ 1055155ms] [LOG] [Fast Refresh] done in 21ms @ http://localhost:3000/_next/static/chunks/node_modules_next_dist_1e8vcs8._.js:776
[ 1055216ms] [LOG] [Fast Refresh] done in 21ms @ http://localhost:3000/_next/static/chunks/node_modules_next_dist_1e8vcs8._.js:776
[ 1055277ms] [LOG] [Fast Refresh] done in 21ms @ http://localhost:3000/_next/static/chunks/node_modules_next_dist_1e8vcs8._.js:776
[ 1055339ms] [LOG] [Fast Refresh] done in 21ms @ http://localhost:3000/_next/static/chunks/node_modules_next_dist_1e8vcs8._.js:776
[ 1055400ms] [LOG] [Fast Refresh] done in 21ms @ http://localhost:3000/_next/static/chunks/node_modules_next_dist_1e8vcs8._.js:776
[ 1055464ms] [LOG] [Fast Refresh] done in 21ms @ http://localhost:3000/_next/static/chunks/node_modules_next_dist_1e8vcs8._.js:776
[ 1055526ms] [LOG] [Fast Refresh] done in 21ms @ http://localhost:3000/_next/static/chunks/node_modules_next_dist_1e8vcs8._.js:776
[ 1055588ms] [LOG] [Fast Refresh] done in 21ms @ http://localhost:3000/_next/static/chunks/node_modules_next_dist_1e8vcs8._.js:776
[ 1055650ms] [LOG] [Fast Refresh] done in 21ms @ http://localhost:3000/_next/static/chunks/node_modules_next_dist_1e8vcs8._.js:776
[ 1055712ms] [LOG] [Fast Refresh] done in 21ms @ http://localhost:3000/_next/static/chunks/node_modules_next_dist_1e8vcs8._.js:776
[ 1055775ms] [LOG] [Fast Refresh] done in 21ms @ http://localhost:3000/_next/static/chunks/node_modules_next_dist_1e8vcs8._.js:776
[ 1055837ms] [LOG] [Fast Refresh] done in 21ms @ http://localhost:3000/_next/static/chunks/node_modules_next_dist_1e8vcs8._.js:776
[ 1055899ms] [LOG] [Fast Refresh] done in 21ms @ http://localhost:3000/_next/static/chunks/node_modules_next_dist_1e8vcs8._.js:776
[ 1055961ms] [LOG] [Fast Refresh] done in 21ms @ http://localhost:3000/_next/static/chunks/node_modules_next_dist_1e8vcs8._.js:776
[ 1056023ms] [LOG] [Fast Refresh] done in 21ms @ http://localhost:3000/_next/static/chunks/node_modules_next_dist_1e8vcs8._.js:776
[ 1056085ms] [LOG] [Fast Refresh] done in 21ms @ http://localhost:3000/_next/static/chunks/node_modules_next_dist_1e8vcs8._.js:776
[ 1056146ms] [LOG] [Fast Refresh] done in 21ms @ http://localhost:3000/_next/static/chunks/node_modules_next_dist_1e8vcs8._.js:776
[ 1056209ms] [LOG] [Fast Refresh] done in 21ms @ http://localhost:3000/_next/static/chunks/node_modules_next_dist_1e8vcs8._.js:776
[ 1056271ms] [LOG] [Fast Refresh] done in 21ms @ http://localhost:3000/_next/static/chunks/node_modules_next_dist_1e8vcs8._.js:776
[ 1056334ms] [LOG] [Fast Refresh] done in 21ms @ http://localhost:3000/_next/static/chunks/node_modules_next_dist_1e8vcs8._.js:776
[ 1056395ms] [LOG] [Fast Refresh] done in 21ms @ http://localhost:3000/_next/static/chunks/node_modules_next_dist_1e8vcs8._.js:776
[ 1056457ms] [LOG] [Fast Refresh] done in 21ms @ http://localhost:3000/_next/static/chunks/node_modules_next_dist_1e8vcs8._.js:776
[ 1056520ms] [LOG] [Fast Refresh] done in 21ms @ http://localhost:3000/_next/static/chunks/node_modules_next_dist_1e8vcs8._.js:776
[ 1056582ms] [LOG] [Fast Refresh] done in 21ms @ http://localhost:3000/_next/static/chunks/node_modules_next_dist_1e8vcs8._.js:776
[ 1056645ms] [LOG] [Fast Refresh] done in 21ms @ http://localhost:3000/_next/static/chunks/node_modules_next_dist_1e8vcs8._.js:776
[ 1056707ms] [LOG] [Fast Refresh] done in 21ms @ http://localhost:3000/_next/static/chunks/node_modules_next_dist_1e8vcs8._.js:776
[ 1056801ms] [LOG] [Fast Refresh] done in 21ms @ http://localhost:3000/_next/static/chunks/node_modules_next_dist_1e8vcs8._.js:776
[ 1056863ms] [LOG] [Fast Refresh] done in 21ms @ http://localhost:3000/_next/static/chunks/node_modules_next_dist_1e8vcs8._.js:776
[ 1056925ms] [LOG] [Fast Refresh] done in 21ms @ http://localhost:3000/_next/static/chunks/node_modules_next_dist_1e8vcs8._.js:776
[ 1056987ms] [LOG] [Fast Refresh] done in 21ms @ http://localhost:3000/_next/static/chunks/node_modules_next_dist_1e8vcs8._.js:776
[ 1057048ms] [LOG] [Fast Refresh] done in 21ms @ http://localhost:3000/_next/static/chunks/node_modules_next_dist_1e8vcs8._.js:776
[ 1057111ms] [LOG] [Fast Refresh] done in 21ms @ http://localhost:3000/_next/static/chunks/node_modules_next_dist_1e8vcs8._.js:776
[ 1057173ms] [LOG] [Fast Refresh] done in 21ms @ http://localhost:3000/_next/static/chunks/node_modules_next_dist_1e8vcs8._.js:776
[ 1057235ms] [LOG] [Fast Refresh] done in 21ms @ http://localhost:3000/_next/static/chunks/node_modules_next_dist_1e8vcs8._.js:776
[ 1057297ms] [LOG] [Fast Refresh] done in 21ms @ http://localhost:3000/_next/static/chunks/node_modules_next_dist_1e8vcs8._.js:776
[ 1057360ms] [LOG] [Fast Refresh] done in 21ms @ http://localhost:3000/_next/static/chunks/node_modules_next_dist_1e8vcs8._.js:776
[ 1057423ms] [LOG] [Fast Refresh] done in 21ms @ http://localhost:3000/_next/static/chunks/node_modules_next_dist_1e8vcs8._.js:776
[ 1057484ms] [LOG] [Fast Refresh] done in 21ms @ http://localhost:3000/_next/static/chunks/node_modules_next_dist_1e8vcs8._.js:776
[ 1057549ms] [LOG] [Fast Refresh] done in 21ms @ http://localhost:3000/_next/static/chunks/node_modules_next_dist_1e8vcs8._.js:776
[ 1057611ms] [LOG] [Fast Refresh] done in 21ms @ http://localhost:3000/_next/static/chunks/node_modules_next_dist_1e8vcs8._.js:776
[ 1057673ms] [LOG] [Fast Refresh] done in 21ms @ http://localhost:3000/_next/static/chunks/node_modules_next_dist_1e8vcs8._.js:776
[ 1057735ms] [LOG] [Fast Refresh] done in 21ms @ http://localhost:3000/_next/static/chunks/node_modules_next_dist_1e8vcs8._.js:776
[ 1057797ms] [LOG] [Fast Refresh] done in 21ms @ http://localhost:3000/_next/static/chunks/node_modules_next_dist_1e8vcs8._.js:776
[ 1057860ms] [LOG] [Fast Refresh] done in 21ms @ http://localhost:3000/_next/static/chunks/node_modules_next_dist_1e8vcs8._.js:776
[ 1057923ms] [LOG] [Fast Refresh] done in 21ms @ http://localhost:3000/_next/static/chunks/node_modules_next_dist_1e8vcs8._.js:776
[ 1057984ms] [LOG] [Fast Refresh] done in 21ms @ http://localhost:3000/_next/static/chunks/node_modules_next_dist_1e8vcs8._.js:776
[ 1058046ms] [LOG] [Fast Refresh] done in 21ms @ http://localhost:3000/_next/static/chunks/node_modules_next_dist_1e8vcs8._.js:776
[ 1058111ms] [LOG] [Fast Refresh] done in 21ms @ http://localhost:3000/_next/static/chunks/node_modules_next_dist_1e8vcs8._.js:776
[ 1058170ms] [LOG] [Fast Refresh] done in 21ms @ http://localhost:3000/_next/static/chunks/node_modules_next_dist_1e8vcs8._.js:776
[ 1058233ms] [LOG] [Fast Refresh] done in 21ms @ http://localhost:3000/_next/static/chunks/node_modules_next_dist_1e8vcs8._.js:776
[ 1058295ms] [LOG] [Fast Refresh] done in 21ms @ http://localhost:3000/_next/static/chunks/node_modules_next_dist_1e8vcs8._.js:776
[ 1058357ms] [LOG] [Fast Refresh] done in 21ms @ http://localhost:3000/_next/static/chunks/node_modules_next_dist_1e8vcs8._.js:776
[ 1058419ms] [LOG] [Fast Refresh] done in 21ms @ http://localhost:3000/_next/static/chunks/node_modules_next_dist_1e8vcs8._.js:776
[ 1058483ms] [LOG] [Fast Refresh] done in 21ms @ http://localhost:3000/_next/static/chunks/node_modules_next_dist_1e8vcs8._.js:776
[ 1058545ms] [LOG] [Fast Refresh] done in 21ms @ http://localhost:3000/_next/static/chunks/node_modules_next_dist_1e8vcs8._.js:776
[ 1058606ms] [LOG] [Fast Refresh] done in 21ms @ http://localhost:3000/_next/static/chunks/node_modules_next_dist_1e8vcs8._.js:776
[ 1058669ms] [LOG] [Fast Refresh] done in 21ms @ http://localhost:3000/_next/static/chunks/node_modules_next_dist_1e8vcs8._.js:776
[ 1058730ms] [LOG] [Fast Refresh] done in 21ms @ http://localhost:3000/_next/static/chunks/node_modules_next_dist_1e8vcs8._.js:776
[ 1058792ms] [LOG] [Fast Refresh] done in 21ms @ http://localhost:3000/_next/static/chunks/node_modules_next_dist_1e8vcs8._.js:776
[ 1058854ms] [LOG] [Fast Refresh] done in 21ms @ http://localhost:3000/_next/static/chunks/node_modules_next_dist_1e8vcs8._.js:776
[ 1058915ms] [LOG] [Fast Refresh] done in 21ms @ http://localhost:3000/_next/static/chunks/node_modules_next_dist_1e8vcs8._.js:776
[ 1058976ms] [LOG] [Fast Refresh] done in 21ms @ http://localhost:3000/_next/static/chunks/node_modules_next_dist_1e8vcs8._.js:776
[ 1059040ms] [LOG] [Fast Refresh] done in 21ms @ http://localhost:3000/_next/static/chunks/node_modules_next_dist_1e8vcs8._.js:776
[ 1059101ms] [LOG] [Fast Refresh] done in 21ms @ http://localhost:3000/_next/static/chunks/node_modules_next_dist_1e8vcs8._.js:776
[ 1059165ms] [LOG] [Fast Refresh] done in 21ms @ http://localhost:3000/_next/static/chunks/node_modules_next_dist_1e8vcs8._.js:776
[ 1059226ms] [LOG] [Fast Refresh] done in 21ms @ http://localhost:3000/_next/static/chunks/node_modules_next_dist_1e8vcs8._.js:776
[ 1059289ms] [LOG] [Fast Refresh] done in 21ms @ http://localhost:3000/_next/static/chunks/node_modules_next_dist_1e8vcs8._.js:776
[ 1059351ms] [LOG] [Fast Refresh] done in 21ms @ http://localhost:3000/_next/static/chunks/node_modules_next_dist_1e8vcs8._.js:776
[ 1059414ms] [LOG] [Fast Refresh] done in 21ms @ http://localhost:3000/_next/static/chunks/node_modules_next_dist_1e8vcs8._.js:776
[ 1059476ms] [LOG] [Fast Refresh] done in 21ms @ http://localhost:3000/_next/static/chunks/node_modules_next_dist_1e8vcs8._.js:776
[ 1059538ms] [LOG] [Fast Refresh] done in 21ms @ http://localhost:3000/_next/static/chunks/node_modules_next_dist_1e8vcs8._.js:776
[ 1059601ms] [LOG] [Fast Refresh] done in 21ms @ http://localhost:3000/_next/static/chunks/node_modules_next_dist_1e8vcs8._.js:776
[ 1059663ms] [LOG] [Fast Refresh] done in 21ms @ http://localhost:3000/_next/static/chunks/node_modules_next_dist_1e8vcs8._.js:776
[ 1059725ms] [LOG] [Fast Refresh] done in 21ms @ http://localhost:3000/_next/static/chunks/node_modules_next_dist_1e8vcs8._.js:776
[ 1059796ms] [LOG] [Fast Refresh] done in 21ms @ http://localhost:3000/_next/static/chunks/node_modules_next_dist_1e8vcs8._.js:776
[ 1059849ms] [LOG] [Fast Refresh] done in 21ms @ http://localhost:3000/_next/static/chunks/node_modules_next_dist_1e8vcs8._.js:776
[ 1059911ms] [LOG] [Fast Refresh] done in 21ms @ http://localhost:3000/_next/static/chunks/node_modules_next_dist_1e8vcs8._.js:776
[ 1059974ms] [LOG] [Fast Refresh] done in 21ms @ http://localhost:3000/_next/static/chunks/node_modules_next_dist_1e8vcs8._.js:776
[ 1060035ms] [LOG] [Fast Refresh] done in 21ms @ http://localhost:3000/_next/static/chunks/node_modules_next_dist_1e8vcs8._.js:776
[ 1060098ms] [LOG] [Fast Refresh] done in 21ms @ http://localhost:3000/_next/static/chunks/node_modules_next_dist_1e8vcs8._.js:776
[ 1060159ms] [LOG] [Fast Refresh] done in 21ms @ http://localhost:3000/_next/static/chunks/node_modules_next_dist_1e8vcs8._.js:776
[ 1060222ms] [LOG] [Fast Refresh] done in 21ms @ http://localhost:3000/_next/static/chunks/node_modules_next_dist_1e8vcs8._.js:776
[ 1060284ms] [LOG] [Fast Refresh] done in 21ms @ http://localhost:3000/_next/static/chunks/node_modules_next_dist_1e8vcs8._.js:776
[ 1060346ms] [LOG] [Fast Refresh] done in 21ms @ http://localhost:3000/_next/static/chunks/node_modules_next_dist_1e8vcs8._.js:776
[ 1060409ms] [LOG] [Fast Refresh] done in 21ms @ http://localhost:3000/_next/static/chunks/node_modules_next_dist_1e8vcs8._.js:776
[ 1060471ms] [LOG] [Fast Refresh] done in 21ms @ http://localhost:3000/_next/static/chunks/node_modules_next_dist_1e8vcs8._.js:776
[ 1060533ms] [LOG] [Fast Refresh] done in 21ms @ http://localhost:3000/_next/static/chunks/node_modules_next_dist_1e8vcs8._.js:776
[ 1060597ms] [LOG] [Fast Refresh] done in 21ms @ http://localhost:3000/_next/static/chunks/node_modules_next_dist_1e8vcs8._.js:776
[ 1060659ms] [LOG] [Fast Refresh] done in 21ms @ http://localhost:3000/_next/static/chunks/node_modules_next_dist_1e8vcs8._.js:776
[ 1060721ms] [LOG] [Fast Refresh] done in 21ms @ http://localhost:3000/_next/static/chunks/node_modules_next_dist_1e8vcs8._.js:776
[ 1060781ms] [LOG] [Fast Refresh] done in 21ms @ http://localhost:3000/_next/static/chunks/node_modules_next_dist_1e8vcs8._.js:776
[ 1060843ms] [LOG] [Fast Refresh] done in 21ms @ http://localhost:3000/_next/static/chunks/node_modules_next_dist_1e8vcs8._.js:776
[ 1060904ms] [LOG] [Fast Refresh] done in 21ms @ http://localhost:3000/_next/static/chunks/node_modules_next_dist_1e8vcs8._.js:776
[ 1060967ms] [LOG] [Fast Refresh] done in 21ms @ http://localhost:3000/_next/static/chunks/node_modules_next_dist_1e8vcs8._.js:776
[ 1061029ms] [LOG] [Fast Refresh] done in 21ms @ http://localhost:3000/_next/static/chunks/node_modules_next_dist_1e8vcs8._.js:776
[ 1061092ms] [LOG] [Fast Refresh] done in 21ms @ http://localhost:3000/_next/static/chunks/node_modules_next_dist_1e8vcs8._.js:776
[ 1061155ms] [LOG] [Fast Refresh] done in 21ms @ http://localhost:3000/_next/static/chunks/node_modules_next_dist_1e8vcs8._.js:776
[ 1061215ms] [LOG] [Fast Refresh] done in 21ms @ http://localhost:3000/_next/static/chunks/node_modules_next_dist_1e8vcs8._.js:776
[ 1061277ms] [LOG] [Fast Refresh] done in 21ms @ http://localhost:3000/_next/static/chunks/node_modules_next_dist_1e8vcs8._.js:776
[ 1061339ms] [LOG] [Fast Refresh] done in 21ms @ http://localhost:3000/_next/static/chunks/node_modules_next_dist_1e8vcs8._.js:776
[ 1061402ms] [LOG] [Fast Refresh] done in 21ms @ http://localhost:3000/_next/static/chunks/node_modules_next_dist_1e8vcs8._.js:776
[ 1061464ms] [LOG] [Fast Refresh] done in 21ms @ http://localhost:3000/_next/static/chunks/node_modules_next_dist_1e8vcs8._.js:776
[ 1061526ms] [LOG] [Fast Refresh] done in 21ms @ http://localhost:3000/_next/static/chunks/node_modules_next_dist_1e8vcs8._.js:776
[ 1061588ms] [LOG] [Fast Refresh] done in 21ms @ http://localhost:3000/_next/static/chunks/node_modules_next_dist_1e8vcs8._.js:776
[ 1061650ms] [LOG] [Fast Refresh] done in 21ms @ http://localhost:3000/_next/static/chunks/node_modules_next_dist_1e8vcs8._.js:776
[ 1061714ms] [LOG] [Fast Refresh] done in 21ms @ http://localhost:3000/_next/static/chunks/node_modules_next_dist_1e8vcs8._.js:776
[ 1061776ms] [LOG] [Fast Refresh] done in 21ms @ http://localhost:3000/_next/static/chunks/node_modules_next_dist_1e8vcs8._.js:776
[ 1061839ms] [LOG] [Fast Refresh] done in 21ms @ http://localhost:3000/_next/static/chunks/node_modules_next_dist_1e8vcs8._.js:776
[ 1061901ms] [LOG] [Fast Refresh] done in 21ms @ http://localhost:3000/_next/static/chunks/node_modules_next_dist_1e8vcs8._.js:776
[ 1061962ms] [LOG] [Fast Refresh] done in 21ms @ http://localhost:3000/_next/static/chunks/node_modules_next_dist_1e8vcs8._.js:776
[ 1062023ms] [LOG] [Fast Refresh] done in 21ms @ http://localhost:3000/_next/static/chunks/node_modules_next_dist_1e8vcs8._.js:776
[ 1062086ms] [LOG] [Fast Refresh] done in 21ms @ http://localhost:3000/_next/static/chunks/node_modules_next_dist_1e8vcs8._.js:776
[ 1062148ms] [LOG] [Fast Refresh] done in 21ms @ http://localhost:3000/_next/static/chunks/node_modules_next_dist_1e8vcs8._.js:776
[ 1062320ms] [LOG] [Fast Refresh] done in 21ms @ http://localhost:3000/_next/static/chunks/node_modules_next_dist_1e8vcs8._.js:776
[ 1062382ms] [LOG] [Fast Refresh] done in 21ms @ http://localhost:3000/_next/static/chunks/node_modules_next_dist_1e8vcs8._.js:776
[ 1062444ms] [LOG] [Fast Refresh] done in 21ms @ http://localhost:3000/_next/static/chunks/node_modules_next_dist_1e8vcs8._.js:776
[ 1062506ms] [LOG] [Fast Refresh] done in 21ms @ http://localhost:3000/_next/static/chunks/node_modules_next_dist_1e8vcs8._.js:776
[ 1062569ms] [LOG] [Fast Refresh] done in 21ms @ http://localhost:3000/_next/static/chunks/node_modules_next_dist_1e8vcs8._.js:776
[ 1062633ms] [LOG] [Fast Refresh] done in 21ms @ http://localhost:3000/_next/static/chunks/node_modules_next_dist_1e8vcs8._.js:776
[ 1062695ms] [LOG] [Fast Refresh] done in 21ms @ http://localhost:3000/_next/static/chunks/node_modules_next_dist_1e8vcs8._.js:776
[ 1062758ms] [LOG] [Fast Refresh] done in 21ms @ http://localhost:3000/_next/static/chunks/node_modules_next_dist_1e8vcs8._.js:776
[ 1062821ms] [LOG] [Fast Refresh] done in 21ms @ http://localhost:3000/_next/static/chunks/node_modules_next_dist_1e8vcs8._.js:776
[ 1062883ms] [LOG] [Fast Refresh] done in 21ms @ http://localhost:3000/_next/static/chunks/node_modules_next_dist_1e8vcs8._.js:776
[ 1062946ms] [LOG] [Fast Refresh] done in 21ms @ http://localhost:3000/_next/static/chunks/node_modules_next_dist_1e8vcs8._.js:776
[ 1063008ms] [LOG] [Fast Refresh] done in 21ms @ http://localhost:3000/_next/static/chunks/node_modules_next_dist_1e8vcs8._.js:776
[ 1063070ms] [LOG] [Fast Refresh] done in 21ms @ http://localhost:3000/_next/static/chunks/node_modules_next_dist_1e8vcs8._.js:776
[ 1063131ms] [LOG] [Fast Refresh] done in 21ms @ http://localhost:3000/_next/static/chunks/node_modules_next_dist_1e8vcs8._.js:776
[ 1063193ms] [LOG] [Fast Refresh] done in 21ms @ http://localhost:3000/_next/static/chunks/node_modules_next_dist_1e8vcs8._.js:776
[ 1063256ms] [LOG] [Fast Refresh] done in 21ms @ http://localhost:3000/_next/static/chunks/node_modules_next_dist_1e8vcs8._.js:776
[ 1063318ms] [LOG] [Fast Refresh] done in 21ms @ http://localhost:3000/_next/static/chunks/node_modules_next_dist_1e8vcs8._.js:776
[ 1063380ms] [LOG] [Fast Refresh] done in 21ms @ http://localhost:3000/_next/static/chunks/node_modules_next_dist_1e8vcs8._.js:776
[ 1063443ms] [LOG] [Fast Refresh] done in 21ms @ http://localhost:3000/_next/static/chunks/node_modules_next_dist_1e8vcs8._.js:776
[ 1063503ms] [LOG] [Fast Refresh] done in 21ms @ http://localhost:3000/_next/static/chunks/node_modules_next_dist_1e8vcs8._.js:776
[ 1063689ms] [LOG] [Fast Refresh] done in 21ms @ http://localhost:3000/_next/static/chunks/node_modules_next_dist_1e8vcs8._.js:776
[ 1063752ms] [LOG] [Fast Refresh] done in 21ms @ http://localhost:3000/_next/static/chunks/node_modules_next_dist_1e8vcs8._.js:776
[ 1063815ms] [LOG] [Fast Refresh] done in 21ms @ http://localhost:3000/_next/static/chunks/node_modules_next_dist_1e8vcs8._.js:776
[ 1063877ms] [LOG] [Fast Refresh] done in 21ms @ http://localhost:3000/_next/static/chunks/node_modules_next_dist_1e8vcs8._.js:776
[ 1063938ms] [LOG] [Fast Refresh] done in 21ms @ http://localhost:3000/_next/static/chunks/node_modules_next_dist_1e8vcs8._.js:776
[ 1064001ms] [LOG] [Fast Refresh] done in 21ms @ http://localhost:3000/_next/static/chunks/node_modules_next_dist_1e8vcs8._.js:776
[ 1064062ms] [LOG] [Fast Refresh] done in 21ms @ http://localhost:3000/_next/static/chunks/node_modules_next_dist_1e8vcs8._.js:776
[ 1064125ms] [LOG] [Fast Refresh] done in 21ms @ http://localhost:3000/_next/static/chunks/node_modules_next_dist_1e8vcs8._.js:776
[ 1064187ms] [LOG] [Fast Refresh] done in 21ms @ http://localhost:3000/_next/static/chunks/node_modules_next_dist_1e8vcs8._.js:776
[ 1064249ms] [LOG] [Fast Refresh] done in 21ms @ http://localhost:3000/_next/static/chunks/node_modules_next_dist_1e8vcs8._.js:776
[ 1064310ms] [LOG] [Fast Refresh] done in 21ms @ http://localhost:3000/_next/static/chunks/node_modules_next_dist_1e8vcs8._.js:776
[ 1064372ms] [LOG] [Fast Refresh] done in 21ms @ http://localhost:3000/_next/static/chunks/node_modules_next_dist_1e8vcs8._.js:776
[ 1064433ms] [LOG] [Fast Refresh] done in 21ms @ http://localhost:3000/_next/static/chunks/node_modules_next_dist_1e8vcs8._.js:776
[ 1064495ms] [LOG] [Fast Refresh] done in 21ms @ http://localhost:3000/_next/static/chunks/node_modules_next_dist_1e8vcs8._.js:776
[ 1064556ms] [LOG] [Fast Refresh] done in 21ms @ http://localhost:3000/_next/static/chunks/node_modules_next_dist_1e8vcs8._.js:776
[ 1064619ms] [LOG] [Fast Refresh] done in 21ms @ http://localhost:3000/_next/static/chunks/node_modules_next_dist_1e8vcs8._.js:776
[ 1064681ms] [LOG] [Fast Refresh] done in 21ms @ http://localhost:3000/_next/static/chunks/node_modules_next_dist_1e8vcs8._.js:776
[ 1064743ms] [LOG] [Fast Refresh] done in 21ms @ http://localhost:3000/_next/static/chunks/node_modules_next_dist_1e8vcs8._.js:776
[ 1064805ms] [LOG] [Fast Refresh] done in 21ms @ http://localhost:3000/_next/static/chunks/node_modules_next_dist_1e8vcs8._.js:776
[ 1064867ms] [LOG] [Fast Refresh] done in 21ms @ http://localhost:3000/_next/static/chunks/node_modules_next_dist_1e8vcs8._.js:776
[ 1064930ms] [LOG] [Fast Refresh] done in 21ms @ http://localhost:3000/_next/static/chunks/node_modules_next_dist_1e8vcs8._.js:776
[ 1064992ms] [LOG] [Fast Refresh] done in 21ms @ http://localhost:3000/_next/static/chunks/node_modules_next_dist_1e8vcs8._.js:776
[ 1065054ms] [LOG] [Fast Refresh] done in 21ms @ http://localhost:3000/_next/static/chunks/node_modules_next_dist_1e8vcs8._.js:776
[ 1065117ms] [LOG] [Fast Refresh] done in 21ms @ http://localhost:3000/_next/static/chunks/node_modules_next_dist_1e8vcs8._.js:776
[ 1065180ms] [LOG] [Fast Refresh] done in 21ms @ http://localhost:3000/_next/static/chunks/node_modules_next_dist_1e8vcs8._.js:776
[ 1065242ms] [LOG] [Fast Refresh] done in 21ms @ http://localhost:3000/_next/static/chunks/node_modules_next_dist_1e8vcs8._.js:776
[ 1065304ms] [LOG] [Fast Refresh] done in 21ms @ http://localhost:3000/_next/static/chunks/node_modules_next_dist_1e8vcs8._.js:776
[ 1065366ms] [LOG] [Fast Refresh] done in 21ms @ http://localhost:3000/_next/static/chunks/node_modules_next_dist_1e8vcs8._.js:776
[ 1065428ms] [LOG] [Fast Refresh] done in 21ms @ http://localhost:3000/_next/static/chunks/node_modules_next_dist_1e8vcs8._.js:776
[ 1065490ms] [LOG] [Fast Refresh] done in 21ms @ http://localhost:3000/_next/static/chunks/node_modules_next_dist_1e8vcs8._.js:776
[ 1065553ms] [LOG] [Fast Refresh] done in 21ms @ http://localhost:3000/_next/static/chunks/node_modules_next_dist_1e8vcs8._.js:776
[ 1065616ms] [LOG] [Fast Refresh] done in 21ms @ http://localhost:3000/_next/static/chunks/node_modules_next_dist_1e8vcs8._.js:776
[ 1065678ms] [LOG] [Fast Refresh] done in 21ms @ http://localhost:3000/_next/static/chunks/node_modules_next_dist_1e8vcs8._.js:776
[ 1065740ms] [LOG] [Fast Refresh] done in 21ms @ http://localhost:3000/_next/static/chunks/node_modules_next_dist_1e8vcs8._.js:776
[ 1065802ms] [LOG] [Fast Refresh] done in 21ms @ http://localhost:3000/_next/static/chunks/node_modules_next_dist_1e8vcs8._.js:776
[ 1065863ms] [LOG] [Fast Refresh] done in 21ms @ http://localhost:3000/_next/static/chunks/node_modules_next_dist_1e8vcs8._.js:776
[ 1065925ms] [LOG] [Fast Refresh] done in 21ms @ http://localhost:3000/_next/static/chunks/node_modules_next_dist_1e8vcs8._.js:776
[ 1065987ms] [LOG] [Fast Refresh] done in 21ms @ http://localhost:3000/_next/static/chunks/node_modules_next_dist_1e8vcs8._.js:776
[ 1066050ms] [LOG] [Fast Refresh] done in 21ms @ http://localhost:3000/_next/static/chunks/node_modules_next_dist_1e8vcs8._.js:776
[ 1066112ms] [LOG] [Fast Refresh] done in 21ms @ http://localhost:3000/_next/static/chunks/node_modules_next_dist_1e8vcs8._.js:776
[ 1066175ms] [LOG] [Fast Refresh] done in 21ms @ http://localhost:3000/_next/static/chunks/node_modules_next_dist_1e8vcs8._.js:776
[ 1066238ms] [LOG] [Fast Refresh] done in 21ms @ http://localhost:3000/_next/static/chunks/node_modules_next_dist_1e8vcs8._.js:776
[ 1066300ms] [LOG] [Fast Refresh] done in 21ms @ http://localhost:3000/_next/static/chunks/node_modules_next_dist_1e8vcs8._.js:776
[ 1066363ms] [LOG] [Fast Refresh] done in 21ms @ http://localhost:3000/_next/static/chunks/node_modules_next_dist_1e8vcs8._.js:776
[ 1066425ms] [LOG] [Fast Refresh] done in 21ms @ http://localhost:3000/_next/static/chunks/node_modules_next_dist_1e8vcs8._.js:776
[ 1066487ms] [LOG] [Fast Refresh] done in 21ms @ http://localhost:3000/_next/static/chunks/node_modules_next_dist_1e8vcs8._.js:776
[ 1066565ms] [LOG] [Fast Refresh] done in 21ms @ http://localhost:3000/_next/static/chunks/node_modules_next_dist_1e8vcs8._.js:776
[ 1066627ms] [LOG] [Fast Refresh] done in 21ms @ http://localhost:3000/_next/static/chunks/node_modules_next_dist_1e8vcs8._.js:776
[ 1066689ms] [LOG] [Fast Refresh] done in 21ms @ http://localhost:3000/_next/static/chunks/node_modules_next_dist_1e8vcs8._.js:776
[ 1066751ms] [LOG] [Fast Refresh] done in 21ms @ http://localhost:3000/_next/static/chunks/node_modules_next_dist_1e8vcs8._.js:776
[ 1066829ms] [LOG] [Fast Refresh] done in 21ms @ http://localhost:3000/_next/static/chunks/node_modules_next_dist_1e8vcs8._.js:776
[ 1066889ms] [LOG] [Fast Refresh] done in 21ms @ http://localhost:3000/_next/static/chunks/node_modules_next_dist_1e8vcs8._.js:776
[ 1066951ms] [LOG] [Fast Refresh] done in 21ms @ http://localhost:3000/_next/static/chunks/node_modules_next_dist_1e8vcs8._.js:776
[ 1067013ms] [LOG] [Fast Refresh] done in 21ms @ http://localhost:3000/_next/static/chunks/node_modules_next_dist_1e8vcs8._.js:776
[ 1067075ms] [LOG] [Fast Refresh] done in 21ms @ http://localhost:3000/_next/static/chunks/node_modules_next_dist_1e8vcs8._.js:776
[ 1067137ms] [LOG] [Fast Refresh] done in 21ms @ http://localhost:3000/_next/static/chunks/node_modules_next_dist_1e8vcs8._.js:776
[ 1067199ms] [LOG] [Fast Refresh] done in 21ms @ http://localhost:3000/_next/static/chunks/node_modules_next_dist_1e8vcs8._.js:776
[ 1067260ms] [LOG] [Fast Refresh] done in 21ms @ http://localhost:3000/_next/static/chunks/node_modules_next_dist_1e8vcs8._.js:776
[ 1067324ms] [LOG] [Fast Refresh] done in 21ms @ http://localhost:3000/_next/static/chunks/node_modules_next_dist_1e8vcs8._.js:776
[ 1067389ms] [LOG] [Fast Refresh] done in 21ms @ http://localhost:3000/_next/static/chunks/node_modules_next_dist_1e8vcs8._.js:776
[ 1067449ms] [LOG] [Fast Refresh] done in 21ms @ http://localhost:3000/_next/static/chunks/node_modules_next_dist_1e8vcs8._.js:776
[ 1067511ms] [LOG] [Fast Refresh] done in 21ms @ http://localhost:3000/_next/static/chunks/node_modules_next_dist_1e8vcs8._.js:776
[ 1067573ms] [LOG] [Fast Refresh] done in 21ms @ http://localhost:3000/_next/static/chunks/node_modules_next_dist_1e8vcs8._.js:776
[ 1067635ms] [LOG] [Fast Refresh] done in 21ms @ http://localhost:3000/_next/static/chunks/node_modules_next_dist_1e8vcs8._.js:776
[ 1067806ms] [LOG] [Fast Refresh] done in 21ms @ http://localhost:3000/_next/static/chunks/node_modules_next_dist_1e8vcs8._.js:776
[ 1067868ms] [LOG] [Fast Refresh] done in 21ms @ http://localhost:3000/_next/static/chunks/node_modules_next_dist_1e8vcs8._.js:776
[ 1067930ms] [LOG] [Fast Refresh] done in 21ms @ http://localhost:3000/_next/static/chunks/node_modules_next_dist_1e8vcs8._.js:776
[ 1067992ms] [LOG] [Fast Refresh] done in 21ms @ http://localhost:3000/_next/static/chunks/node_modules_next_dist_1e8vcs8._.js:776
[ 1068054ms] [LOG] [Fast Refresh] done in 21ms @ http://localhost:3000/_next/static/chunks/node_modules_next_dist_1e8vcs8._.js:776
[ 1068115ms] [LOG] [Fast Refresh] done in 21ms @ http://localhost:3000/_next/static/chunks/node_modules_next_dist_1e8vcs8._.js:776
[ 1068176ms] [LOG] [Fast Refresh] done in 21ms @ http://localhost:3000/_next/static/chunks/node_modules_next_dist_1e8vcs8._.js:776
[ 1068238ms] [LOG] [Fast Refresh] done in 21ms @ http://localhost:3000/_next/static/chunks/node_modules_next_dist_1e8vcs8._.js:776
[ 1068301ms] [LOG] [Fast Refresh] done in 21ms @ http://localhost:3000/_next/static/chunks/node_modules_next_dist_1e8vcs8._.js:776
[ 1068362ms] [LOG] [Fast Refresh] done in 21ms @ http://localhost:3000/_next/static/chunks/node_modules_next_dist_1e8vcs8._.js:776
[ 1068424ms] [LOG] [Fast Refresh] done in 21ms @ http://localhost:3000/_next/static/chunks/node_modules_next_dist_1e8vcs8._.js:776
[ 1068485ms] [LOG] [Fast Refresh] done in 21ms @ http://localhost:3000/_next/static/chunks/node_modules_next_dist_1e8vcs8._.js:776
[ 1068547ms] [LOG] [Fast Refresh] done in 21ms @ http://localhost:3000/_next/static/chunks/node_modules_next_dist_1e8vcs8._.js:776
[ 1068611ms] [LOG] [Fast Refresh] done in 21ms @ http://localhost:3000/_next/static/chunks/node_modules_next_dist_1e8vcs8._.js:776
[ 1068672ms] [LOG] [Fast Refresh] done in 21ms @ http://localhost:3000/_next/static/chunks/node_modules_next_dist_1e8vcs8._.js:776
[ 1068734ms] [LOG] [Fast Refresh] done in 21ms @ http://localhost:3000/_next/static/chunks/node_modules_next_dist_1e8vcs8._.js:776
[ 1068797ms] [LOG] [Fast Refresh] done in 21ms @ http://localhost:3000/_next/static/chunks/node_modules_next_dist_1e8vcs8._.js:776
[ 1068858ms] [LOG] [Fast Refresh] done in 21ms @ http://localhost:3000/_next/static/chunks/node_modules_next_dist_1e8vcs8._.js:776
[ 1068919ms] [LOG] [Fast Refresh] done in 21ms @ http://localhost:3000/_next/static/chunks/node_modules_next_dist_1e8vcs8._.js:776
[ 1068981ms] [LOG] [Fast Refresh] done in 21ms @ http://localhost:3000/_next/static/chunks/node_modules_next_dist_1e8vcs8._.js:776
[ 1069043ms] [LOG] [Fast Refresh] done in 21ms @ http://localhost:3000/_next/static/chunks/node_modules_next_dist_1e8vcs8._.js:776
[ 1069105ms] [LOG] [Fast Refresh] done in 21ms @ http://localhost:3000/_next/static/chunks/node_modules_next_dist_1e8vcs8._.js:776
[ 1069167ms] [LOG] [Fast Refresh] done in 21ms @ http://localhost:3000/_next/static/chunks/node_modules_next_dist_1e8vcs8._.js:776
[ 1069230ms] [LOG] [Fast Refresh] done in 21ms @ http://localhost:3000/_next/static/chunks/node_modules_next_dist_1e8vcs8._.js:776
[ 1069292ms] [LOG] [Fast Refresh] done in 21ms @ http://localhost:3000/_next/static/chunks/node_modules_next_dist_1e8vcs8._.js:776
[ 1069354ms] [LOG] [Fast Refresh] done in 21ms @ http://localhost:3000/_next/static/chunks/node_modules_next_dist_1e8vcs8._.js:776
[ 1069416ms] [LOG] [Fast Refresh] done in 21ms @ http://localhost:3000/_next/static/chunks/node_modules_next_dist_1e8vcs8._.js:776
[ 1069477ms] [LOG] [Fast Refresh] done in 21ms @ http://localhost:3000/_next/static/chunks/node_modules_next_dist_1e8vcs8._.js:776
[ 1069539ms] [LOG] [Fast Refresh] done in 21ms @ http://localhost:3000/_next/static/chunks/node_modules_next_dist_1e8vcs8._.js:776
[ 1069602ms] [LOG] [Fast Refresh] done in 21ms @ http://localhost:3000/_next/static/chunks/node_modules_next_dist_1e8vcs8._.js:776
[ 1069664ms] [LOG] [Fast Refresh] done in 21ms @ http://localhost:3000/_next/static/chunks/node_modules_next_dist_1e8vcs8._.js:776
[ 1069725ms] [LOG] [Fast Refresh] done in 21ms @ http://localhost:3000/_next/static/chunks/node_modules_next_dist_1e8vcs8._.js:776
[ 1069787ms] [LOG] [Fast Refresh] done in 21ms @ http://localhost:3000/_next/static/chunks/node_modules_next_dist_1e8vcs8._.js:776
[ 1069849ms] [LOG] [Fast Refresh] done in 21ms @ http://localhost:3000/_next/static/chunks/node_modules_next_dist_1e8vcs8._.js:776
[ 1069912ms] [LOG] [Fast Refresh] done in 21ms @ http://localhost:3000/_next/static/chunks/node_modules_next_dist_1e8vcs8._.js:776
[ 1069974ms] [LOG] [Fast Refresh] done in 21ms @ http://localhost:3000/_next/static/chunks/node_modules_next_dist_1e8vcs8._.js:776
[ 1070036ms] [LOG] [Fast Refresh] done in 21ms @ http://localhost:3000/_next/static/chunks/node_modules_next_dist_1e8vcs8._.js:776
[ 1070099ms] [LOG] [Fast Refresh] done in 21ms @ http://localhost:3000/_next/static/chunks/node_modules_next_dist_1e8vcs8._.js:776
[ 1070160ms] [LOG] [Fast Refresh] done in 21ms @ http://localhost:3000/_next/static/chunks/node_modules_next_dist_1e8vcs8._.js:776
[ 1070223ms] [LOG] [Fast Refresh] done in 21ms @ http://localhost:3000/_next/static/chunks/node_modules_next_dist_1e8vcs8._.js:776
[ 1070285ms] [LOG] [Fast Refresh] done in 21ms @ http://localhost:3000/_next/static/chunks/node_modules_next_dist_1e8vcs8._.js:776
[ 1070348ms] [LOG] [Fast Refresh] done in 21ms @ http://localhost:3000/_next/static/chunks/node_modules_next_dist_1e8vcs8._.js:776
[ 1070518ms] [LOG] [Fast Refresh] done in 21ms @ http://localhost:3000/_next/static/chunks/node_modules_next_dist_1e8vcs8._.js:776
[ 1070580ms] [LOG] [Fast Refresh] done in 21ms @ http://localhost:3000/_next/static/chunks/node_modules_next_dist_1e8vcs8._.js:776
[ 1070642ms] [LOG] [Fast Refresh] done in 21ms @ http://localhost:3000/_next/static/chunks/node_modules_next_dist_1e8vcs8._.js:776
[ 1070704ms] [LOG] [Fast Refresh] done in 21ms @ http://localhost:3000/_next/static/chunks/node_modules_next_dist_1e8vcs8._.js:776
[ 1070765ms] [LOG] [Fast Refresh] done in 21ms @ http://localhost:3000/_next/static/chunks/node_modules_next_dist_1e8vcs8._.js:776
[ 1070828ms] [LOG] [Fast Refresh] done in 21ms @ http://localhost:3000/_next/static/chunks/node_modules_next_dist_1e8vcs8._.js:776
[ 1070890ms] [LOG] [Fast Refresh] done in 21ms @ http://localhost:3000/_next/static/chunks/node_modules_next_dist_1e8vcs8._.js:776
[ 1070953ms] [LOG] [Fast Refresh] done in 21ms @ http://localhost:3000/_next/static/chunks/node_modules_next_dist_1e8vcs8._.js:776
[ 1071014ms] [LOG] [Fast Refresh] done in 21ms @ http://localhost:3000/_next/static/chunks/node_modules_next_dist_1e8vcs8._.js:776
[ 1071076ms] [LOG] [Fast Refresh] done in 21ms @ http://localhost:3000/_next/static/chunks/node_modules_next_dist_1e8vcs8._.js:776
[ 1071139ms] [LOG] [Fast Refresh] done in 21ms @ http://localhost:3000/_next/static/chunks/node_modules_next_dist_1e8vcs8._.js:776
[ 1071200ms] [LOG] [Fast Refresh] done in 21ms @ http://localhost:3000/_next/static/chunks/node_modules_next_dist_1e8vcs8._.js:776
[ 1071261ms] [LOG] [Fast Refresh] done in 21ms @ http://localhost:3000/_next/static/chunks/node_modules_next_dist_1e8vcs8._.js:776
[ 1071323ms] [LOG] [Fast Refresh] done in 21ms @ http://localhost:3000/_next/static/chunks/node_modules_next_dist_1e8vcs8._.js:776
[ 1071385ms] [LOG] [Fast Refresh] done in 21ms @ http://localhost:3000/_next/static/chunks/node_modules_next_dist_1e8vcs8._.js:776
[ 1071448ms] [LOG] [Fast Refresh] done in 21ms @ http://localhost:3000/_next/static/chunks/node_modules_next_dist_1e8vcs8._.js:776
[ 1071509ms] [LOG] [Fast Refresh] done in 21ms @ http://localhost:3000/_next/static/chunks/node_modules_next_dist_1e8vcs8._.js:776
[ 1071571ms] [LOG] [Fast Refresh] done in 21ms @ http://localhost:3000/_next/static/chunks/node_modules_next_dist_1e8vcs8._.js:776
[ 1071633ms] [LOG] [Fast Refresh] done in 21ms @ http://localhost:3000/_next/static/chunks/node_modules_next_dist_1e8vcs8._.js:776
[ 1071695ms] [LOG] [Fast Refresh] done in 21ms @ http://localhost:3000/_next/static/chunks/node_modules_next_dist_1e8vcs8._.js:776
[ 1071898ms] [LOG] [Fast Refresh] done in 21ms @ http://localhost:3000/_next/static/chunks/node_modules_next_dist_1e8vcs8._.js:776
[ 1071959ms] [LOG] [Fast Refresh] done in 21ms @ http://localhost:3000/_next/static/chunks/node_modules_next_dist_1e8vcs8._.js:776
[ 1072020ms] [LOG] [Fast Refresh] done in 21ms @ http://localhost:3000/_next/static/chunks/node_modules_next_dist_1e8vcs8._.js:776
[ 1072083ms] [LOG] [Fast Refresh] done in 21ms @ http://localhost:3000/_next/static/chunks/node_modules_next_dist_1e8vcs8._.js:776
[ 1072145ms] [LOG] [Fast Refresh] done in 21ms @ http://localhost:3000/_next/static/chunks/node_modules_next_dist_1e8vcs8._.js:776
[ 1072207ms] [LOG] [Fast Refresh] done in 21ms @ http://localhost:3000/_next/static/chunks/node_modules_next_dist_1e8vcs8._.js:776
[ 1072269ms] [LOG] [Fast Refresh] done in 21ms @ http://localhost:3000/_next/static/chunks/node_modules_next_dist_1e8vcs8._.js:776
[ 1072332ms] [LOG] [Fast Refresh] done in 21ms @ http://localhost:3000/_next/static/chunks/node_modules_next_dist_1e8vcs8._.js:776
[ 1072394ms] [LOG] [Fast Refresh] done in 21ms @ http://localhost:3000/_next/static/chunks/node_modules_next_dist_1e8vcs8._.js:776
[ 1072456ms] [LOG] [Fast Refresh] done in 21ms @ http://localhost:3000/_next/static/chunks/node_modules_next_dist_1e8vcs8._.js:776
[ 1072519ms] [LOG] [Fast Refresh] done in 21ms @ http://localhost:3000/_next/static/chunks/node_modules_next_dist_1e8vcs8._.js:776
[ 1072580ms] [LOG] [Fast Refresh] done in 21ms @ http://localhost:3000/_next/static/chunks/node_modules_next_dist_1e8vcs8._.js:776
[ 1072641ms] [LOG] [Fast Refresh] done in 21ms @ http://localhost:3000/_next/static/chunks/node_modules_next_dist_1e8vcs8._.js:776
[ 1072703ms] [LOG] [Fast Refresh] done in 21ms @ http://localhost:3000/_next/static/chunks/node_modules_next_dist_1e8vcs8._.js:776
[ 1072765ms] [LOG] [Fast Refresh] done in 21ms @ http://localhost:3000/_next/static/chunks/node_modules_next_dist_1e8vcs8._.js:776
[ 1072828ms] [LOG] [Fast Refresh] done in 21ms @ http://localhost:3000/_next/static/chunks/node_modules_next_dist_1e8vcs8._.js:776
[ 1072890ms] [LOG] [Fast Refresh] done in 21ms @ http://localhost:3000/_next/static/chunks/node_modules_next_dist_1e8vcs8._.js:776
[ 1072953ms] [LOG] [Fast Refresh] done in 21ms @ http://localhost:3000/_next/static/chunks/node_modules_next_dist_1e8vcs8._.js:776
[ 1073016ms] [LOG] [Fast Refresh] done in 21ms @ http://localhost:3000/_next/static/chunks/node_modules_next_dist_1e8vcs8._.js:776
[ 1073077ms] [LOG] [Fast Refresh] done in 21ms @ http://localhost:3000/_next/static/chunks/node_modules_next_dist_1e8vcs8._.js:776
[ 1073218ms] [LOG] [Fast Refresh] done in 21ms @ http://localhost:3000/_next/static/chunks/node_modules_next_dist_1e8vcs8._.js:776
[ 1073280ms] [LOG] [Fast Refresh] done in 21ms @ http://localhost:3000/_next/static/chunks/node_modules_next_dist_1e8vcs8._.js:776
[ 1073344ms] [LOG] [Fast Refresh] done in 21ms @ http://localhost:3000/_next/static/chunks/node_modules_next_dist_1e8vcs8._.js:776
[ 1073406ms] [LOG] [Fast Refresh] done in 21ms @ http://localhost:3000/_next/static/chunks/node_modules_next_dist_1e8vcs8._.js:776
[ 1073469ms] [LOG] [Fast Refresh] done in 21ms @ http://localhost:3000/_next/static/chunks/node_modules_next_dist_1e8vcs8._.js:776
[ 1073530ms] [LOG] [Fast Refresh] done in 21ms @ http://localhost:3000/_next/static/chunks/node_modules_next_dist_1e8vcs8._.js:776
[ 1073592ms] [LOG] [Fast Refresh] done in 21ms @ http://localhost:3000/_next/static/chunks/node_modules_next_dist_1e8vcs8._.js:776
[ 1073655ms] [LOG] [Fast Refresh] done in 21ms @ http://localhost:3000/_next/static/chunks/node_modules_next_dist_1e8vcs8._.js:776
[ 1073717ms] [LOG] [Fast Refresh] done in 21ms @ http://localhost:3000/_next/static/chunks/node_modules_next_dist_1e8vcs8._.js:776
[ 1073779ms] [LOG] [Fast Refresh] done in 21ms @ http://localhost:3000/_next/static/chunks/node_modules_next_dist_1e8vcs8._.js:776
[ 1073843ms] [LOG] [Fast Refresh] done in 21ms @ http://localhost:3000/_next/static/chunks/node_modules_next_dist_1e8vcs8._.js:776
[ 1073904ms] [LOG] [Fast Refresh] done in 21ms @ http://localhost:3000/_next/static/chunks/node_modules_next_dist_1e8vcs8._.js:776
[ 1073966ms] [LOG] [Fast Refresh] done in 21ms @ http://localhost:3000/_next/static/chunks/node_modules_next_dist_1e8vcs8._.js:776
[ 1074028ms] [LOG] [Fast Refresh] done in 21ms @ http://localhost:3000/_next/static/chunks/node_modules_next_dist_1e8vcs8._.js:776
[ 1074090ms] [LOG] [Fast Refresh] done in 21ms @ http://localhost:3000/_next/static/chunks/node_modules_next_dist_1e8vcs8._.js:776
[ 1074152ms] [LOG] [Fast Refresh] done in 21ms @ http://localhost:3000/_next/static/chunks/node_modules_next_dist_1e8vcs8._.js:776
[ 1074214ms] [LOG] [Fast Refresh] done in 21ms @ http://localhost:3000/_next/static/chunks/node_modules_next_dist_1e8vcs8._.js:776
[ 1074277ms] [LOG] [Fast Refresh] done in 21ms @ http://localhost:3000/_next/static/chunks/node_modules_next_dist_1e8vcs8._.js:776
[ 1074338ms] [LOG] [Fast Refresh] done in 21ms @ http://localhost:3000/_next/static/chunks/node_modules_next_dist_1e8vcs8._.js:776
[ 1074400ms] [LOG] [Fast Refresh] done in 21ms @ http://localhost:3000/_next/static/chunks/node_modules_next_dist_1e8vcs8._.js:776
[ 1074462ms] [LOG] [Fast Refresh] done in 21ms @ http://localhost:3000/_next/static/chunks/node_modules_next_dist_1e8vcs8._.js:776
[ 1074525ms] [LOG] [Fast Refresh] done in 21ms @ http://localhost:3000/_next/static/chunks/node_modules_next_dist_1e8vcs8._.js:776
[ 1074587ms] [LOG] [Fast Refresh] done in 21ms @ http://localhost:3000/_next/static/chunks/node_modules_next_dist_1e8vcs8._.js:776
[ 1074648ms] [LOG] [Fast Refresh] done in 21ms @ http://localhost:3000/_next/static/chunks/node_modules_next_dist_1e8vcs8._.js:776
[ 1074710ms] [LOG] [Fast Refresh] done in 21ms @ http://localhost:3000/_next/static/chunks/node_modules_next_dist_1e8vcs8._.js:776
[ 1074772ms] [LOG] [Fast Refresh] done in 21ms @ http://localhost:3000/_next/static/chunks/node_modules_next_dist_1e8vcs8._.js:776
[ 1074835ms] [LOG] [Fast Refresh] done in 21ms @ http://localhost:3000/_next/static/chunks/node_modules_next_dist_1e8vcs8._.js:776
[ 1074897ms] [LOG] [Fast Refresh] done in 21ms @ http://localhost:3000/_next/static/chunks/node_modules_next_dist_1e8vcs8._.js:776
[ 1074959ms] [LOG] [Fast Refresh] done in 21ms @ http://localhost:3000/_next/static/chunks/node_modules_next_dist_1e8vcs8._.js:776
[ 1075021ms] [LOG] [Fast Refresh] done in 21ms @ http://localhost:3000/_next/static/chunks/node_modules_next_dist_1e8vcs8._.js:776
[ 1075084ms] [LOG] [Fast Refresh] done in 21ms @ http://localhost:3000/_next/static/chunks/node_modules_next_dist_1e8vcs8._.js:776
[ 1075147ms] [LOG] [Fast Refresh] done in 21ms @ http://localhost:3000/_next/static/chunks/node_modules_next_dist_1e8vcs8._.js:776
[ 1075208ms] [LOG] [Fast Refresh] done in 21ms @ http://localhost:3000/_next/static/chunks/node_modules_next_dist_1e8vcs8._.js:776
[ 1075269ms] [LOG] [Fast Refresh] done in 21ms @ http://localhost:3000/_next/static/chunks/node_modules_next_dist_1e8vcs8._.js:776
[ 1075333ms] [LOG] [Fast Refresh] done in 21ms @ http://localhost:3000/_next/static/chunks/node_modules_next_dist_1e8vcs8._.js:776
[ 1075396ms] [LOG] [Fast Refresh] done in 21ms @ http://localhost:3000/_next/static/chunks/node_modules_next_dist_1e8vcs8._.js:776
[ 1075458ms] [LOG] [Fast Refresh] done in 21ms @ http://localhost:3000/_next/static/chunks/node_modules_next_dist_1e8vcs8._.js:776
[ 1075521ms] [LOG] [Fast Refresh] done in 21ms @ http://localhost:3000/_next/static/chunks/node_modules_next_dist_1e8vcs8._.js:776
[ 1075584ms] [LOG] [Fast Refresh] done in 21ms @ http://localhost:3000/_next/static/chunks/node_modules_next_dist_1e8vcs8._.js:776
[ 1075647ms] [LOG] [Fast Refresh] done in 21ms @ http://localhost:3000/_next/static/chunks/node_modules_next_dist_1e8vcs8._.js:776
[ 1075707ms] [LOG] [Fast Refresh] done in 21ms @ http://localhost:3000/_next/static/chunks/node_modules_next_dist_1e8vcs8._.js:776
[ 1075770ms] [LOG] [Fast Refresh] done in 21ms @ http://localhost:3000/_next/static/chunks/node_modules_next_dist_1e8vcs8._.js:776
[ 1075832ms] [LOG] [Fast Refresh] done in 21ms @ http://localhost:3000/_next/static/chunks/node_modules_next_dist_1e8vcs8._.js:776
[ 1075895ms] [LOG] [Fast Refresh] done in 21ms @ http://localhost:3000/_next/static/chunks/node_modules_next_dist_1e8vcs8._.js:776
[ 1075957ms] [LOG] [Fast Refresh] done in 21ms @ http://localhost:3000/_next/static/chunks/node_modules_next_dist_1e8vcs8._.js:776
[ 1076020ms] [LOG] [Fast Refresh] done in 21ms @ http://localhost:3000/_next/static/chunks/node_modules_next_dist_1e8vcs8._.js:776
[ 1076081ms] [LOG] [Fast Refresh] done in 21ms @ http://localhost:3000/_next/static/chunks/node_modules_next_dist_1e8vcs8._.js:776
[ 1076142ms] [LOG] [Fast Refresh] done in 21ms @ http://localhost:3000/_next/static/chunks/node_modules_next_dist_1e8vcs8._.js:776
[ 1076204ms] [LOG] [Fast Refresh] done in 21ms @ http://localhost:3000/_next/static/chunks/node_modules_next_dist_1e8vcs8._.js:776
[ 1076266ms] [LOG] [Fast Refresh] done in 21ms @ http://localhost:3000/_next/static/chunks/node_modules_next_dist_1e8vcs8._.js:776
[ 1076328ms] [LOG] [Fast Refresh] done in 21ms @ http://localhost:3000/_next/static/chunks/node_modules_next_dist_1e8vcs8._.js:776
[ 1076391ms] [LOG] [Fast Refresh] done in 21ms @ http://localhost:3000/_next/static/chunks/node_modules_next_dist_1e8vcs8._.js:776
[ 1076454ms] [LOG] [Fast Refresh] done in 21ms @ http://localhost:3000/_next/static/chunks/node_modules_next_dist_1e8vcs8._.js:776
[ 1076517ms] [LOG] [Fast Refresh] done in 21ms @ http://localhost:3000/_next/static/chunks/node_modules_next_dist_1e8vcs8._.js:776
[ 1076578ms] [LOG] [Fast Refresh] done in 21ms @ http://localhost:3000/_next/static/chunks/node_modules_next_dist_1e8vcs8._.js:776
[ 1076640ms] [LOG] [Fast Refresh] done in 21ms @ http://localhost:3000/_next/static/chunks/node_modules_next_dist_1e8vcs8._.js:776
[ 1076702ms] [LOG] [Fast Refresh] done in 21ms @ http://localhost:3000/_next/static/chunks/node_modules_next_dist_1e8vcs8._.js:776
[ 1076765ms] [LOG] [Fast Refresh] done in 21ms @ http://localhost:3000/_next/static/chunks/node_modules_next_dist_1e8vcs8._.js:776
[ 1076843ms] [LOG] [Fast Refresh] done in 21ms @ http://localhost:3000/_next/static/chunks/node_modules_next_dist_1e8vcs8._.js:776
[ 1076897ms] [LOG] [Fast Refresh] done in 21ms @ http://localhost:3000/_next/static/chunks/node_modules_next_dist_1e8vcs8._.js:776
[ 1076951ms] [LOG] [Fast Refresh] done in 21ms @ http://localhost:3000/_next/static/chunks/node_modules_next_dist_1e8vcs8._.js:776
[ 1077013ms] [LOG] [Fast Refresh] done in 21ms @ http://localhost:3000/_next/static/chunks/node_modules_next_dist_1e8vcs8._.js:776
[ 1077075ms] [LOG] [Fast Refresh] done in 21ms @ http://localhost:3000/_next/static/chunks/node_modules_next_dist_1e8vcs8._.js:776
[ 1077138ms] [LOG] [Fast Refresh] done in 21ms @ http://localhost:3000/_next/static/chunks/node_modules_next_dist_1e8vcs8._.js:776
[ 1077199ms] [LOG] [Fast Refresh] done in 21ms @ http://localhost:3000/_next/static/chunks/node_modules_next_dist_1e8vcs8._.js:776
[ 1077278ms] [LOG] [Fast Refresh] done in 21ms @ http://localhost:3000/_next/static/chunks/node_modules_next_dist_1e8vcs8._.js:776
[ 1077587ms] [LOG] [Fast Refresh] done in 21ms @ http://localhost:3000/_next/static/chunks/node_modules_next_dist_1e8vcs8._.js:776
[ 1077649ms] [LOG] [Fast Refresh] done in 21ms @ http://localhost:3000/_next/static/chunks/node_modules_next_dist_1e8vcs8._.js:776
[ 1077712ms] [LOG] [Fast Refresh] done in 21ms @ http://localhost:3000/_next/static/chunks/node_modules_next_dist_1e8vcs8._.js:776
[ 1077774ms] [LOG] [Fast Refresh] done in 21ms @ http://localhost:3000/_next/static/chunks/node_modules_next_dist_1e8vcs8._.js:776
[ 1077836ms] [LOG] [Fast Refresh] done in 21ms @ http://localhost:3000/_next/static/chunks/node_modules_next_dist_1e8vcs8._.js:776
[ 1077898ms] [LOG] [Fast Refresh] done in 21ms @ http://localhost:3000/_next/static/chunks/node_modules_next_dist_1e8vcs8._.js:776
[ 1077961ms] [LOG] [Fast Refresh] done in 21ms @ http://localhost:3000/_next/static/chunks/node_modules_next_dist_1e8vcs8._.js:776
[ 1078022ms] [LOG] [Fast Refresh] done in 21ms @ http://localhost:3000/_next/static/chunks/node_modules_next_dist_1e8vcs8._.js:776
[ 1078085ms] [LOG] [Fast Refresh] done in 21ms @ http://localhost:3000/_next/static/chunks/node_modules_next_dist_1e8vcs8._.js:776
[ 1078147ms] [LOG] [Fast Refresh] done in 21ms @ http://localhost:3000/_next/static/chunks/node_modules_next_dist_1e8vcs8._.js:776
[ 1078209ms] [LOG] [Fast Refresh] done in 21ms @ http://localhost:3000/_next/static/chunks/node_modules_next_dist_1e8vcs8._.js:776
[ 1078271ms] [LOG] [Fast Refresh] done in 21ms @ http://localhost:3000/_next/static/chunks/node_modules_next_dist_1e8vcs8._.js:776
[ 1078334ms] [LOG] [Fast Refresh] done in 21ms @ http://localhost:3000/_next/static/chunks/node_modules_next_dist_1e8vcs8._.js:776
[ 1078397ms] [LOG] [Fast Refresh] done in 21ms @ http://localhost:3000/_next/static/chunks/node_modules_next_dist_1e8vcs8._.js:776
[ 1078568ms] [LOG] [Fast Refresh] done in 21ms @ http://localhost:3000/_next/static/chunks/node_modules_next_dist_1e8vcs8._.js:776
[ 1078630ms] [LOG] [Fast Refresh] done in 21ms @ http://localhost:3000/_next/static/chunks/node_modules_next_dist_1e8vcs8._.js:776
[ 1078692ms] [LOG] [Fast Refresh] done in 21ms @ http://localhost:3000/_next/static/chunks/node_modules_next_dist_1e8vcs8._.js:776
[ 1078754ms] [LOG] [Fast Refresh] done in 21ms @ http://localhost:3000/_next/static/chunks/node_modules_next_dist_1e8vcs8._.js:776
[ 1078815ms] [LOG] [Fast Refresh] done in 21ms @ http://localhost:3000/_next/static/chunks/node_modules_next_dist_1e8vcs8._.js:776
[ 1079192ms] [LOG] [Fast Refresh] done in 21ms @ http://localhost:3000/_next/static/chunks/node_modules_next_dist_1e8vcs8._.js:776
[ 1079332ms] [LOG] [Fast Refresh] rebuilding @ http://localhost:3000/_next/static/chunks/node_modules_next_dist_1e8vcs8._.js:776
[ 1079427ms] [LOG] [Fast Refresh] done in 36ms @ http://localhost:3000/_next/static/chunks/node_modules_next_dist_1e8vcs8._.js:776
[ 1079481ms] [LOG] [Fast Refresh] done in 36ms @ http://localhost:3000/_next/static/chunks/node_modules_next_dist_1e8vcs8._.js:776
[ 1079543ms] [LOG] [Fast Refresh] done in 36ms @ http://localhost:3000/_next/static/chunks/node_modules_next_dist_1e8vcs8._.js:776
[ 1079606ms] [LOG] [Fast Refresh] done in 36ms @ http://localhost:3000/_next/static/chunks/node_modules_next_dist_1e8vcs8._.js:776
[ 1079667ms] [LOG] [Fast Refresh] done in 36ms @ http://localhost:3000/_next/static/chunks/node_modules_next_dist_1e8vcs8._.js:776
[ 1079729ms] [LOG] [Fast Refresh] done in 36ms @ http://localhost:3000/_next/static/chunks/node_modules_next_dist_1e8vcs8._.js:776
[ 1079792ms] [LOG] [Fast Refresh] done in 36ms @ http://localhost:3000/_next/static/chunks/node_modules_next_dist_1e8vcs8._.js:776
[ 1079884ms] [LOG] [Fast Refresh] done in 36ms @ http://localhost:3000/_next/static/chunks/node_modules_next_dist_1e8vcs8._.js:776
[ 1079946ms] [LOG] [Fast Refresh] done in 36ms @ http://localhost:3000/_next/static/chunks/node_modules_next_dist_1e8vcs8._.js:776
[ 1080009ms] [LOG] [Fast Refresh] done in 36ms @ http://localhost:3000/_next/static/chunks/node_modules_next_dist_1e8vcs8._.js:776
[ 1080070ms] [LOG] [Fast Refresh] done in 36ms @ http://localhost:3000/_next/static/chunks/node_modules_next_dist_1e8vcs8._.js:776
[ 1080132ms] [LOG] [Fast Refresh] done in 36ms @ http://localhost:3000/_next/static/chunks/node_modules_next_dist_1e8vcs8._.js:776
[ 1080195ms] [LOG] [Fast Refresh] done in 36ms @ http://localhost:3000/_next/static/chunks/node_modules_next_dist_1e8vcs8._.js:776
[ 1080257ms] [LOG] [Fast Refresh] done in 36ms @ http://localhost:3000/_next/static/chunks/node_modules_next_dist_1e8vcs8._.js:776
[ 1080319ms] [LOG] [Fast Refresh] done in 36ms @ http://localhost:3000/_next/static/chunks/node_modules_next_dist_1e8vcs8._.js:776
[ 1080381ms] [LOG] [Fast Refresh] done in 36ms @ http://localhost:3000/_next/static/chunks/node_modules_next_dist_1e8vcs8._.js:776
[ 1080443ms] [LOG] [Fast Refresh] done in 36ms @ http://localhost:3000/_next/static/chunks/node_modules_next_dist_1e8vcs8._.js:776
[ 1080505ms] [LOG] [Fast Refresh] done in 36ms @ http://localhost:3000/_next/static/chunks/node_modules_next_dist_1e8vcs8._.js:776
[ 1080568ms] [LOG] [Fast Refresh] done in 36ms @ http://localhost:3000/_next/static/chunks/node_modules_next_dist_1e8vcs8._.js:776
[ 1080631ms] [LOG] [Fast Refresh] done in 36ms @ http://localhost:3000/_next/static/chunks/node_modules_next_dist_1e8vcs8._.js:776
[ 1080693ms] [LOG] [Fast Refresh] done in 36ms @ http://localhost:3000/_next/static/chunks/node_modules_next_dist_1e8vcs8._.js:776
[ 1080755ms] [LOG] [Fast Refresh] done in 36ms @ http://localhost:3000/_next/static/chunks/node_modules_next_dist_1e8vcs8._.js:776
[ 1080849ms] [LOG] [Fast Refresh] done in 36ms @ http://localhost:3000/_next/static/chunks/node_modules_next_dist_1e8vcs8._.js:776
[ 1080909ms] [LOG] [Fast Refresh] done in 36ms @ http://localhost:3000/_next/static/chunks/node_modules_next_dist_1e8vcs8._.js:776
[ 1080971ms] [LOG] [Fast Refresh] done in 36ms @ http://localhost:3000/_next/static/chunks/node_modules_next_dist_1e8vcs8._.js:776
[ 1081035ms] [LOG] [Fast Refresh] done in 36ms @ http://localhost:3000/_next/static/chunks/node_modules_next_dist_1e8vcs8._.js:776
[ 1081097ms] [LOG] [Fast Refresh] done in 36ms @ http://localhost:3000/_next/static/chunks/node_modules_next_dist_1e8vcs8._.js:776
[ 1081158ms] [LOG] [Fast Refresh] done in 36ms @ http://localhost:3000/_next/static/chunks/node_modules_next_dist_1e8vcs8._.js:776
[ 1081219ms] [LOG] [Fast Refresh] done in 36ms @ http://localhost:3000/_next/static/chunks/node_modules_next_dist_1e8vcs8._.js:776
[ 1081359ms] [LOG] [Fast Refresh] done in 36ms @ http://localhost:3000/_next/static/chunks/node_modules_next_dist_1e8vcs8._.js:776
[ 1081421ms] [LOG] [Fast Refresh] done in 36ms @ http://localhost:3000/_next/static/chunks/node_modules_next_dist_1e8vcs8._.js:776
[ 1081483ms] [LOG] [Fast Refresh] done in 36ms @ http://localhost:3000/_next/static/chunks/node_modules_next_dist_1e8vcs8._.js:776
[ 1081546ms] [LOG] [Fast Refresh] done in 36ms @ http://localhost:3000/_next/static/chunks/node_modules_next_dist_1e8vcs8._.js:776
[ 1081609ms] [LOG] [Fast Refresh] done in 36ms @ http://localhost:3000/_next/static/chunks/node_modules_next_dist_1e8vcs8._.js:776
[ 1081671ms] [LOG] [Fast Refresh] done in 36ms @ http://localhost:3000/_next/static/chunks/node_modules_next_dist_1e8vcs8._.js:776
[ 1081733ms] [LOG] [Fast Refresh] done in 36ms @ http://localhost:3000/_next/static/chunks/node_modules_next_dist_1e8vcs8._.js:776
[ 1081795ms] [LOG] [Fast Refresh] done in 36ms @ http://localhost:3000/_next/static/chunks/node_modules_next_dist_1e8vcs8._.js:776
[ 1081857ms] [LOG] [Fast Refresh] done in 36ms @ http://localhost:3000/_next/static/chunks/node_modules_next_dist_1e8vcs8._.js:776
[ 1081919ms] [LOG] [Fast Refresh] done in 36ms @ http://localhost:3000/_next/static/chunks/node_modules_next_dist_1e8vcs8._.js:776
[ 1081982ms] [LOG] [Fast Refresh] done in 36ms @ http://localhost:3000/_next/static/chunks/node_modules_next_dist_1e8vcs8._.js:776
[ 1082043ms] [LOG] [Fast Refresh] done in 36ms @ http://localhost:3000/_next/static/chunks/node_modules_next_dist_1e8vcs8._.js:776
[ 1082106ms] [LOG] [Fast Refresh] done in 36ms @ http://localhost:3000/_next/static/chunks/node_modules_next_dist_1e8vcs8._.js:776
[ 1082168ms] [LOG] [Fast Refresh] done in 36ms @ http://localhost:3000/_next/static/chunks/node_modules_next_dist_1e8vcs8._.js:776
[ 1082229ms] [LOG] [Fast Refresh] done in 36ms @ http://localhost:3000/_next/static/chunks/node_modules_next_dist_1e8vcs8._.js:776
[ 1082292ms] [LOG] [Fast Refresh] done in 36ms @ http://localhost:3000/_next/static/chunks/node_modules_next_dist_1e8vcs8._.js:776
[ 1082354ms] [LOG] [Fast Refresh] done in 36ms @ http://localhost:3000/_next/static/chunks/node_modules_next_dist_1e8vcs8._.js:776
[ 1082417ms] [LOG] [Fast Refresh] done in 36ms @ http://localhost:3000/_next/static/chunks/node_modules_next_dist_1e8vcs8._.js:776
[ 1082479ms] [LOG] [Fast Refresh] done in 36ms @ http://localhost:3000/_next/static/chunks/node_modules_next_dist_1e8vcs8._.js:776
[ 1082541ms] [LOG] [Fast Refresh] done in 36ms @ http://localhost:3000/_next/static/chunks/node_modules_next_dist_1e8vcs8._.js:776
[ 1082603ms] [LOG] [Fast Refresh] done in 36ms @ http://localhost:3000/_next/static/chunks/node_modules_next_dist_1e8vcs8._.js:776
[ 1082665ms] [LOG] [Fast Refresh] done in 36ms @ http://localhost:3000/_next/static/chunks/node_modules_next_dist_1e8vcs8._.js:776
[ 1082727ms] [LOG] [Fast Refresh] done in 36ms @ http://localhost:3000/_next/static/chunks/node_modules_next_dist_1e8vcs8._.js:776
[ 1082789ms] [LOG] [Fast Refresh] done in 36ms @ http://localhost:3000/_next/static/chunks/node_modules_next_dist_1e8vcs8._.js:776
[ 1082850ms] [LOG] [Fast Refresh] done in 36ms @ http://localhost:3000/_next/static/chunks/node_modules_next_dist_1e8vcs8._.js:776
[ 1082912ms] [LOG] [Fast Refresh] done in 36ms @ http://localhost:3000/_next/static/chunks/node_modules_next_dist_1e8vcs8._.js:776
[ 1082974ms] [LOG] [Fast Refresh] done in 36ms @ http://localhost:3000/_next/static/chunks/node_modules_next_dist_1e8vcs8._.js:776
[ 1083037ms] [LOG] [Fast Refresh] done in 36ms @ http://localhost:3000/_next/static/chunks/node_modules_next_dist_1e8vcs8._.js:776
[ 1083099ms] [LOG] [Fast Refresh] done in 36ms @ http://localhost:3000/_next/static/chunks/node_modules_next_dist_1e8vcs8._.js:776
[ 1083160ms] [LOG] [Fast Refresh] done in 36ms @ http://localhost:3000/_next/static/chunks/node_modules_next_dist_1e8vcs8._.js:776
[ 1083222ms] [LOG] [Fast Refresh] done in 36ms @ http://localhost:3000/_next/static/chunks/node_modules_next_dist_1e8vcs8._.js:776
[ 1083284ms] [LOG] [Fast Refresh] done in 36ms @ http://localhost:3000/_next/static/chunks/node_modules_next_dist_1e8vcs8._.js:776
[ 1083346ms] [LOG] [Fast Refresh] done in 36ms @ http://localhost:3000/_next/static/chunks/node_modules_next_dist_1e8vcs8._.js:776
[ 1083408ms] [LOG] [Fast Refresh] done in 36ms @ http://localhost:3000/_next/static/chunks/node_modules_next_dist_1e8vcs8._.js:776
[ 1083471ms] [LOG] [Fast Refresh] done in 36ms @ http://localhost:3000/_next/static/chunks/node_modules_next_dist_1e8vcs8._.js:776
[ 1083533ms] [LOG] [Fast Refresh] done in 36ms @ http://localhost:3000/_next/static/chunks/node_modules_next_dist_1e8vcs8._.js:776
[ 1083745ms] [LOG] [Fast Refresh] rebuilding @ http://localhost:3000/_next/static/chunks/node_modules_next_dist_1e8vcs8._.js:776
[ 1083897ms] [LOG] [Fast Refresh] done in 163ms @ http://localhost:3000/_next/static/chunks/node_modules_next_dist_1e8vcs8._.js:776
[ 1083949ms] [LOG] [Fast Refresh] done in 163ms @ http://localhost:3000/_next/static/chunks/node_modules_next_dist_1e8vcs8._.js:776
[ 1084012ms] [LOG] [Fast Refresh] done in 163ms @ http://localhost:3000/_next/static/chunks/node_modules_next_dist_1e8vcs8._.js:776
[ 1084074ms] [LOG] [Fast Refresh] done in 163ms @ http://localhost:3000/_next/static/chunks/node_modules_next_dist_1e8vcs8._.js:776
[ 1084136ms] [LOG] [Fast Refresh] done in 163ms @ http://localhost:3000/_next/static/chunks/node_modules_next_dist_1e8vcs8._.js:776
[ 1084198ms] [LOG] [Fast Refresh] done in 163ms @ http://localhost:3000/_next/static/chunks/node_modules_next_dist_1e8vcs8._.js:776
[ 1084262ms] [LOG] [Fast Refresh] done in 163ms @ http://localhost:3000/_next/static/chunks/node_modules_next_dist_1e8vcs8._.js:776
[ 1084324ms] [LOG] [Fast Refresh] done in 163ms @ http://localhost:3000/_next/static/chunks/node_modules_next_dist_1e8vcs8._.js:776
[ 1084386ms] [LOG] [Fast Refresh] done in 163ms @ http://localhost:3000/_next/static/chunks/node_modules_next_dist_1e8vcs8._.js:776
[ 1084449ms] [LOG] [Fast Refresh] done in 163ms @ http://localhost:3000/_next/static/chunks/node_modules_next_dist_1e8vcs8._.js:776
[ 1084511ms] [LOG] [Fast Refresh] done in 163ms @ http://localhost:3000/_next/static/chunks/node_modules_next_dist_1e8vcs8._.js:776
[ 1084573ms] [LOG] [Fast Refresh] done in 163ms @ http://localhost:3000/_next/static/chunks/node_modules_next_dist_1e8vcs8._.js:776
[ 1084636ms] [LOG] [Fast Refresh] done in 163ms @ http://localhost:3000/_next/static/chunks/node_modules_next_dist_1e8vcs8._.js:776
[ 1084699ms] [LOG] [Fast Refresh] done in 163ms @ http://localhost:3000/_next/static/chunks/node_modules_next_dist_1e8vcs8._.js:776
[ 1084760ms] [LOG] [Fast Refresh] done in 163ms @ http://localhost:3000/_next/static/chunks/node_modules_next_dist_1e8vcs8._.js:776
[ 1084821ms] [LOG] [Fast Refresh] done in 163ms @ http://localhost:3000/_next/static/chunks/node_modules_next_dist_1e8vcs8._.js:776
[ 1084884ms] [LOG] [Fast Refresh] done in 163ms @ http://localhost:3000/_next/static/chunks/node_modules_next_dist_1e8vcs8._.js:776
[ 1084946ms] [LOG] [Fast Refresh] done in 163ms @ http://localhost:3000/_next/static/chunks/node_modules_next_dist_1e8vcs8._.js:776
[ 1085009ms] [LOG] [Fast Refresh] done in 163ms @ http://localhost:3000/_next/static/chunks/node_modules_next_dist_1e8vcs8._.js:776
[ 1085072ms] [LOG] [Fast Refresh] done in 163ms @ http://localhost:3000/_next/static/chunks/node_modules_next_dist_1e8vcs8._.js:776
[ 1085133ms] [LOG] [Fast Refresh] done in 163ms @ http://localhost:3000/_next/static/chunks/node_modules_next_dist_1e8vcs8._.js:776
[ 1085195ms] [LOG] [Fast Refresh] done in 163ms @ http://localhost:3000/_next/static/chunks/node_modules_next_dist_1e8vcs8._.js:776
[ 1085257ms] [LOG] [Fast Refresh] done in 163ms @ http://localhost:3000/_next/static/chunks/node_modules_next_dist_1e8vcs8._.js:776
[ 1085319ms] [LOG] [Fast Refresh] done in 163ms @ http://localhost:3000/_next/static/chunks/node_modules_next_dist_1e8vcs8._.js:776
[ 1085445ms] [LOG] [Fast Refresh] done in 163ms @ http://localhost:3000/_next/static/chunks/node_modules_next_dist_1e8vcs8._.js:776
[ 1085507ms] [LOG] [Fast Refresh] done in 163ms @ http://localhost:3000/_next/static/chunks/node_modules_next_dist_1e8vcs8._.js:776
[ 1085570ms] [LOG] [Fast Refresh] done in 163ms @ http://localhost:3000/_next/static/chunks/node_modules_next_dist_1e8vcs8._.js:776
[ 1085631ms] [LOG] [Fast Refresh] done in 163ms @ http://localhost:3000/_next/static/chunks/node_modules_next_dist_1e8vcs8._.js:776
[ 1085694ms] [LOG] [Fast Refresh] done in 163ms @ http://localhost:3000/_next/static/chunks/node_modules_next_dist_1e8vcs8._.js:776
[ 1085756ms] [LOG] [Fast Refresh] done in 163ms @ http://localhost:3000/_next/static/chunks/node_modules_next_dist_1e8vcs8._.js:776
[ 1085818ms] [LOG] [Fast Refresh] done in 163ms @ http://localhost:3000/_next/static/chunks/node_modules_next_dist_1e8vcs8._.js:776
[ 1085881ms] [LOG] [Fast Refresh] done in 163ms @ http://localhost:3000/_next/static/chunks/node_modules_next_dist_1e8vcs8._.js:776
[ 1085942ms] [LOG] [Fast Refresh] done in 163ms @ http://localhost:3000/_next/static/chunks/node_modules_next_dist_1e8vcs8._.js:776
[ 1086004ms] [LOG] [Fast Refresh] done in 163ms @ http://localhost:3000/_next/static/chunks/node_modules_next_dist_1e8vcs8._.js:776
[ 1086067ms] [LOG] [Fast Refresh] done in 163ms @ http://localhost:3000/_next/static/chunks/node_modules_next_dist_1e8vcs8._.js:776
[ 1086129ms] [LOG] [Fast Refresh] done in 163ms @ http://localhost:3000/_next/static/chunks/node_modules_next_dist_1e8vcs8._.js:776
[ 1086190ms] [LOG] [Fast Refresh] done in 163ms @ http://localhost:3000/_next/static/chunks/node_modules_next_dist_1e8vcs8._.js:776
[ 1086253ms] [LOG] [Fast Refresh] done in 163ms @ http://localhost:3000/_next/static/chunks/node_modules_next_dist_1e8vcs8._.js:776
[ 1086314ms] [LOG] [Fast Refresh] done in 163ms @ http://localhost:3000/_next/static/chunks/node_modules_next_dist_1e8vcs8._.js:776
[ 1086376ms] [LOG] [Fast Refresh] done in 163ms @ http://localhost:3000/_next/static/chunks/node_modules_next_dist_1e8vcs8._.js:776
[ 1086438ms] [LOG] [Fast Refresh] done in 163ms @ http://localhost:3000/_next/static/chunks/node_modules_next_dist_1e8vcs8._.js:776
[ 1086501ms] [LOG] [Fast Refresh] done in 163ms @ http://localhost:3000/_next/static/chunks/node_modules_next_dist_1e8vcs8._.js:776
[ 1086562ms] [LOG] [Fast Refresh] done in 163ms @ http://localhost:3000/_next/static/chunks/node_modules_next_dist_1e8vcs8._.js:776
[ 1086624ms] [LOG] [Fast Refresh] done in 163ms @ http://localhost:3000/_next/static/chunks/node_modules_next_dist_1e8vcs8._.js:776
[ 1086687ms] [LOG] [Fast Refresh] done in 163ms @ http://localhost:3000/_next/static/chunks/node_modules_next_dist_1e8vcs8._.js:776
[ 1086749ms] [LOG] [Fast Refresh] done in 163ms @ http://localhost:3000/_next/static/chunks/node_modules_next_dist_1e8vcs8._.js:776
[ 1086812ms] [LOG] [Fast Refresh] done in 163ms @ http://localhost:3000/_next/static/chunks/node_modules_next_dist_1e8vcs8._.js:776
[ 1086874ms] [LOG] [Fast Refresh] done in 163ms @ http://localhost:3000/_next/static/chunks/node_modules_next_dist_1e8vcs8._.js:776
[ 1086937ms] [LOG] [Fast Refresh] done in 163ms @ http://localhost:3000/_next/static/chunks/node_modules_next_dist_1e8vcs8._.js:776
[ 1086998ms] [LOG] [Fast Refresh] done in 163ms @ http://localhost:3000/_next/static/chunks/node_modules_next_dist_1e8vcs8._.js:776
[ 1087060ms] [LOG] [Fast Refresh] done in 163ms @ http://localhost:3000/_next/static/chunks/node_modules_next_dist_1e8vcs8._.js:776
[ 1087121ms] [LOG] [Fast Refresh] done in 163ms @ http://localhost:3000/_next/static/chunks/node_modules_next_dist_1e8vcs8._.js:776
[ 1087183ms] [LOG] [Fast Refresh] done in 163ms @ http://localhost:3000/_next/static/chunks/node_modules_next_dist_1e8vcs8._.js:776
[ 1087244ms] [LOG] [Fast Refresh] done in 163ms @ http://localhost:3000/_next/static/chunks/node_modules_next_dist_1e8vcs8._.js:776
[ 1087307ms] [LOG] [Fast Refresh] done in 163ms @ http://localhost:3000/_next/static/chunks/node_modules_next_dist_1e8vcs8._.js:776
[ 1087369ms] [LOG] [Fast Refresh] done in 163ms @ http://localhost:3000/_next/static/chunks/node_modules_next_dist_1e8vcs8._.js:776
[ 1087431ms] [LOG] [Fast Refresh] done in 163ms @ http://localhost:3000/_next/static/chunks/node_modules_next_dist_1e8vcs8._.js:776
[ 1087493ms] [LOG] [Fast Refresh] done in 163ms @ http://localhost:3000/_next/static/chunks/node_modules_next_dist_1e8vcs8._.js:776
[ 1087556ms] [LOG] [Fast Refresh] done in 163ms @ http://localhost:3000/_next/static/chunks/node_modules_next_dist_1e8vcs8._.js:776
[ 1087617ms] [LOG] [Fast Refresh] done in 163ms @ http://localhost:3000/_next/static/chunks/node_modules_next_dist_1e8vcs8._.js:776
[ 1087696ms] [LOG] [Fast Refresh] done in 163ms @ http://localhost:3000/_next/static/chunks/node_modules_next_dist_1e8vcs8._.js:776
